model,animation_id,phase_ordinal,activation_animation_s,deactivation_animation_s,response,status,calibrated,gameplay_validated,timeline_source_sha256,attack_param_ids,source_references
c1010,3000,0,0.666666687,0.800000012,parry,classified_estimate,false,false,35c818a1e2e6f104fd797ef65a0fc957595abac36d54ce8e936cdd2484d4ae0e,,src/attack_timings.rs;docs/enemy-coverage.json;scripts/generate-attack-timings.py;scripts/attack_responses.py
c1010,3001,0,0.466666669,0.600000024,parry,classified_estimate,false,false,35c818a1e2e6f104fd797ef65a0fc957595abac36d54ce8e936cdd2484d4ae0e,,src/attack_timings.rs;docs/enemy-coverage.json;scripts/generate-attack-timings.py;scripts/attack_responses.py
c1010,3002,0,0.966666639,1.100000024,parry,classified_estimate,false,false,35c818a1e2e6f104fd797ef65a0fc957595abac36d54ce8e936cdd2484d4ae0e,,src/attack_timings.rs;docs/enemy-coverage.json;scripts/generate-attack-timings.py;scripts/attack_responses.py
c1010,3003,0,0.966666639,1.066666722,parry,classified_estimate,false,false,35c818a1e2e6f104fd797ef65a0fc957595abac36d54ce8e936cdd2484d4ae0e,,src/attack_timings.rs;docs/enemy-coverage.json;scripts/generate-attack-timings.py;scripts/attack_responses.py
c1010,3005,0,0.966666639,1.033333302,unverified,extracted_unverified,false,false,35c818a1e2e6f104fd797ef65a0fc957595abac36d54ce8e936cdd2484d4ae0e,,src/attack_timings.rs;docs/enemy-coverage.json;scripts/generate-attack-timings.py;scripts/attack_responses.py
c1010,3007,0,0.566666663,0.633333325,unverified,extracted_unverified,false,false,35c818a1e2e6f104fd797ef65a0fc957595abac36d54ce8e936cdd2484d4ae0e,,src/attack_timings.rs;docs/enemy-coverage.json;scripts/generate-attack-timings.py;scripts/attack_responses.py
c1010,3008,0,1.133333325,1.266666651,unverified,extracted_unverified,false,false,35c818a1e2e6f104fd797ef65a0fc957595abac36d54ce8e936cdd2484d4ae0e,,src/attack_timings.rs;docs/enemy-coverage.json;scripts/generate-attack-timings.py;scripts/attack_responses.py
c1010,3008,1,1.533333302,1.666666627,unverified,extracted_unverified,false,false,35c818a1e2e6f104fd797ef65a0fc957595abac36d54ce8e936cdd2484d4ae0e,,src/attack_timings.rs;docs/enemy-coverage.json;scripts/generate-attack-timings.py;scripts/attack_responses.py
c1010,3008,2,1.933333278,2.066666603,unverified,extracted_unverified,false,false,35c818a1e2e6f104fd797ef65a0fc957595abac36d54ce8e936cdd2484d4ae0e,,src/attack_timings.rs;docs/enemy-coverage.json;scripts/generate-attack-timings.py;scripts/attack_responses.py
c1010,3008,3,2.433333397,2.566666603,unverified,extracted_unverified,false,false,35c818a1e2e6f104fd797ef65a0fc957595abac36d54ce8e936cdd2484d4ae0e,,src/attack_timings.rs;docs/enemy-coverage.json;scripts/generate-attack-timings.py;scripts/attack_responses.py
c1010,3008,4,3.266666651,3.400000095,unverified,extracted_unverified,false,false,35c818a1e2e6f104fd797ef65a0fc957595abac36d54ce8e936cdd2484d4ae0e,,src/attack_timings.rs;docs/enemy-coverage.json;scripts/generate-attack-timings.py;scripts/attack_responses.py
c1010,3010,0,1.000000000,1.366666675,unverified,extracted_unverified,false,false,35c818a1e2e6f104fd797ef65a0fc957595abac36d54ce8e936cdd2484d4ae0e,,src/attack_timings.rs;docs/enemy-coverage.json;scripts/generate-attack-timings.py;scripts/attack_responses.py
c1010,3011,0,0.166666672,1.233333349,unverified,extracted_unverified,false,false,35c818a1e2e6f104fd797ef65a0fc957595abac36d54ce8e936cdd2484d4ae0e,,src/attack_timings.rs;docs/enemy-coverage.json;scripts/generate-attack-timings.py;scripts/attack_responses.py
c1010,3012,0,0.699999988,0.899999976,unverified,extracted_unverified,false,false,35c818a1e2e6f104fd797ef65a0fc957595abac36d54ce8e936cdd2484d4ae0e,,src/attack_timings.rs;docs/enemy-coverage.json;scripts/generate-attack-timings.py;scripts/attack_responses.py
c1010,3012,1,1.799999952,1.866666675,unverified,extracted_unverified,false,false,35c818a1e2e6f104fd797ef65a0fc957595abac36d54ce8e936cdd2484d4ae0e,,src/attack_timings.rs;docs/enemy-coverage.json;scripts/generate-attack-timings.py;scripts/attack_responses.py
c1010,3013,0,0.766666651,0.933333337,unverified,extracted_unverified,false,false,35c818a1e2e6f104fd797ef65a0fc957595abac36d54ce8e936cdd2484d4ae0e,,src/attack_timings.rs;docs/enemy-coverage.json;scripts/generate-attack-timings.py;scripts/attack_responses.py
c1010,3014,0,1.066666722,1.333333373,jump,classified_estimate,false,false,35c818a1e2e6f104fd797ef65a0fc957595abac36d54ce8e936cdd2484d4ae0e,10100240,src/attack_timings.rs;docs/enemy-coverage.json;docs/response-coverage.json;scripts/generate-attack-timings.py;scripts/attack_responses.py
c1010,3020,0,1.066666722,1.333333373,jump,classified_estimate,false,false,35c818a1e2e6f104fd797ef65a0fc957595abac36d54ce8e936cdd2484d4ae0e,10100240,src/attack_timings.rs;docs/enemy-coverage.json;docs/response-coverage.json;scripts/generate-attack-timings.py;scripts/attack_responses.py
c1010,3031,0,1.133333325,1.266666651,unverified,extracted_unverified,false,false,35c818a1e2e6f104fd797ef65a0fc957595abac36d54ce8e936cdd2484d4ae0e,,src/attack_timings.rs;docs/enemy-coverage.json;scripts/generate-attack-timings.py;scripts/attack_responses.py
c1010,3031,1,1.533333302,1.666666627,unverified,extracted_unverified,false,false,35c818a1e2e6f104fd797ef65a0fc957595abac36d54ce8e936cdd2484d4ae0e,,src/attack_timings.rs;docs/enemy-coverage.json;scripts/generate-attack-timings.py;scripts/attack_responses.py
c1010,3031,2,1.933333278,2.066666603,unverified,extracted_unverified,false,false,35c818a1e2e6f104fd797ef65a0fc957595abac36d54ce8e936cdd2484d4ae0e,,src/attack_timings.rs;docs/enemy-coverage.json;scripts/generate-attack-timings.py;scripts/attack_responses.py
c1010,3031,3,2.433333397,2.566666603,unverified,extracted_unverified,false,false,35c818a1e2e6f104fd797ef65a0fc957595abac36d54ce8e936cdd2484d4ae0e,,src/attack_timings.rs;docs/enemy-coverage.json;scripts/generate-attack-timings.py;scripts/attack_responses.py
c1010,3031,4,3.266666651,3.400000095,unverified,extracted_unverified,false,false,35c818a1e2e6f104fd797ef65a0fc957595abac36d54ce8e936cdd2484d4ae0e,,src/attack_timings.rs;docs/enemy-coverage.json;scripts/generate-attack-timings.py;scripts/attack_responses.py
c1010,3032,0,1.133333325,1.266666651,unverified,extracted_unverified,false,false,35c818a1e2e6f104fd797ef65a0fc957595abac36d54ce8e936cdd2484d4ae0e,,src/attack_timings.rs;docs/enemy-coverage.json;scripts/generate-attack-timings.py;scripts/attack_responses.py
c1010,3032,1,1.533333302,1.666666627,unverified,extracted_unverified,false,false,35c818a1e2e6f104fd797ef65a0fc957595abac36d54ce8e936cdd2484d4ae0e,,src/attack_timings.rs;docs/enemy-coverage.json;scripts/generate-attack-timings.py;scripts/attack_responses.py
c1010,3032,2,1.933333278,2.066666603,unverified,extracted_unverified,false,false,35c818a1e2e6f104fd797ef65a0fc957595abac36d54ce8e936cdd2484d4ae0e,,src/attack_timings.rs;docs/enemy-coverage.json;scripts/generate-attack-timings.py;scripts/attack_responses.py
c1010,3032,3,2.433333397,2.566666603,unverified,extracted_unverified,false,false,35c818a1e2e6f104fd797ef65a0fc957595abac36d54ce8e936cdd2484d4ae0e,,src/attack_timings.rs;docs/enemy-coverage.json;scripts/generate-attack-timings.py;scripts/attack_responses.py
c1010,3032,4,3.266666651,3.400000095,unverified,extracted_unverified,false,false,35c818a1e2e6f104fd797ef65a0fc957595abac36d54ce8e936cdd2484d4ae0e,,src/attack_timings.rs;docs/enemy-coverage.json;scripts/generate-attack-timings.py;scripts/attack_responses.py
c1010,3033,0,0.966666639,1.100000024,unverified,extracted_unverified,false,false,35c818a1e2e6f104fd797ef65a0fc957595abac36d54ce8e936cdd2484d4ae0e,,src/attack_timings.rs;docs/enemy-coverage.json;scripts/generate-attack-timings.py;scripts/attack_responses.py
c1010,3034,0,0.966666639,1.066666722,unverified,extracted_unverified,false,false,35c818a1e2e6f104fd797ef65a0fc957595abac36d54ce8e936cdd2484d4ae0e,,src/attack_timings.rs;docs/enemy-coverage.json;scripts/generate-attack-timings.py;scripts/attack_responses.py
c1010,3035,0,1.000000000,1.366666675,unverified,extracted_unverified,false,false,35c818a1e2e6f104fd797ef65a0fc957595abac36d54ce8e936cdd2484d4ae0e,,src/attack_timings.rs;docs/enemy-coverage.json;scripts/generate-attack-timings.py;scripts/attack_responses.py
c1010,3050,0,0.800000012,0.899999976,parry,classified_estimate,false,false,35c818a1e2e6f104fd797ef65a0fc957595abac36d54ce8e936cdd2484d4ae0e,,src/attack_timings.rs;docs/enemy-coverage.json;scripts/generate-attack-timings.py;scripts/attack_responses.py
c1010,3051,0,0.566666663,0.633333325,unverified,extracted_unverified,false,false,35c818a1e2e6f104fd797ef65a0fc957595abac36d54ce8e936cdd2484d4ae0e,,src/attack_timings.rs;docs/enemy-coverage.json;scripts/generate-attack-timings.py;scripts/attack_responses.py
c1010,3055,0,0.500000000,0.633333325,parry,classified_estimate,false,false,35c818a1e2e6f104fd797ef65a0fc957595abac36d54ce8e936cdd2484d4ae0e,,src/attack_timings.rs;docs/enemy-coverage.json;scripts/generate-attack-timings.py;scripts/attack_responses.py
c1010,3056,0,0.533333361,0.600000024,unverified,extracted_unverified,false,false,35c818a1e2e6f104fd797ef65a0fc957595abac36d54ce8e936cdd2484d4ae0e,,src/attack_timings.rs;docs/enemy-coverage.json;scripts/generate-attack-timings.py;scripts/attack_responses.py
c1010,3056,1,1.500000000,1.566666722,unverified,extracted_unverified,false,false,35c818a1e2e6f104fd797ef65a0fc957595abac36d54ce8e936cdd2484d4ae0e,,src/attack_timings.rs;docs/enemy-coverage.json;scripts/generate-attack-timings.py;scripts/attack_responses.py
c1010,3071,0,0.666666687,0.733333349,unverified,extracted_unverified,false,false,35c818a1e2e6f104fd797ef65a0fc957595abac36d54ce8e936cdd2484d4ae0e,,src/attack_timings.rs;docs/enemy-coverage.json;scripts/generate-attack-timings.py;scripts/attack_responses.py
c1010,3075,0,0.566666663,0.666666687,unverified,extracted_unverified,false,false,35c818a1e2e6f104fd797ef65a0fc957595abac36d54ce8e936cdd2484d4ae0e,,src/attack_timings.rs;docs/enemy-coverage.json;scripts/generate-attack-timings.py;scripts/attack_responses.py
c1010,3075,1,1.600000024,1.666666627,unverified,extracted_unverified,false,false,35c818a1e2e6f104fd797ef65a0fc957595abac36d54ce8e936cdd2484d4ae0e,,src/attack_timings.rs;docs/enemy-coverage.json;scripts/generate-attack-timings.py;scripts/attack_responses.py
c1010,3080,0,0.666666687,0.800000012,unverified,extracted_unverified,false,false,35c818a1e2e6f104fd797ef65a0fc957595abac36d54ce8e936cdd2484d4ae0e,,src/attack_timings.rs;docs/enemy-coverage.json;scripts/generate-attack-timings.py;scripts/attack_responses.py
c1010,100003000,0,0.633333325,0.766666651,parry,classified_estimate,false,false,35c818a1e2e6f104fd797ef65a0fc957595abac36d54ce8e936cdd2484d4ae0e,,src/attack_timings.rs;docs/enemy-coverage.json;scripts/generate-attack-timings.py;scripts/attack_responses.py
c1010,100003001,0,0.600000024,0.733333349,parry,classified_estimate,false,false,35c818a1e2e6f104fd797ef65a0fc957595abac36d54ce8e936cdd2484d4ae0e,,src/attack_timings.rs;docs/enemy-coverage.json;scripts/generate-attack-timings.py;scripts/attack_responses.py
c1010,100003002,0,0.966666639,1.100000024,unverified,extracted_unverified,false,false,35c818a1e2e6f104fd797ef65a0fc957595abac36d54ce8e936cdd2484d4ae0e,,src/attack_timings.rs;docs/enemy-coverage.json;scripts/generate-attack-timings.py;scripts/attack_responses.py
c1010,100003003,0,0.800000012,0.899999976,unverified,extracted_unverified,false,false,35c818a1e2e6f104fd797ef65a0fc957595abac36d54ce8e936cdd2484d4ae0e,,src/attack_timings.rs;docs/enemy-coverage.json;scripts/generate-attack-timings.py;scripts/attack_responses.py
c1010,100003004,0,0.566666663,0.633333325,unverified,extracted_unverified,false,false,35c818a1e2e6f104fd797ef65a0fc957595abac36d54ce8e936cdd2484d4ae0e,,src/attack_timings.rs;docs/enemy-coverage.json;scripts/generate-attack-timings.py;scripts/attack_responses.py
c1010,100003005,0,0.633333325,0.766666651,unverified,extracted_unverified,false,false,35c818a1e2e6f104fd797ef65a0fc957595abac36d54ce8e936cdd2484d4ae0e,,src/attack_timings.rs;docs/enemy-coverage.json;scripts/generate-attack-timings.py;scripts/attack_responses.py
c1010,100003006,0,0.666666687,0.800000012,unverified,extracted_unverified,false,false,35c818a1e2e6f104fd797ef65a0fc957595abac36d54ce8e936cdd2484d4ae0e,,src/attack_timings.rs;docs/enemy-coverage.json;scripts/generate-attack-timings.py;scripts/attack_responses.py
c1010,100003006,1,1.200000048,1.333333373,parry,classified_estimate,false,false,35c818a1e2e6f104fd797ef65a0fc957595abac36d54ce8e936cdd2484d4ae0e,,src/attack_timings.rs;docs/enemy-coverage.json;scripts/generate-attack-timings.py;scripts/attack_responses.py
c1010,100003007,0,0.600000024,0.733333349,unverified,extracted_unverified,false,false,35c818a1e2e6f104fd797ef65a0fc957595abac36d54ce8e936cdd2484d4ae0e,,src/attack_timings.rs;docs/enemy-coverage.json;scripts/generate-attack-timings.py;scripts/attack_responses.py
c1010,100003010,0,0.633333325,0.766666651,unverified,extracted_unverified,false,false,35c818a1e2e6f104fd797ef65a0fc957595abac36d54ce8e936cdd2484d4ae0e,,src/attack_timings.rs;docs/enemy-coverage.json;scripts/generate-attack-timings.py;scripts/attack_responses.py
c1010,100003011,0,0.600000024,0.699999988,unverified,extracted_unverified,false,false,35c818a1e2e6f104fd797ef65a0fc957595abac36d54ce8e936cdd2484d4ae0e,,src/attack_timings.rs;docs/enemy-coverage.json;scripts/generate-attack-timings.py;scripts/attack_responses.py
c1010,100003050,0,0.733333349,0.800000012,parry,classified_estimate,false,false,35c818a1e2e6f104fd797ef65a0fc957595abac36d54ce8e936cdd2484d4ae0e,,src/attack_timings.rs;docs/enemy-coverage.json;scripts/generate-attack-timings.py;scripts/attack_responses.py
c1010,100003051,0,0.600000024,0.733333349,unverified,extracted_unverified,false,false,35c818a1e2e6f104fd797ef65a0fc957595abac36d54ce8e936cdd2484d4ae0e,,src/attack_timings.rs;docs/enemy-coverage.json;scripts/generate-attack-timings.py;scripts/attack_responses.py
c1010,100003052,0,0.666666687,0.733333349,unverified,extracted_unverified,false,false,35c818a1e2e6f104fd797ef65a0fc957595abac36d54ce8e936cdd2484d4ae0e,,src/attack_timings.rs;docs/enemy-coverage.json;scripts/generate-attack-timings.py;scripts/attack_responses.py
c1010,100003052,1,1.533333302,1.600000024,unverified,extracted_unverified,false,false,35c818a1e2e6f104fd797ef65a0fc957595abac36d54ce8e936cdd2484d4ae0e,,src/attack_timings.rs;docs/enemy-coverage.json;scripts/generate-attack-timings.py;scripts/attack_responses.py
c1010,100003055,0,0.766666651,0.899999976,unverified,extracted_unverified,false,false,35c818a1e2e6f104fd797ef65a0fc957595abac36d54ce8e936cdd2484d4ae0e,,src/attack_timings.rs;docs/enemy-coverage.json;scripts/generate-attack-timings.py;scripts/attack_responses.py
c1010,100003056,0,0.866666675,1.000000000,parry,classified_estimate,false,false,35c818a1e2e6f104fd797ef65a0fc957595abac36d54ce8e936cdd2484d4ae0e,,src/attack_timings.rs;docs/enemy-coverage.json;scripts/generate-attack-timings.py;scripts/attack_responses.py
c1010,100003057,0,0.666666687,0.733333349,unverified,extracted_unverified,false,false,35c818a1e2e6f104fd797ef65a0fc957595abac36d54ce8e936cdd2484d4ae0e,,src/attack_timings.rs;docs/enemy-coverage.json;scripts/generate-attack-timings.py;scripts/attack_responses.py
c1010,100003057,1,1.433333278,1.500000000,unverified,extracted_unverified,false,false,35c818a1e2e6f104fd797ef65a0fc957595abac36d54ce8e936cdd2484d4ae0e,,src/attack_timings.rs;docs/enemy-coverage.json;scripts/generate-attack-timings.py;scripts/attack_responses.py
c1010,100003070,0,0.866666675,1.000000000,unverified,extracted_unverified,false,false,35c818a1e2e6f104fd797ef65a0fc957595abac36d54ce8e936cdd2484d4ae0e,,src/attack_timings.rs;docs/enemy-coverage.json;scripts/generate-attack-timings.py;scripts/attack_responses.py
c1010,100003076,0,0.533333361,0.666666687,unverified,extracted_unverified,false,false,35c818a1e2e6f104fd797ef65a0fc957595abac36d54ce8e936cdd2484d4ae0e,,src/attack_timings.rs;docs/enemy-coverage.json;scripts/generate-attack-timings.py;scripts/attack_responses.py
c1010,200003000,0,0.766666651,0.833333313,unverified,extracted_unverified,false,false,35c818a1e2e6f104fd797ef65a0fc957595abac36d54ce8e936cdd2484d4ae0e,,src/attack_timings.rs;docs/enemy-coverage.json;scripts/generate-attack-timings.py;scripts/attack_responses.py
c1010,200003001,0,1.000000000,1.133333325,unverified,extracted_unverified,false,false,35c818a1e2e6f104fd797ef65a0fc957595abac36d54ce8e936cdd2484d4ae0e,,src/attack_timings.rs;docs/enemy-coverage.json;scripts/generate-attack-timings.py;scripts/attack_responses.py
c1010,200003002,0,1.066666722,2.333333254,unverified,extracted_unverified,false,false,35c818a1e2e6f104fd797ef65a0fc957595abac36d54ce8e936cdd2484d4ae0e,,src/attack_timings.rs;docs/enemy-coverage.json;scripts/generate-attack-timings.py;scripts/attack_responses.py
c1010,200003003,0,0.533333361,0.633333325,unverified,extracted_unverified,false,false,35c818a1e2e6f104fd797ef65a0fc957595abac36d54ce8e936cdd2484d4ae0e,,src/attack_timings.rs;docs/enemy-coverage.json;scripts/generate-attack-timings.py;scripts/attack_responses.py
c1010,200003004,0,1.233333349,1.366666675,unverified,extracted_unverified,false,false,35c818a1e2e6f104fd797ef65a0fc957595abac36d54ce8e936cdd2484d4ae0e,,src/attack_timings.rs;docs/enemy-coverage.json;scripts/generate-attack-timings.py;scripts/attack_responses.py
c1010,200003006,0,0.766666651,0.899999976,unverified,extracted_unverified,false,false,35c818a1e2e6f104fd797ef65a0fc957595abac36d54ce8e936cdd2484d4ae0e,,src/attack_timings.rs;docs/enemy-coverage.json;scripts/generate-attack-timings.py;scripts/attack_responses.py
c1010,200003008,0,0.966666639,1.833333373,unverified,extracted_unverified,false,false,35c818a1e2e6f104fd797ef65a0fc957595abac36d54ce8e936cdd2484d4ae0e,,src/attack_timings.rs;docs/enemy-coverage.json;scripts/generate-attack-timings.py;scripts/attack_responses.py
c1010,200003009,0,1.166666627,2.833333254,unverified,extracted_unverified,false,false,35c818a1e2e6f104fd797ef65a0fc957595abac36d54ce8e936cdd2484d4ae0e,,src/attack_timings.rs;docs/enemy-coverage.json;scripts/generate-attack-timings.py;scripts/attack_responses.py
c1010,200003010,0,1.066666722,1.333333373,unverified,extracted_unverified,false,false,35c818a1e2e6f104fd797ef65a0fc957595abac36d54ce8e936cdd2484d4ae0e,,src/attack_timings.rs;docs/enemy-coverage.json;scripts/generate-attack-timings.py;scripts/attack_responses.py
c1010,200003050,0,0.699999988,0.833333313,unverified,extracted_unverified,false,false,35c818a1e2e6f104fd797ef65a0fc957595abac36d54ce8e936cdd2484d4ae0e,,src/attack_timings.rs;docs/enemy-coverage.json;scripts/generate-attack-timings.py;scripts/attack_responses.py
c1010,200003051,0,0.666666687,0.733333349,unverified,extracted_unverified,false,false,35c818a1e2e6f104fd797ef65a0fc957595abac36d54ce8e936cdd2484d4ae0e,,src/attack_timings.rs;docs/enemy-coverage.json;scripts/generate-attack-timings.py;scripts/attack_responses.py
c1010,200003055,0,0.366666675,0.500000000,unverified,extracted_unverified,false,false,35c818a1e2e6f104fd797ef65a0fc957595abac36d54ce8e936cdd2484d4ae0e,,src/attack_timings.rs;docs/enemy-coverage.json;scripts/generate-attack-timings.py;scripts/attack_responses.py
c1010,200003055,1,1.299999952,1.433333278,unverified,extracted_unverified,false,false,35c818a1e2e6f104fd797ef65a0fc957595abac36d54ce8e936cdd2484d4ae0e,,src/attack_timings.rs;docs/enemy-coverage.json;scripts/generate-attack-timings.py;scripts/attack_responses.py
c1010,200003056,0,0.933333337,1.066666722,unverified,extracted_unverified,false,false,35c818a1e2e6f104fd797ef65a0fc957595abac36d54ce8e936cdd2484d4ae0e,,src/attack_timings.rs;docs/enemy-coverage.json;scripts/generate-attack-timings.py;scripts/attack_responses.py
c1010,300003002,0,0.733333349,0.866666675,parry,classified_estimate,false,false,35c818a1e2e6f104fd797ef65a0fc957595abac36d54ce8e936cdd2484d4ae0e,,src/attack_timings.rs;docs/enemy-coverage.json;scripts/generate-attack-timings.py;scripts/attack_responses.py
c1010,300003003,0,0.433333337,0.566666663,parry,classified_estimate,false,false,35c818a1e2e6f104fd797ef65a0fc957595abac36d54ce8e936cdd2484d4ae0e,,src/attack_timings.rs;docs/enemy-coverage.json;scripts/generate-attack-timings.py;scripts/attack_responses.py
c1010,300003070,0,0.466666669,0.600000024,parry,classified_estimate,false,false,35c818a1e2e6f104fd797ef65a0fc957595abac36d54ce8e936cdd2484d4ae0e,,src/attack_timings.rs;docs/enemy-coverage.json;scripts/generate-attack-timings.py;scripts/attack_responses.py
c1010,300003075,0,0.400000006,0.533333361,parry,classified_estimate,false,false,35c818a1e2e6f104fd797ef65a0fc957595abac36d54ce8e936cdd2484d4ae0e,,src/attack_timings.rs;docs/enemy-coverage.json;scripts/generate-attack-timings.py;scripts/attack_responses.py
c1020,3000,0,0.600000024,0.800000012,parry,classified_estimate,false,false,768b0235b8eb88a2b6504cc6383087824bfd98f5034217052360d4d63f1f18fb,,src/attack_timings.rs;docs/enemy-coverage.json;scripts/generate-attack-timings.py;scripts/attack_responses.py
c1020,3001,0,0.699999988,0.833333313,parry,classified_estimate,false,false,768b0235b8eb88a2b6504cc6383087824bfd98f5034217052360d4d63f1f18fb,,src/attack_timings.rs;docs/enemy-coverage.json;scripts/generate-attack-timings.py;scripts/attack_responses.py
c1020,3002,0,0.899999976,1.033333302,parry,classified_estimate,false,false,768b0235b8eb88a2b6504cc6383087824bfd98f5034217052360d4d63f1f18fb,,src/attack_timings.rs;docs/enemy-coverage.json;scripts/generate-attack-timings.py;scripts/attack_responses.py
c1020,3003,0,0.933333337,1.000000000,unverified,extracted_unverified,false,false,768b0235b8eb88a2b6504cc6383087824bfd98f5034217052360d4d63f1f18fb,,src/attack_timings.rs;docs/enemy-coverage.json;scripts/generate-attack-timings.py;scripts/attack_responses.py
c1020,3004,0,1.066666722,1.333333373,unverified,extracted_unverified,false,false,768b0235b8eb88a2b6504cc6383087824bfd98f5034217052360d4d63f1f18fb,,src/attack_timings.rs;docs/enemy-coverage.json;scripts/generate-attack-timings.py;scripts/attack_responses.py
c1020,3005,0,0.466666669,0.533333361,unverified,extracted_unverified,false,false,768b0235b8eb88a2b6504cc6383087824bfd98f5034217052360d4d63f1f18fb,,src/attack_timings.rs;docs/enemy-coverage.json;scripts/generate-attack-timings.py;scripts/attack_responses.py
c1020,3005,1,0.800000012,0.866666675,unverified,extracted_unverified,false,false,768b0235b8eb88a2b6504cc6383087824bfd98f5034217052360d4d63f1f18fb,,src/attack_timings.rs;docs/enemy-coverage.json;scripts/generate-attack-timings.py;scripts/attack_responses.py
c1020,3006,0,0.733333349,0.933333337,parry,classified_estimate,false,false,768b0235b8eb88a2b6504cc6383087824bfd98f5034217052360d4d63f1f18fb,,src/attack_timings.rs;docs/enemy-coverage.json;scripts/generate-attack-timings.py;scripts/attack_responses.py
c1020,3006,1,1.633333325,1.833333373,parry,classified_estimate,false,false,768b0235b8eb88a2b6504cc6383087824bfd98f5034217052360d4d63f1f18fb,,src/attack_timings.rs;docs/enemy-coverage.json;scripts/generate-attack-timings.py;scripts/attack_responses.py
c1020,3007,0,1.533333302,1.666666627,unverified,extracted_unverified,false,false,768b0235b8eb88a2b6504cc6383087824bfd98f5034217052360d4d63f1f18fb,,src/attack_timings.rs;docs/enemy-coverage.json;scripts/generate-attack-timings.py;scripts/attack_responses.py
c1020,3008,0,0.500000000,0.566666663,parry,classified_estimate,false,false,768b0235b8eb88a2b6504cc6383087824bfd98f5034217052360d4d63f1f18fb,,src/attack_timings.rs;docs/enemy-coverage.json;scripts/generate-attack-timings.py;scripts/attack_responses.py
c1020,3009,0,0.533333361,0.666666687,parry,classified_estimate,false,false,768b0235b8eb88a2b6504cc6383087824bfd98f5034217052360d4d63f1f18fb,,src/attack_timings.rs;docs/enemy-coverage.json;scripts/generate-attack-timings.py;scripts/attack_responses.py
c1020,3010,0,1.100000024,1.233333349,unverified,extracted_unverified,false,false,768b0235b8eb88a2b6504cc6383087824bfd98f5034217052360d4d63f1f18fb,,src/attack_timings.rs;docs/enemy-coverage.json;scripts/generate-attack-timings.py;scripts/attack_responses.py
c1020,3012,0,1.133333325,1.266666651,dodge,classified_estimate,false,false,768b0235b8eb88a2b6504cc6383087824bfd98f5034217052360d4d63f1f18fb,10200220,src/attack_timings.rs;docs/enemy-coverage.json;docs/response-coverage.json;scripts/generate-attack-timings.py;scripts/attack_responses.py
c1020,3015,0,0.466666669,0.600000024,unverified,extracted_unverified,false,false,768b0235b8eb88a2b6504cc6383087824bfd98f5034217052360d4d63f1f18fb,,src/attack_timings.rs;docs/enemy-coverage.json;scripts/generate-attack-timings.py;scripts/attack_responses.py
c1020,3051,0,0.266666681,0.400000006,parry,classified_estimate,false,false,768b0235b8eb88a2b6504cc6383087824bfd98f5034217052360d4d63f1f18fb,,src/attack_timings.rs;docs/enemy-coverage.json;scripts/generate-attack-timings.py;scripts/attack_responses.py
c1020,3054,0,0.233333334,0.366666675,parry,classified_estimate,false,false,768b0235b8eb88a2b6504cc6383087824bfd98f5034217052360d4d63f1f18fb,,src/attack_timings.rs;docs/enemy-coverage.json;scripts/generate-attack-timings.py;scripts/attack_responses.py
c1020,3054,1,0.666666687,0.800000012,parry,classified_estimate,false,false,768b0235b8eb88a2b6504cc6383087824bfd98f5034217052360d4d63f1f18fb,,src/attack_timings.rs;docs/enemy-coverage.json;scripts/generate-attack-timings.py;scripts/attack_responses.py
c1020,3054,2,1.233333349,1.366666675,parry,classified_estimate,false,false,768b0235b8eb88a2b6504cc6383087824bfd98f5034217052360d4d63f1f18fb,,src/attack_timings.rs;docs/enemy-coverage.json;scripts/generate-attack-timings.py;scripts/attack_responses.py
c1020,3056,0,0.233333334,0.366666675,parry,classified_estimate,false,false,768b0235b8eb88a2b6504cc6383087824bfd98f5034217052360d4d63f1f18fb,,src/attack_timings.rs;docs/enemy-coverage.json;scripts/generate-attack-timings.py;scripts/attack_responses.py
c1020,3057,0,0.566666663,0.633333325,parry,classified_estimate,false,false,768b0235b8eb88a2b6504cc6383087824bfd98f5034217052360d4d63f1f18fb,,src/attack_timings.rs;docs/enemy-coverage.json;scripts/generate-attack-timings.py;scripts/attack_responses.py
c1020,3057,1,1.233333349,1.366666675,parry,classified_estimate,false,false,768b0235b8eb88a2b6504cc6383087824bfd98f5034217052360d4d63f1f18fb,,src/attack_timings.rs;docs/enemy-coverage.json;scripts/generate-attack-timings.py;scripts/attack_responses.py
c1020,3060,0,0.433333337,0.566666663,parry,classified_estimate,false,false,768b0235b8eb88a2b6504cc6383087824bfd98f5034217052360d4d63f1f18fb,,src/attack_timings.rs;docs/enemy-coverage.json;scripts/generate-attack-timings.py;scripts/attack_responses.py
c1020,3061,0,0.433333337,0.566666663,unverified,extracted_unverified,false,false,768b0235b8eb88a2b6504cc6383087824bfd98f5034217052360d4d63f1f18fb,,src/attack_timings.rs;docs/enemy-coverage.json;scripts/generate-attack-timings.py;scripts/attack_responses.py
c1020,3062,0,0.633333325,0.766666651,unverified,extracted_unverified,false,false,768b0235b8eb88a2b6504cc6383087824bfd98f5034217052360d4d63f1f18fb,,src/attack_timings.rs;docs/enemy-coverage.json;scripts/generate-attack-timings.py;scripts/attack_responses.py
c1020,3062,1,1.066666722,1.200000048,unverified,extracted_unverified,false,false,768b0235b8eb88a2b6504cc6383087824bfd98f5034217052360d4d63f1f18fb,,src/attack_timings.rs;docs/enemy-coverage.json;scripts/generate-attack-timings.py;scripts/attack_responses.py
c1020,3062,2,1.633333325,1.700000048,unverified,extracted_unverified,false,false,768b0235b8eb88a2b6504cc6383087824bfd98f5034217052360d4d63f1f18fb,,src/attack_timings.rs;docs/enemy-coverage.json;scripts/generate-attack-timings.py;scripts/attack_responses.py
c1020,3062,3,1.899999976,2.033333302,unverified,extracted_unverified,false,false,768b0235b8eb88a2b6504cc6383087824bfd98f5034217052360d4d63f1f18fb,,src/attack_timings.rs;docs/enemy-coverage.json;scripts/generate-attack-timings.py;scripts/attack_responses.py
c1020,3063,0,0.966666639,1.066666722,unverified,extracted_unverified,false,false,768b0235b8eb88a2b6504cc6383087824bfd98f5034217052360d4d63f1f18fb,,src/attack_timings.rs;docs/enemy-coverage.json;scripts/generate-attack-timings.py;scripts/attack_responses.py
c1020,3065,0,0.433333337,0.566666663,parry,classified_estimate,false,false,768b0235b8eb88a2b6504cc6383087824bfd98f5034217052360d4d63f1f18fb,,src/attack_timings.rs;docs/enemy-coverage.json;scripts/generate-attack-timings.py;scripts/attack_responses.py
c1020,3066,0,0.433333337,0.566666663,parry,classified_estimate,false,false,768b0235b8eb88a2b6504cc6383087824bfd98f5034217052360d4d63f1f18fb,,src/attack_timings.rs;docs/enemy-coverage.json;scripts/generate-attack-timings.py;scripts/attack_responses.py
c1020,3067,0,0.800000012,0.933333337,parry,classified_estimate,false,false,768b0235b8eb88a2b6504cc6383087824bfd98f5034217052360d4d63f1f18fb,,src/attack_timings.rs;docs/enemy-coverage.json;scripts/generate-attack-timings.py;scripts/attack_responses.py
c1020,3068,0,1.100000024,1.233333349,jump,classified_estimate,false,false,768b0235b8eb88a2b6504cc6383087824bfd98f5034217052360d4d63f1f18fb,10200570,src/attack_timings.rs;docs/enemy-coverage.json;docs/response-coverage.json;scripts/generate-attack-timings.py;scripts/attack_responses.py
c1020,3071,0,0.433333337,0.566666663,parry,classified_estimate,false,false,768b0235b8eb88a2b6504cc6383087824bfd98f5034217052360d4d63f1f18fb,,src/attack_timings.rs;docs/enemy-coverage.json;scripts/generate-attack-timings.py;scripts/attack_responses.py
c1020,3076,0,0.433333337,0.566666663,parry,classified_estimate,false,false,768b0235b8eb88a2b6504cc6383087824bfd98f5034217052360d4d63f1f18fb,,src/attack_timings.rs;docs/enemy-coverage.json;scripts/generate-attack-timings.py;scripts/attack_responses.py
c1020,3083,0,0.666666687,0.800000012,unverified,extracted_unverified,false,false,768b0235b8eb88a2b6504cc6383087824bfd98f5034217052360d4d63f1f18fb,,src/attack_timings.rs;docs/enemy-coverage.json;scripts/generate-attack-timings.py;scripts/attack_responses.py
c1020,3088,0,0.899999976,1.033333302,unverified,extracted_unverified,false,false,768b0235b8eb88a2b6504cc6383087824bfd98f5034217052360d4d63f1f18fb,,src/attack_timings.rs;docs/enemy-coverage.json;scripts/generate-attack-timings.py;scripts/attack_responses.py
c1020,100003000,0,0.933333337,1.133333325,parry,classified_estimate,false,false,768b0235b8eb88a2b6504cc6383087824bfd98f5034217052360d4d63f1f18fb,,src/attack_timings.rs;docs/enemy-coverage.json;scripts/generate-attack-timings.py;scripts/attack_responses.py
c1020,100003001,0,1.066666722,1.266666651,parry,classified_estimate,false,false,768b0235b8eb88a2b6504cc6383087824bfd98f5034217052360d4d63f1f18fb,,src/attack_timings.rs;docs/enemy-coverage.json;scripts/generate-attack-timings.py;scripts/attack_responses.py
c1020,100003002,0,1.299999952,1.500000000,unverified,extracted_unverified,false,false,768b0235b8eb88a2b6504cc6383087824bfd98f5034217052360d4d63f1f18fb,,src/attack_timings.rs;docs/enemy-coverage.json;scripts/generate-attack-timings.py;scripts/attack_responses.py
c1020,100003003,0,1.166666627,1.299999952,unverified,extracted_unverified,false,false,768b0235b8eb88a2b6504cc6383087824bfd98f5034217052360d4d63f1f18fb,,src/attack_timings.rs;docs/enemy-coverage.json;scripts/generate-attack-timings.py;scripts/attack_responses.py
c1020,100003004,0,1.333333373,1.700000048,parry,classified_estimate,false,false,768b0235b8eb88a2b6504cc6383087824bfd98f5034217052360d4d63f1f18fb,,src/attack_timings.rs;docs/enemy-coverage.json;scripts/generate-attack-timings.py;scripts/attack_responses.py
c1020,100003005,0,1.366666675,1.600000024,unverified,extracted_unverified,false,false,768b0235b8eb88a2b6504cc6383087824bfd98f5034217052360d4d63f1f18fb,,src/attack_timings.rs;docs/enemy-coverage.json;scripts/generate-attack-timings.py;scripts/attack_responses.py
c1020,100003006,0,1.000000000,1.266666651,jump,classified_estimate,false,false,768b0235b8eb88a2b6504cc6383087824bfd98f5034217052360d4d63f1f18fb,10201020,src/attack_timings.rs;docs/enemy-coverage.json;docs/response-coverage.json;scripts/generate-attack-timings.py;scripts/attack_responses.py
c1020,100003007,0,1.033333302,1.166666627,unverified,extracted_unverified,false,false,768b0235b8eb88a2b6504cc6383087824bfd98f5034217052360d4d63f1f18fb,,src/attack_timings.rs;docs/enemy-coverage.json;scripts/generate-attack-timings.py;scripts/attack_responses.py
c1020,100003007,1,1.500000000,1.600000024,unverified,extracted_unverified,false,false,768b0235b8eb88a2b6504cc6383087824bfd98f5034217052360d4d63f1f18fb,,src/attack_timings.rs;docs/enemy-coverage.json;scripts/generate-attack-timings.py;scripts/attack_responses.py
c1020,100003007,2,3.166666746,3.400000095,unverified,extracted_unverified,false,false,768b0235b8eb88a2b6504cc6383087824bfd98f5034217052360d4d63f1f18fb,,src/attack_timings.rs;docs/enemy-coverage.json;scripts/generate-attack-timings.py;scripts/attack_responses.py
c1020,100003008,0,1.966666698,2.133333445,unverified,extracted_unverified,false,false,768b0235b8eb88a2b6504cc6383087824bfd98f5034217052360d4d63f1f18fb,,src/attack_timings.rs;docs/enemy-coverage.json;scripts/generate-attack-timings.py;scripts/attack_responses.py
c1020,100003010,0,0.866666675,1.366666675,unverified,extracted_unverified,false,false,768b0235b8eb88a2b6504cc6383087824bfd98f5034217052360d4d63f1f18fb,,src/attack_timings.rs;docs/enemy-coverage.json;scripts/generate-attack-timings.py;scripts/attack_responses.py
c1020,100003010,1,1.966666698,2.166666746,unverified,extracted_unverified,false,false,768b0235b8eb88a2b6504cc6383087824bfd98f5034217052360d4d63f1f18fb,,src/attack_timings.rs;docs/enemy-coverage.json;scripts/generate-attack-timings.py;scripts/attack_responses.py
c1020,100003011,0,0.600000024,0.733333349,parry,classified_estimate,false,false,768b0235b8eb88a2b6504cc6383087824bfd98f5034217052360d4d63f1f18fb,,src/attack_timings.rs;docs/enemy-coverage.json;scripts/generate-attack-timings.py;scripts/attack_responses.py
c1020,100003012,0,0.866666675,1.100000024,parry,classified_estimate,false,false,768b0235b8eb88a2b6504cc6383087824bfd98f5034217052360d4d63f1f18fb,,src/attack_timings.rs;docs/enemy-coverage.json;scripts/generate-attack-timings.py;scripts/attack_responses.py
c1020,100003012,1,2.000000000,2.366666555,parry,classified_estimate,false,false,768b0235b8eb88a2b6504cc6383087824bfd98f5034217052360d4d63f1f18fb,,src/attack_timings.rs;docs/enemy-coverage.json;scripts/generate-attack-timings.py;scripts/attack_responses.py
c1020,100003014,0,0.699999988,0.933333337,unverified,extracted_unverified,false,false,768b0235b8eb88a2b6504cc6383087824bfd98f5034217052360d4d63f1f18fb,,src/attack_timings.rs;docs/enemy-coverage.json;scripts/generate-attack-timings.py;scripts/attack_responses.py
c1020,100003014,1,2.433333397,2.566666603,unverified,extracted_unverified,false,false,768b0235b8eb88a2b6504cc6383087824bfd98f5034217052360d4d63f1f18fb,,src/attack_timings.rs;docs/enemy-coverage.json;scripts/generate-attack-timings.py;scripts/attack_responses.py
c1020,100003015,0,0.933333337,1.133333325,unverified,extracted_unverified,false,false,768b0235b8eb88a2b6504cc6383087824bfd98f5034217052360d4d63f1f18fb,,src/attack_timings.rs;docs/enemy-coverage.json;scripts/generate-attack-timings.py;scripts/attack_responses.py
c1020,100003016,0,1.733333349,1.833333373,unverified,extracted_unverified,false,false,768b0235b8eb88a2b6504cc6383087824bfd98f5034217052360d4d63f1f18fb,,src/attack_timings.rs;docs/enemy-coverage.json;scripts/generate-attack-timings.py;scripts/attack_responses.py
c1020,100003017,0,0.899999976,1.133333325,unverified,extracted_unverified,false,false,768b0235b8eb88a2b6504cc6383087824bfd98f5034217052360d4d63f1f18fb,,src/attack_timings.rs;docs/enemy-coverage.json;scripts/generate-attack-timings.py;scripts/attack_responses.py
c1020,100003020,0,1.366666675,1.600000024,unverified,extracted_unverified,false,false,768b0235b8eb88a2b6504cc6383087824bfd98f5034217052360d4d63f1f18fb,,src/attack_timings.rs;docs/enemy-coverage.json;scripts/generate-attack-timings.py;scripts/attack_responses.py
c1020,100003050,0,0.600000024,0.766666651,parry,classified_estimate,false,false,768b0235b8eb88a2b6504cc6383087824bfd98f5034217052360d4d63f1f18fb,,src/attack_timings.rs;docs/enemy-coverage.json;scripts/generate-attack-timings.py;scripts/attack_responses.py
c1020,100003055,0,0.533333361,0.699999988,parry,classified_estimate,false,false,768b0235b8eb88a2b6504cc6383087824bfd98f5034217052360d4d63f1f18fb,,src/attack_timings.rs;docs/enemy-coverage.json;scripts/generate-attack-timings.py;scripts/attack_responses.py
c1020,100003056,0,0.866666675,1.233333349,unverified,extracted_unverified,false,false,768b0235b8eb88a2b6504cc6383087824bfd98f5034217052360d4d63f1f18fb,,src/attack_timings.rs;docs/enemy-coverage.json;scripts/generate-attack-timings.py;scripts/attack_responses.py
c1020,100003057,0,1.166666627,1.433333278,jump,classified_estimate,false,false,768b0235b8eb88a2b6504cc6383087824bfd98f5034217052360d4d63f1f18fb,10201020,src/attack_timings.rs;docs/enemy-coverage.json;docs/response-coverage.json;scripts/generate-attack-timings.py;scripts/attack_responses.py
c1020,100003060,0,0.933333337,1.433333278,unverified,extracted_unverified,false,false,768b0235b8eb88a2b6504cc6383087824bfd98f5034217052360d4d63f1f18fb,,src/attack_timings.rs;docs/enemy-coverage.json;scripts/generate-attack-timings.py;scripts/attack_responses.py
c1020,100003060,1,2.099999905,2.299999952,unverified,extracted_unverified,false,false,768b0235b8eb88a2b6504cc6383087824bfd98f5034217052360d4d63f1f18fb,,src/attack_timings.rs;docs/enemy-coverage.json;scripts/generate-attack-timings.py;scripts/attack_responses.py
c1020,100003065,0,1.166666627,1.533333302,unverified,extracted_unverified,false,false,768b0235b8eb88a2b6504cc6383087824bfd98f5034217052360d4d63f1f18fb,,src/attack_timings.rs;docs/enemy-coverage.json;scripts/generate-attack-timings.py;scripts/attack_responses.py
c1020,100003065,1,2.200000048,2.366666555,unverified,extracted_unverified,false,false,768b0235b8eb88a2b6504cc6383087824bfd98f5034217052360d4d63f1f18fb,,src/attack_timings.rs;docs/enemy-coverage.json;scripts/generate-attack-timings.py;scripts/attack_responses.py
c1020,100003066,0,1.166666627,1.533333302,unverified,extracted_unverified,false,false,768b0235b8eb88a2b6504cc6383087824bfd98f5034217052360d4d63f1f18fb,,src/attack_timings.rs;docs/enemy-coverage.json;scripts/generate-attack-timings.py;scripts/attack_responses.py
c1020,100003066,1,2.200000048,2.366666555,unverified,extracted_unverified,false,false,768b0235b8eb88a2b6504cc6383087824bfd98f5034217052360d4d63f1f18fb,,src/attack_timings.rs;docs/enemy-coverage.json;scripts/generate-attack-timings.py;scripts/attack_responses.py
c1020,100003070,0,0.166666672,0.333333343,unverified,extracted_unverified,false,false,768b0235b8eb88a2b6504cc6383087824bfd98f5034217052360d4d63f1f18fb,,src/attack_timings.rs;docs/enemy-coverage.json;scripts/generate-attack-timings.py;scripts/attack_responses.py
c1020,100003080,0,0.899999976,1.266666651,parry,classified_estimate,false,false,768b0235b8eb88a2b6504cc6383087824bfd98f5034217052360d4d63f1f18fb,,src/attack_timings.rs;docs/enemy-coverage.json;scripts/generate-attack-timings.py;scripts/attack_responses.py
c1020,100003081,0,1.966666698,2.133333445,unverified,extracted_unverified,false,false,768b0235b8eb88a2b6504cc6383087824bfd98f5034217052360d4d63f1f18fb,,src/attack_timings.rs;docs/enemy-coverage.json;scripts/generate-attack-timings.py;scripts/attack_responses.py
c1020,100003083,0,1.166666627,1.299999952,unverified,extracted_unverified,false,false,768b0235b8eb88a2b6504cc6383087824bfd98f5034217052360d4d63f1f18fb,,src/attack_timings.rs;docs/enemy-coverage.json;scripts/generate-attack-timings.py;scripts/attack_responses.py
c1030,3000,0,0.800000012,0.933333337,parry,classified_estimate,false,false,74fdb1aedfd704532498274bf06fa033ace3ad3570310880537e45ddd7793f15,,src/attack_timings.rs;docs/enemy-coverage.json;scripts/generate-attack-timings.py;scripts/attack_responses.py
c1030,3000,1,1.100000024,1.233333349,parry,classified_estimate,false,false,74fdb1aedfd704532498274bf06fa033ace3ad3570310880537e45ddd7793f15,,src/attack_timings.rs;docs/enemy-coverage.json;scripts/generate-attack-timings.py;scripts/attack_responses.py
c1030,3001,0,0.766666651,0.899999976,parry,classified_estimate,false,false,74fdb1aedfd704532498274bf06fa033ace3ad3570310880537e45ddd7793f15,,src/attack_timings.rs;docs/enemy-coverage.json;scripts/generate-attack-timings.py;scripts/attack_responses.py
c1030,3001,1,1.100000024,1.233333349,parry,classified_estimate,false,false,74fdb1aedfd704532498274bf06fa033ace3ad3570310880537e45ddd7793f15,,src/attack_timings.rs;docs/enemy-coverage.json;scripts/generate-attack-timings.py;scripts/attack_responses.py
c1030,3002,0,0.699999988,0.833333313,parry,classified_estimate,false,false,74fdb1aedfd704532498274bf06fa033ace3ad3570310880537e45ddd7793f15,,src/attack_timings.rs;docs/enemy-coverage.json;scripts/generate-attack-timings.py;scripts/attack_responses.py
c1030,3003,0,0.699999988,0.833333313,parry,classified_estimate,false,false,74fdb1aedfd704532498274bf06fa033ace3ad3570310880537e45ddd7793f15,,src/attack_timings.rs;docs/enemy-coverage.json;scripts/generate-attack-timings.py;scripts/attack_responses.py
c1040,3023,0,0.933333337,1.000000000,parry,classified_estimate,false,false,48ddbe85c28a59ac89f9f767f1ae09ab4220eb97bd1bed3e6b1f3b421796068e,,src/attack_timings.rs;docs/enemy-coverage.json;scripts/generate-attack-timings.py;scripts/attack_responses.py
c1040,3023,1,1.266666651,1.333333373,parry,classified_estimate,false,false,48ddbe85c28a59ac89f9f767f1ae09ab4220eb97bd1bed3e6b1f3b421796068e,,src/attack_timings.rs;docs/enemy-coverage.json;scripts/generate-attack-timings.py;scripts/attack_responses.py
c1040,3023,2,1.600000024,1.666666627,parry,classified_estimate,false,false,48ddbe85c28a59ac89f9f767f1ae09ab4220eb97bd1bed3e6b1f3b421796068e,,src/attack_timings.rs;docs/enemy-coverage.json;scripts/generate-attack-timings.py;scripts/attack_responses.py
c1040,3024,0,0.466666669,0.533333361,unverified,extracted_unverified,false,false,48ddbe85c28a59ac89f9f767f1ae09ab4220eb97bd1bed3e6b1f3b421796068e,,src/attack_timings.rs;docs/enemy-coverage.json;scripts/generate-attack-timings.py;scripts/attack_responses.py
c1040,3024,1,0.800000012,0.866666675,unverified,extracted_unverified,false,false,48ddbe85c28a59ac89f9f767f1ae09ab4220eb97bd1bed3e6b1f3b421796068e,,src/attack_timings.rs;docs/enemy-coverage.json;scripts/generate-attack-timings.py;scripts/attack_responses.py
c1040,3024,2,1.133333325,1.200000048,unverified,extracted_unverified,false,false,48ddbe85c28a59ac89f9f767f1ae09ab4220eb97bd1bed3e6b1f3b421796068e,,src/attack_timings.rs;docs/enemy-coverage.json;scripts/generate-attack-timings.py;scripts/attack_responses.py
c1040,3025,0,1.399999976,1.533333302,jump,classified_estimate,false,false,48ddbe85c28a59ac89f9f767f1ae09ab4220eb97bd1bed3e6b1f3b421796068e,10400100,src/attack_timings.rs;docs/enemy-coverage.json;docs/response-coverage.json;scripts/generate-attack-timings.py;scripts/attack_responses.py
c1040,3026,0,0.166666672,0.233333334,parry,classified_estimate,false,false,48ddbe85c28a59ac89f9f767f1ae09ab4220eb97bd1bed3e6b1f3b421796068e,,src/attack_timings.rs;docs/enemy-coverage.json;scripts/generate-attack-timings.py;scripts/attack_responses.py
c1040,3026,1,0.766666651,0.833333313,parry,classified_estimate,false,false,48ddbe85c28a59ac89f9f767f1ae09ab4220eb97bd1bed3e6b1f3b421796068e,,src/attack_timings.rs;docs/enemy-coverage.json;scripts/generate-attack-timings.py;scripts/attack_responses.py
c1040,3026,2,1.100000024,1.166666627,parry,classified_estimate,false,false,48ddbe85c28a59ac89f9f767f1ae09ab4220eb97bd1bed3e6b1f3b421796068e,,src/attack_timings.rs;docs/enemy-coverage.json;scripts/generate-attack-timings.py;scripts/attack_responses.py
c1040,3027,0,0.100000001,0.166666672,parry,classified_estimate,false,false,48ddbe85c28a59ac89f9f767f1ae09ab4220eb97bd1bed3e6b1f3b421796068e,,src/attack_timings.rs;docs/enemy-coverage.json;scripts/generate-attack-timings.py;scripts/attack_responses.py
c1040,3027,1,0.433333337,0.500000000,parry,classified_estimate,false,false,48ddbe85c28a59ac89f9f767f1ae09ab4220eb97bd1bed3e6b1f3b421796068e,,src/attack_timings.rs;docs/enemy-coverage.json;scripts/generate-attack-timings.py;scripts/attack_responses.py
c1040,3027,2,0.766666651,0.833333313,parry,classified_estimate,false,false,48ddbe85c28a59ac89f9f767f1ae09ab4220eb97bd1bed3e6b1f3b421796068e,,src/attack_timings.rs;docs/enemy-coverage.json;scripts/generate-attack-timings.py;scripts/attack_responses.py
c1040,3027,3,1.466666698,1.533333302,parry,classified_estimate,false,false,48ddbe85c28a59ac89f9f767f1ae09ab4220eb97bd1bed3e6b1f3b421796068e,,src/attack_timings.rs;docs/enemy-coverage.json;scripts/generate-attack-timings.py;scripts/attack_responses.py
c1040,3029,0,1.000000000,1.066666722,jump,classified_estimate,false,false,48ddbe85c28a59ac89f9f767f1ae09ab4220eb97bd1bed3e6b1f3b421796068e,10400100,src/attack_timings.rs;docs/enemy-coverage.json;docs/response-coverage.json;scripts/generate-attack-timings.py;scripts/attack_responses.py
c1040,3030,0,1.266666651,1.333333373,unverified,extracted_unverified,false,false,48ddbe85c28a59ac89f9f767f1ae09ab4220eb97bd1bed3e6b1f3b421796068e,,src/attack_timings.rs;docs/enemy-coverage.json;scripts/generate-attack-timings.py;scripts/attack_responses.py
c1040,3030,1,1.600000024,1.666666627,unverified,extracted_unverified,false,false,48ddbe85c28a59ac89f9f767f1ae09ab4220eb97bd1bed3e6b1f3b421796068e,,src/attack_timings.rs;docs/enemy-coverage.json;scripts/generate-attack-timings.py;scripts/attack_responses.py
c1040,3030,2,1.966666698,2.033333302,unverified,extracted_unverified,false,false,48ddbe85c28a59ac89f9f767f1ae09ab4220eb97bd1bed3e6b1f3b421796068e,,src/attack_timings.rs;docs/enemy-coverage.json;scripts/generate-attack-timings.py;scripts/attack_responses.py
c1040,3055,0,2.299999952,2.366666555,jump,classified_estimate,false,false,48ddbe85c28a59ac89f9f767f1ae09ab4220eb97bd1bed3e6b1f3b421796068e,10400100,src/attack_timings.rs;docs/enemy-coverage.json;docs/response-coverage.json;scripts/generate-attack-timings.py;scripts/attack_responses.py
c1050,3000,0,0.633333325,0.800000012,unverified,extracted_unverified,false,false,53e3fa9445f25aa75a1aacc56f5c42fab12bcf99bc86bc8fe6ca0edf32aa7acb,,src/attack_timings.rs;docs/enemy-coverage.json;scripts/generate-attack-timings.py;scripts/attack_responses.py
c1050,3000,1,1.166666627,1.333333373,unverified,extracted_unverified,false,false,53e3fa9445f25aa75a1aacc56f5c42fab12bcf99bc86bc8fe6ca0edf32aa7acb,,src/attack_timings.rs;docs/enemy-coverage.json;scripts/generate-attack-timings.py;scripts/attack_responses.py
c1050,3000,2,1.500000000,1.666666627,unverified,extracted_unverified,false,false,53e3fa9445f25aa75a1aacc56f5c42fab12bcf99bc86bc8fe6ca0edf32aa7acb,,src/attack_timings.rs;docs/enemy-coverage.json;scripts/generate-attack-timings.py;scripts/attack_responses.py
c1050,3000,3,2.099999905,2.266666651,unverified,extracted_unverified,false,false,53e3fa9445f25aa75a1aacc56f5c42fab12bcf99bc86bc8fe6ca0edf32aa7acb,,src/attack_timings.rs;docs/enemy-coverage.json;scripts/generate-attack-timings.py;scripts/attack_responses.py
c1050,3001,0,0.600000024,0.699999988,unverified,extracted_unverified,false,false,53e3fa9445f25aa75a1aacc56f5c42fab12bcf99bc86bc8fe6ca0edf32aa7acb,,src/attack_timings.rs;docs/enemy-coverage.json;scripts/generate-attack-timings.py;scripts/attack_responses.py
c1050,3002,0,0.633333325,0.766666651,unverified,extracted_unverified,false,false,53e3fa9445f25aa75a1aacc56f5c42fab12bcf99bc86bc8fe6ca0edf32aa7acb,,src/attack_timings.rs;docs/enemy-coverage.json;scripts/generate-attack-timings.py;scripts/attack_responses.py
c1050,3002,1,1.133333325,1.333333373,unverified,extracted_unverified,false,false,53e3fa9445f25aa75a1aacc56f5c42fab12bcf99bc86bc8fe6ca0edf32aa7acb,,src/attack_timings.rs;docs/enemy-coverage.json;scripts/generate-attack-timings.py;scripts/attack_responses.py
c1050,3003,0,0.300000012,0.466666669,unverified,extracted_unverified,false,false,53e3fa9445f25aa75a1aacc56f5c42fab12bcf99bc86bc8fe6ca0edf32aa7acb,,src/attack_timings.rs;docs/enemy-coverage.json;scripts/generate-attack-timings.py;scripts/attack_responses.py
c1050,3009,0,1.066666722,1.200000048,unverified,extracted_unverified,false,false,53e3fa9445f25aa75a1aacc56f5c42fab12bcf99bc86bc8fe6ca0edf32aa7acb,,src/attack_timings.rs;docs/enemy-coverage.json;scripts/generate-attack-timings.py;scripts/attack_responses.py
c1050,3010,0,0.833333313,0.899999976,unverified,extracted_unverified,false,false,53e3fa9445f25aa75a1aacc56f5c42fab12bcf99bc86bc8fe6ca0edf32aa7acb,,src/attack_timings.rs;docs/enemy-coverage.json;scripts/generate-attack-timings.py;scripts/attack_responses.py
c1050,3011,0,0.533333361,0.633333325,unverified,extracted_unverified,false,false,53e3fa9445f25aa75a1aacc56f5c42fab12bcf99bc86bc8fe6ca0edf32aa7acb,,src/attack_timings.rs;docs/enemy-coverage.json;scripts/generate-attack-timings.py;scripts/attack_responses.py
c1050,3012,0,0.566666663,0.699999988,unverified,extracted_unverified,false,false,53e3fa9445f25aa75a1aacc56f5c42fab12bcf99bc86bc8fe6ca0edf32aa7acb,,src/attack_timings.rs;docs/enemy-coverage.json;scripts/generate-attack-timings.py;scripts/attack_responses.py
c1050,3013,0,0.600000024,0.766666651,unverified,extracted_unverified,false,false,53e3fa9445f25aa75a1aacc56f5c42fab12bcf99bc86bc8fe6ca0edf32aa7acb,,src/attack_timings.rs;docs/enemy-coverage.json;scripts/generate-attack-timings.py;scripts/attack_responses.py
c1050,3015,0,0.800000012,0.933333337,unverified,extracted_unverified,false,false,53e3fa9445f25aa75a1aacc56f5c42fab12bcf99bc86bc8fe6ca0edf32aa7acb,,src/attack_timings.rs;docs/enemy-coverage.json;scripts/generate-attack-timings.py;scripts/attack_responses.py
c1050,3016,0,0.500000000,0.633333325,unverified,extracted_unverified,false,false,53e3fa9445f25aa75a1aacc56f5c42fab12bcf99bc86bc8fe6ca0edf32aa7acb,,src/attack_timings.rs;docs/enemy-coverage.json;scripts/generate-attack-timings.py;scripts/attack_responses.py
c1050,3017,0,1.166666627,1.299999952,jump,classified_estimate,false,false,53e3fa9445f25aa75a1aacc56f5c42fab12bcf99bc86bc8fe6ca0edf32aa7acb,10500170,src/attack_timings.rs;docs/enemy-coverage.json;docs/response-coverage.json;scripts/generate-attack-timings.py;scripts/attack_responses.py
c1050,3020,0,2.333333254,2.466666698,unverified,extracted_unverified,false,false,53e3fa9445f25aa75a1aacc56f5c42fab12bcf99bc86bc8fe6ca0edf32aa7acb,,src/attack_timings.rs;docs/enemy-coverage.json;scripts/generate-attack-timings.py;scripts/attack_responses.py
c1050,3021,0,2.333333254,2.466666698,unverified,extracted_unverified,false,false,53e3fa9445f25aa75a1aacc56f5c42fab12bcf99bc86bc8fe6ca0edf32aa7acb,,src/attack_timings.rs;docs/enemy-coverage.json;scripts/generate-attack-timings.py;scripts/attack_responses.py
c1050,3023,0,0.200000003,0.366666675,unverified,extracted_unverified,false,false,53e3fa9445f25aa75a1aacc56f5c42fab12bcf99bc86bc8fe6ca0edf32aa7acb,,src/attack_timings.rs;docs/enemy-coverage.json;scripts/generate-attack-timings.py;scripts/attack_responses.py
c1050,3024,0,0.866666675,0.966666639,unverified,extracted_unverified,false,false,53e3fa9445f25aa75a1aacc56f5c42fab12bcf99bc86bc8fe6ca0edf32aa7acb,,src/attack_timings.rs;docs/enemy-coverage.json;scripts/generate-attack-timings.py;scripts/attack_responses.py
c1050,3070,0,0.633333325,0.800000012,unverified,extracted_unverified,false,false,53e3fa9445f25aa75a1aacc56f5c42fab12bcf99bc86bc8fe6ca0edf32aa7acb,,src/attack_timings.rs;docs/enemy-coverage.json;scripts/generate-attack-timings.py;scripts/attack_responses.py
c1050,3070,1,1.166666627,1.333333373,unverified,extracted_unverified,false,false,53e3fa9445f25aa75a1aacc56f5c42fab12bcf99bc86bc8fe6ca0edf32aa7acb,,src/attack_timings.rs;docs/enemy-coverage.json;scripts/generate-attack-timings.py;scripts/attack_responses.py
c1050,3070,2,1.500000000,1.666666627,unverified,extracted_unverified,false,false,53e3fa9445f25aa75a1aacc56f5c42fab12bcf99bc86bc8fe6ca0edf32aa7acb,,src/attack_timings.rs;docs/enemy-coverage.json;scripts/generate-attack-timings.py;scripts/attack_responses.py
c1050,3070,3,2.099999905,2.266666651,unverified,extracted_unverified,false,false,53e3fa9445f25aa75a1aacc56f5c42fab12bcf99bc86bc8fe6ca0edf32aa7acb,,src/attack_timings.rs;docs/enemy-coverage.json;scripts/generate-attack-timings.py;scripts/attack_responses.py
c1050,3071,0,0.633333325,0.766666651,unverified,extracted_unverified,false,false,53e3fa9445f25aa75a1aacc56f5c42fab12bcf99bc86bc8fe6ca0edf32aa7acb,,src/attack_timings.rs;docs/enemy-coverage.json;scripts/generate-attack-timings.py;scripts/attack_responses.py
c1050,3071,1,1.200000048,1.333333373,unverified,extracted_unverified,false,false,53e3fa9445f25aa75a1aacc56f5c42fab12bcf99bc86bc8fe6ca0edf32aa7acb,,src/attack_timings.rs;docs/enemy-coverage.json;scripts/generate-attack-timings.py;scripts/attack_responses.py
c1050,3075,0,0.533333361,0.666666687,unverified,extracted_unverified,false,false,53e3fa9445f25aa75a1aacc56f5c42fab12bcf99bc86bc8fe6ca0edf32aa7acb,,src/attack_timings.rs;docs/enemy-coverage.json;scripts/generate-attack-timings.py;scripts/attack_responses.py
c1050,3090,0,0.833333313,0.966666639,unverified,extracted_unverified,false,false,53e3fa9445f25aa75a1aacc56f5c42fab12bcf99bc86bc8fe6ca0edf32aa7acb,,src/attack_timings.rs;docs/enemy-coverage.json;scripts/generate-attack-timings.py;scripts/attack_responses.py
c1060,3000,0,0.733333349,0.800000012,parry,classified_estimate,false,false,1359983e92fe2a290903ed585fa329478f70035fa56b4b761b64882faba45192,,src/attack_timings.rs;docs/enemy-coverage.json;scripts/generate-attack-timings.py;scripts/attack_responses.py
c1060,3000,1,0.866666675,0.933333337,parry,classified_estimate,false,false,1359983e92fe2a290903ed585fa329478f70035fa56b4b761b64882faba45192,,src/attack_timings.rs;docs/enemy-coverage.json;scripts/generate-attack-timings.py;scripts/attack_responses.py
c1060,3000,2,1.533333302,1.600000024,parry,classified_estimate,false,false,1359983e92fe2a290903ed585fa329478f70035fa56b4b761b64882faba45192,,src/attack_timings.rs;docs/enemy-coverage.json;scripts/generate-attack-timings.py;scripts/attack_responses.py
c1060,3000,3,1.633333325,1.700000048,parry,classified_estimate,false,false,1359983e92fe2a290903ed585fa329478f70035fa56b4b761b64882faba45192,,src/attack_timings.rs;docs/enemy-coverage.json;scripts/generate-attack-timings.py;scripts/attack_responses.py
c1060,3001,0,0.433333337,0.633333325,parry,classified_estimate,false,false,1359983e92fe2a290903ed585fa329478f70035fa56b4b761b64882faba45192,,src/attack_timings.rs;docs/enemy-coverage.json;scripts/generate-attack-timings.py;scripts/attack_responses.py
c1060,3003,0,1.266666651,1.633333325,unverified,extracted_unverified,false,false,1359983e92fe2a290903ed585fa329478f70035fa56b4b761b64882faba45192,,src/attack_timings.rs;docs/enemy-coverage.json;scripts/generate-attack-timings.py;scripts/attack_responses.py
c1060,3004,0,1.433333278,1.733333349,parry,classified_estimate,false,false,1359983e92fe2a290903ed585fa329478f70035fa56b4b761b64882faba45192,,src/attack_timings.rs;docs/enemy-coverage.json;scripts/generate-attack-timings.py;scripts/attack_responses.py
c1060,3005,0,1.766666651,2.733333349,unverified,extracted_unverified,false,false,1359983e92fe2a290903ed585fa329478f70035fa56b4b761b64882faba45192,,src/attack_timings.rs;docs/enemy-coverage.json;scripts/generate-attack-timings.py;scripts/attack_responses.py
c1060,3012,0,1.233333349,1.333333373,unverified,extracted_unverified,false,false,1359983e92fe2a290903ed585fa329478f70035fa56b4b761b64882faba45192,,src/attack_timings.rs;docs/enemy-coverage.json;scripts/generate-attack-timings.py;scripts/attack_responses.py
c1060,3013,0,0.666666687,0.733333349,parry,classified_estimate,false,false,1359983e92fe2a290903ed585fa329478f70035fa56b4b761b64882faba45192,,src/attack_timings.rs;docs/enemy-coverage.json;scripts/generate-attack-timings.py;scripts/attack_responses.py
c1060,3013,1,0.766666651,0.833333313,parry,classified_estimate,false,false,1359983e92fe2a290903ed585fa329478f70035fa56b4b761b64882faba45192,,src/attack_timings.rs;docs/enemy-coverage.json;scripts/generate-attack-timings.py;scripts/attack_responses.py
c1060,3015,0,0.699999988,0.899999976,jump,classified_estimate,false,false,1359983e92fe2a290903ed585fa329478f70035fa56b4b761b64882faba45192,10600180,src/attack_timings.rs;docs/enemy-coverage.json;docs/response-coverage.json;scripts/generate-attack-timings.py;scripts/attack_responses.py
c1060,3016,0,1.066666722,1.266666651,jump,classified_estimate,false,false,1359983e92fe2a290903ed585fa329478f70035fa56b4b761b64882faba45192,10600190,src/attack_timings.rs;docs/enemy-coverage.json;docs/response-coverage.json;scripts/generate-attack-timings.py;scripts/attack_responses.py
c1060,3017,0,0.633333325,0.766666651,parry,classified_estimate,false,false,1359983e92fe2a290903ed585fa329478f70035fa56b4b761b64882faba45192,,src/attack_timings.rs;docs/enemy-coverage.json;scripts/generate-attack-timings.py;scripts/attack_responses.py
c1070,3000,0,1.133333325,1.266666651,parry,classified_estimate,false,false,b8e63e39db24ee1379275799e57902ed3157e246d067957f2c4241aef842eb2b,,src/attack_timings.rs;docs/enemy-coverage.json;scripts/generate-attack-timings.py;scripts/attack_responses.py
c1070,3001,0,0.733333349,0.866666675,parry,classified_estimate,false,false,b8e63e39db24ee1379275799e57902ed3157e246d067957f2c4241aef842eb2b,,src/attack_timings.rs;docs/enemy-coverage.json;scripts/generate-attack-timings.py;scripts/attack_responses.py
c1070,3002,0,0.600000024,0.733333349,unverified,extracted_unverified,false,false,b8e63e39db24ee1379275799e57902ed3157e246d067957f2c4241aef842eb2b,,src/attack_timings.rs;docs/enemy-coverage.json;scripts/generate-attack-timings.py;scripts/attack_responses.py
c1070,3002,1,1.600000024,1.733333349,unverified,extracted_unverified,false,false,b8e63e39db24ee1379275799e57902ed3157e246d067957f2c4241aef842eb2b,,src/attack_timings.rs;docs/enemy-coverage.json;scripts/generate-attack-timings.py;scripts/attack_responses.py
c1070,3003,0,1.600000024,1.733333349,unverified,extracted_unverified,false,false,b8e63e39db24ee1379275799e57902ed3157e246d067957f2c4241aef842eb2b,,src/attack_timings.rs;docs/enemy-coverage.json;scripts/generate-attack-timings.py;scripts/attack_responses.py
c1070,3004,0,1.333333373,1.500000000,parry,classified_estimate,false,false,b8e63e39db24ee1379275799e57902ed3157e246d067957f2c4241aef842eb2b,,src/attack_timings.rs;docs/enemy-coverage.json;scripts/generate-attack-timings.py;scripts/attack_responses.py
c1070,3005,0,0.500000000,0.633333325,unverified,extracted_unverified,false,false,b8e63e39db24ee1379275799e57902ed3157e246d067957f2c4241aef842eb2b,,src/attack_timings.rs;docs/enemy-coverage.json;scripts/generate-attack-timings.py;scripts/attack_responses.py
c1070,3006,0,1.833333373,2.033333302,parry,classified_estimate,false,false,b8e63e39db24ee1379275799e57902ed3157e246d067957f2c4241aef842eb2b,,src/attack_timings.rs;docs/enemy-coverage.json;scripts/generate-attack-timings.py;scripts/attack_responses.py
c1070,3007,0,1.733333349,2.033333302,parry,classified_estimate,false,false,b8e63e39db24ee1379275799e57902ed3157e246d067957f2c4241aef842eb2b,,src/attack_timings.rs;docs/enemy-coverage.json;scripts/generate-attack-timings.py;scripts/attack_responses.py
c1070,3008,0,0.766666651,0.933333337,unverified,extracted_unverified,false,false,b8e63e39db24ee1379275799e57902ed3157e246d067957f2c4241aef842eb2b,,src/attack_timings.rs;docs/enemy-coverage.json;scripts/generate-attack-timings.py;scripts/attack_responses.py
c1070,3009,0,1.066666722,1.200000048,parry,classified_estimate,false,false,b8e63e39db24ee1379275799e57902ed3157e246d067957f2c4241aef842eb2b,,src/attack_timings.rs;docs/enemy-coverage.json;scripts/generate-attack-timings.py;scripts/attack_responses.py
c1070,3009,1,2.133333445,2.333333254,parry,classified_estimate,false,false,b8e63e39db24ee1379275799e57902ed3157e246d067957f2c4241aef842eb2b,,src/attack_timings.rs;docs/enemy-coverage.json;scripts/generate-attack-timings.py;scripts/attack_responses.py
c1070,3010,0,1.366666675,1.633333325,unverified,extracted_unverified,false,false,b8e63e39db24ee1379275799e57902ed3157e246d067957f2c4241aef842eb2b,,src/attack_timings.rs;docs/enemy-coverage.json;scripts/generate-attack-timings.py;scripts/attack_responses.py
c1070,3010,1,2.633333445,2.766666651,unverified,extracted_unverified,false,false,b8e63e39db24ee1379275799e57902ed3157e246d067957f2c4241aef842eb2b,,src/attack_timings.rs;docs/enemy-coverage.json;scripts/generate-attack-timings.py;scripts/attack_responses.py
c1070,3013,0,1.100000024,1.299999952,jump,classified_estimate,false,false,b8e63e39db24ee1379275799e57902ed3157e246d067957f2c4241aef842eb2b,10700151,src/attack_timings.rs;docs/enemy-coverage.json;docs/response-coverage.json;scripts/generate-attack-timings.py;scripts/attack_responses.py
c1070,3015,0,1.899999976,2.033333302,dodge,classified_estimate,false,false,b8e63e39db24ee1379275799e57902ed3157e246d067957f2c4241aef842eb2b,10700370,src/attack_timings.rs;docs/enemy-coverage.json;docs/response-coverage.json;scripts/generate-attack-timings.py;scripts/attack_responses.py
c1070,3016,0,1.633333325,1.766666651,unverified,extracted_unverified,false,false,b8e63e39db24ee1379275799e57902ed3157e246d067957f2c4241aef842eb2b,,src/attack_timings.rs;docs/enemy-coverage.json;scripts/generate-attack-timings.py;scripts/attack_responses.py
c1070,3017,0,1.100000024,1.266666651,jump,classified_estimate,false,false,b8e63e39db24ee1379275799e57902ed3157e246d067957f2c4241aef842eb2b,10700150,src/attack_timings.rs;docs/enemy-coverage.json;docs/response-coverage.json;scripts/generate-attack-timings.py;scripts/attack_responses.py
c1070,3019,0,1.166666627,1.299999952,unverified,extracted_unverified,false,false,b8e63e39db24ee1379275799e57902ed3157e246d067957f2c4241aef842eb2b,,src/attack_timings.rs;docs/enemy-coverage.json;scripts/generate-attack-timings.py;scripts/attack_responses.py
c1070,3020,0,0.566666663,0.699999988,unverified,extracted_unverified,false,false,b8e63e39db24ee1379275799e57902ed3157e246d067957f2c4241aef842eb2b,,src/attack_timings.rs;docs/enemy-coverage.json;scripts/generate-attack-timings.py;scripts/attack_responses.py
c1070,3021,0,0.733333349,0.866666675,parry,classified_estimate,false,false,b8e63e39db24ee1379275799e57902ed3157e246d067957f2c4241aef842eb2b,,src/attack_timings.rs;docs/enemy-coverage.json;scripts/generate-attack-timings.py;scripts/attack_responses.py
c1070,3061,0,0.533333361,0.666666687,parry,classified_estimate,false,false,b8e63e39db24ee1379275799e57902ed3157e246d067957f2c4241aef842eb2b,,src/attack_timings.rs;docs/enemy-coverage.json;scripts/generate-attack-timings.py;scripts/attack_responses.py
c1070,3062,0,1.133333325,1.233333349,parry,classified_estimate,false,false,b8e63e39db24ee1379275799e57902ed3157e246d067957f2c4241aef842eb2b,,src/attack_timings.rs;docs/enemy-coverage.json;scripts/generate-attack-timings.py;scripts/attack_responses.py
c1070,3067,0,1.366666675,1.500000000,unverified,extracted_unverified,false,false,b8e63e39db24ee1379275799e57902ed3157e246d067957f2c4241aef842eb2b,,src/attack_timings.rs;docs/enemy-coverage.json;scripts/generate-attack-timings.py;scripts/attack_responses.py
c1070,3068,0,0.566666663,0.699999988,parry,classified_estimate,false,false,b8e63e39db24ee1379275799e57902ed3157e246d067957f2c4241aef842eb2b,,src/attack_timings.rs;docs/enemy-coverage.json;scripts/generate-attack-timings.py;scripts/attack_responses.py
c1070,3090,0,0.933333337,1.033333302,unverified,extracted_unverified,false,false,b8e63e39db24ee1379275799e57902ed3157e246d067957f2c4241aef842eb2b,,src/attack_timings.rs;docs/enemy-coverage.json;scripts/generate-attack-timings.py;scripts/attack_responses.py
c1080,3030,0,1.066666722,1.266666651,parry,classified_estimate,false,false,89a46663d05d40465779265a2b62434f049e2a34b7dbe9004a687e489ec6fd10,,src/attack_timings.rs;docs/enemy-coverage.json;scripts/generate-attack-timings.py;scripts/attack_responses.py
c1080,3031,0,0.833333313,1.033333302,parry,classified_estimate,false,false,89a46663d05d40465779265a2b62434f049e2a34b7dbe9004a687e489ec6fd10,,src/attack_timings.rs;docs/enemy-coverage.json;scripts/generate-attack-timings.py;scripts/attack_responses.py
c1080,3032,0,0.566666663,0.766666651,parry,classified_estimate,false,false,89a46663d05d40465779265a2b62434f049e2a34b7dbe9004a687e489ec6fd10,,src/attack_timings.rs;docs/enemy-coverage.json;scripts/generate-attack-timings.py;scripts/attack_responses.py
c1100,3021,0,1.266666651,1.433333278,unverified,extracted_unverified,false,false,63f3129e187cd81e1b92ba79be5dc3d8fd5be9de7be23c77bdbe3b44f95e4f71,,src/attack_timings.rs;docs/enemy-coverage.json;scripts/generate-attack-timings.py;scripts/attack_responses.py
c1110,3004,0,0.333333343,0.666666687,parry,classified_estimate,false,false,e8dc1f18f92f923dd449a64ec61f8042452f8ae20e78033b970eb417d2f83966,,src/attack_timings.rs;docs/enemy-coverage.json;scripts/generate-attack-timings.py;scripts/attack_responses.py
c1110,20000,0,0.333333343,0.666666687,unverified,extracted_unverified,false,false,e8dc1f18f92f923dd449a64ec61f8042452f8ae20e78033b970eb417d2f83966,,src/attack_timings.rs;docs/enemy-coverage.json;scripts/generate-attack-timings.py;scripts/attack_responses.py
c1120,3000,0,1.866666675,2.000000000,unverified,extracted_unverified,false,false,e7ad572fcc16f39add4f419818c14f5847ac912ab3d3408fe3991a1b24e9dbc0,,src/attack_timings.rs;docs/enemy-coverage.json;scripts/generate-attack-timings.py;scripts/attack_responses.py
c1120,3002,0,0.433333337,0.566666663,parry,classified_estimate,false,false,e7ad572fcc16f39add4f419818c14f5847ac912ab3d3408fe3991a1b24e9dbc0,,src/attack_timings.rs;docs/enemy-coverage.json;scripts/generate-attack-timings.py;scripts/attack_responses.py
c1120,3002,1,0.899999976,1.033333302,parry,classified_estimate,false,false,e7ad572fcc16f39add4f419818c14f5847ac912ab3d3408fe3991a1b24e9dbc0,,src/attack_timings.rs;docs/enemy-coverage.json;scripts/generate-attack-timings.py;scripts/attack_responses.py
c1120,3002,2,1.833333373,1.966666698,parry,classified_estimate,false,false,e7ad572fcc16f39add4f419818c14f5847ac912ab3d3408fe3991a1b24e9dbc0,,src/attack_timings.rs;docs/enemy-coverage.json;scripts/generate-attack-timings.py;scripts/attack_responses.py
c1120,3002,3,2.733333349,2.866666555,parry,classified_estimate,false,false,e7ad572fcc16f39add4f419818c14f5847ac912ab3d3408fe3991a1b24e9dbc0,,src/attack_timings.rs;docs/enemy-coverage.json;scripts/generate-attack-timings.py;scripts/attack_responses.py
c1120,3002,4,3.133333445,3.266666651,parry,classified_estimate,false,false,e7ad572fcc16f39add4f419818c14f5847ac912ab3d3408fe3991a1b24e9dbc0,,src/attack_timings.rs;docs/enemy-coverage.json;scripts/generate-attack-timings.py;scripts/attack_responses.py
c1120,3003,0,0.666666687,0.733333349,parry,classified_estimate,false,false,e7ad572fcc16f39add4f419818c14f5847ac912ab3d3408fe3991a1b24e9dbc0,,src/attack_timings.rs;docs/enemy-coverage.json;scripts/generate-attack-timings.py;scripts/attack_responses.py
c1120,3003,1,1.233333349,1.299999952,parry,classified_estimate,false,false,e7ad572fcc16f39add4f419818c14f5847ac912ab3d3408fe3991a1b24e9dbc0,,src/attack_timings.rs;docs/enemy-coverage.json;scripts/generate-attack-timings.py;scripts/attack_responses.py
c1120,3003,2,2.266666651,2.333333254,parry,classified_estimate,false,false,e7ad572fcc16f39add4f419818c14f5847ac912ab3d3408fe3991a1b24e9dbc0,,src/attack_timings.rs;docs/enemy-coverage.json;scripts/generate-attack-timings.py;scripts/attack_responses.py
c1120,3004,0,0.800000012,1.000000000,parry,classified_estimate,false,false,e7ad572fcc16f39add4f419818c14f5847ac912ab3d3408fe3991a1b24e9dbc0,,src/attack_timings.rs;docs/enemy-coverage.json;scripts/generate-attack-timings.py;scripts/attack_responses.py
c1120,3004,1,1.700000048,1.899999976,parry,classified_estimate,false,false,e7ad572fcc16f39add4f419818c14f5847ac912ab3d3408fe3991a1b24e9dbc0,,src/attack_timings.rs;docs/enemy-coverage.json;scripts/generate-attack-timings.py;scripts/attack_responses.py
c1120,3004,2,2.566666603,2.766666651,parry,classified_estimate,false,false,e7ad572fcc16f39add4f419818c14f5847ac912ab3d3408fe3991a1b24e9dbc0,,src/attack_timings.rs;docs/enemy-coverage.json;scripts/generate-attack-timings.py;scripts/attack_responses.py
c1120,3004,3,3.000000000,3.200000048,parry,classified_estimate,false,false,e7ad572fcc16f39add4f419818c14f5847ac912ab3d3408fe3991a1b24e9dbc0,,src/attack_timings.rs;docs/enemy-coverage.json;scripts/generate-attack-timings.py;scripts/attack_responses.py
c1130,3000,0,0.966666639,1.166666627,parry,classified_estimate,false,false,98256c8f0b9e18ef9adfe7ffa04af2b319b0680e56dde1e7f5740b4b22fc695d,,src/attack_timings.rs;docs/enemy-coverage.json;scripts/generate-attack-timings.py;scripts/attack_responses.py
c1130,3001,0,0.933333337,1.033333302,parry,classified_estimate,false,false,98256c8f0b9e18ef9adfe7ffa04af2b319b0680e56dde1e7f5740b4b22fc695d,,src/attack_timings.rs;docs/enemy-coverage.json;scripts/generate-attack-timings.py;scripts/attack_responses.py
c1130,3002,0,1.133333325,1.233333349,parry,classified_estimate,false,false,98256c8f0b9e18ef9adfe7ffa04af2b319b0680e56dde1e7f5740b4b22fc695d,,src/attack_timings.rs;docs/enemy-coverage.json;scripts/generate-attack-timings.py;scripts/attack_responses.py
c1130,3003,0,1.000000000,1.066666722,unverified,extracted_unverified,false,false,98256c8f0b9e18ef9adfe7ffa04af2b319b0680e56dde1e7f5740b4b22fc695d,,src/attack_timings.rs;docs/enemy-coverage.json;scripts/generate-attack-timings.py;scripts/attack_responses.py
c1130,3004,0,1.066666722,1.166666627,unverified,extracted_unverified,false,false,98256c8f0b9e18ef9adfe7ffa04af2b319b0680e56dde1e7f5740b4b22fc695d,,src/attack_timings.rs;docs/enemy-coverage.json;scripts/generate-attack-timings.py;scripts/attack_responses.py
c1130,3005,0,1.366666675,1.533333302,parry,classified_estimate,false,false,98256c8f0b9e18ef9adfe7ffa04af2b319b0680e56dde1e7f5740b4b22fc695d,,src/attack_timings.rs;docs/enemy-coverage.json;scripts/generate-attack-timings.py;scripts/attack_responses.py
c1130,3006,0,0.733333349,0.833333313,parry,classified_estimate,false,false,98256c8f0b9e18ef9adfe7ffa04af2b319b0680e56dde1e7f5740b4b22fc695d,,src/attack_timings.rs;docs/enemy-coverage.json;scripts/generate-attack-timings.py;scripts/attack_responses.py
c1130,3007,0,1.533333302,1.633333325,unverified,extracted_unverified,false,false,98256c8f0b9e18ef9adfe7ffa04af2b319b0680e56dde1e7f5740b4b22fc695d,,src/attack_timings.rs;docs/enemy-coverage.json;scripts/generate-attack-timings.py;scripts/attack_responses.py
c1130,3008,0,1.233333349,1.333333373,unverified,extracted_unverified,false,false,98256c8f0b9e18ef9adfe7ffa04af2b319b0680e56dde1e7f5740b4b22fc695d,,src/attack_timings.rs;docs/enemy-coverage.json;scripts/generate-attack-timings.py;scripts/attack_responses.py
c1130,3009,0,4.166666508,4.266666889,unverified,extracted_unverified,false,false,98256c8f0b9e18ef9adfe7ffa04af2b319b0680e56dde1e7f5740b4b22fc695d,,src/attack_timings.rs;docs/enemy-coverage.json;scripts/generate-attack-timings.py;scripts/attack_responses.py
c1130,3010,0,1.533333302,1.633333325,unverified,extracted_unverified,false,false,98256c8f0b9e18ef9adfe7ffa04af2b319b0680e56dde1e7f5740b4b22fc695d,,src/attack_timings.rs;docs/enemy-coverage.json;scripts/generate-attack-timings.py;scripts/attack_responses.py
c1130,3011,0,0.733333349,0.833333313,parry,classified_estimate,false,false,98256c8f0b9e18ef9adfe7ffa04af2b319b0680e56dde1e7f5740b4b22fc695d,,src/attack_timings.rs;docs/enemy-coverage.json;scripts/generate-attack-timings.py;scripts/attack_responses.py
c1130,3012,0,1.000000000,1.066666722,unverified,extracted_unverified,false,false,98256c8f0b9e18ef9adfe7ffa04af2b319b0680e56dde1e7f5740b4b22fc695d,,src/attack_timings.rs;docs/enemy-coverage.json;scripts/generate-attack-timings.py;scripts/attack_responses.py
c1130,3013,0,0.899999976,1.000000000,unverified,extracted_unverified,false,false,98256c8f0b9e18ef9adfe7ffa04af2b319b0680e56dde1e7f5740b4b22fc695d,,src/attack_timings.rs;docs/enemy-coverage.json;scripts/generate-attack-timings.py;scripts/attack_responses.py
c1130,3060,0,1.133333325,1.233333349,parry,classified_estimate,false,false,98256c8f0b9e18ef9adfe7ffa04af2b319b0680e56dde1e7f5740b4b22fc695d,,src/attack_timings.rs;docs/enemy-coverage.json;scripts/generate-attack-timings.py;scripts/attack_responses.py
c1130,3065,0,1.033333302,1.200000048,unverified,extracted_unverified,false,false,98256c8f0b9e18ef9adfe7ffa04af2b319b0680e56dde1e7f5740b4b22fc695d,,src/attack_timings.rs;docs/enemy-coverage.json;scripts/generate-attack-timings.py;scripts/attack_responses.py
c1130,3091,0,1.066666722,1.299999952,unverified,extracted_unverified,false,false,98256c8f0b9e18ef9adfe7ffa04af2b319b0680e56dde1e7f5740b4b22fc695d,,src/attack_timings.rs;docs/enemy-coverage.json;scripts/generate-attack-timings.py;scripts/attack_responses.py
c1130,3092,0,0.966666639,1.200000048,unverified,extracted_unverified,false,false,98256c8f0b9e18ef9adfe7ffa04af2b319b0680e56dde1e7f5740b4b22fc695d,,src/attack_timings.rs;docs/enemy-coverage.json;scripts/generate-attack-timings.py;scripts/attack_responses.py
c1130,3092,1,1.799999952,1.866666675,unverified,extracted_unverified,false,false,98256c8f0b9e18ef9adfe7ffa04af2b319b0680e56dde1e7f5740b4b22fc695d,,src/attack_timings.rs;docs/enemy-coverage.json;scripts/generate-attack-timings.py;scripts/attack_responses.py
c1130,3092,2,2.400000095,2.466666698,unverified,extracted_unverified,false,false,98256c8f0b9e18ef9adfe7ffa04af2b319b0680e56dde1e7f5740b4b22fc695d,,src/attack_timings.rs;docs/enemy-coverage.json;scripts/generate-attack-timings.py;scripts/attack_responses.py
c1130,3092,3,3.766666651,3.833333254,unverified,extracted_unverified,false,false,98256c8f0b9e18ef9adfe7ffa04af2b319b0680e56dde1e7f5740b4b22fc695d,,src/attack_timings.rs;docs/enemy-coverage.json;scripts/generate-attack-timings.py;scripts/attack_responses.py
c1130,3093,0,1.799999952,1.933333278,unverified,extracted_unverified,false,false,98256c8f0b9e18ef9adfe7ffa04af2b319b0680e56dde1e7f5740b4b22fc695d,,src/attack_timings.rs;docs/enemy-coverage.json;scripts/generate-attack-timings.py;scripts/attack_responses.py
c1130,3093,1,2.666666746,2.799999952,unverified,extracted_unverified,false,false,98256c8f0b9e18ef9adfe7ffa04af2b319b0680e56dde1e7f5740b4b22fc695d,,src/attack_timings.rs;docs/enemy-coverage.json;scripts/generate-attack-timings.py;scripts/attack_responses.py
c1130,3093,2,3.266666651,3.366666555,unverified,extracted_unverified,false,false,98256c8f0b9e18ef9adfe7ffa04af2b319b0680e56dde1e7f5740b4b22fc695d,,src/attack_timings.rs;docs/enemy-coverage.json;scripts/generate-attack-timings.py;scripts/attack_responses.py
c1130,3093,3,4.599999905,4.699999809,unverified,extracted_unverified,false,false,98256c8f0b9e18ef9adfe7ffa04af2b319b0680e56dde1e7f5740b4b22fc695d,,src/attack_timings.rs;docs/enemy-coverage.json;scripts/generate-attack-timings.py;scripts/attack_responses.py
c1130,3095,0,1.200000048,1.399999976,unverified,extracted_unverified,false,false,98256c8f0b9e18ef9adfe7ffa04af2b319b0680e56dde1e7f5740b4b22fc695d,,src/attack_timings.rs;docs/enemy-coverage.json;scripts/generate-attack-timings.py;scripts/attack_responses.py
c1130,8603,0,0.000000000,1.000000000,unverified,extracted_unverified,false,false,98256c8f0b9e18ef9adfe7ffa04af2b319b0680e56dde1e7f5740b4b22fc695d,,src/attack_timings.rs;docs/enemy-coverage.json;scripts/generate-attack-timings.py;scripts/attack_responses.py
c1130,12000,0,1.700000048,2.700000048,unverified,extracted_unverified,false,false,98256c8f0b9e18ef9adfe7ffa04af2b319b0680e56dde1e7f5740b4b22fc695d,,src/attack_timings.rs;docs/enemy-coverage.json;scripts/generate-attack-timings.py;scripts/attack_responses.py
c1130,12200,0,1.166666627,2.566666603,unverified,extracted_unverified,false,false,98256c8f0b9e18ef9adfe7ffa04af2b319b0680e56dde1e7f5740b4b22fc695d,,src/attack_timings.rs;docs/enemy-coverage.json;scripts/generate-attack-timings.py;scripts/attack_responses.py
c1130,13110,0,1.700000048,2.700000048,unverified,extracted_unverified,false,false,98256c8f0b9e18ef9adfe7ffa04af2b319b0680e56dde1e7f5740b4b22fc695d,,src/attack_timings.rs;docs/enemy-coverage.json;scripts/generate-attack-timings.py;scripts/attack_responses.py
c1130,13200,0,1.166666627,2.566666603,unverified,extracted_unverified,false,false,98256c8f0b9e18ef9adfe7ffa04af2b319b0680e56dde1e7f5740b4b22fc695d,,src/attack_timings.rs;docs/enemy-coverage.json;scripts/generate-attack-timings.py;scripts/attack_responses.py
c1130,20000,0,0.000000000,2.766666651,unverified,extracted_unverified,false,false,98256c8f0b9e18ef9adfe7ffa04af2b319b0680e56dde1e7f5740b4b22fc695d,,src/attack_timings.rs;docs/enemy-coverage.json;scripts/generate-attack-timings.py;scripts/attack_responses.py
c1130,20004,0,0.000000000,2.766666651,unverified,extracted_unverified,false,false,98256c8f0b9e18ef9adfe7ffa04af2b319b0680e56dde1e7f5740b4b22fc695d,,src/attack_timings.rs;docs/enemy-coverage.json;scripts/generate-attack-timings.py;scripts/attack_responses.py
c1140,1040,0,0.300000012,0.366666675,unverified,extracted_unverified,false,false,bb94ddca1220168b5d8fa3685a3ac5a5a1a819a6d54a4329d086796f74f95bca,,src/attack_timings.rs;docs/enemy-coverage.json;scripts/generate-attack-timings.py;scripts/attack_responses.py
c1140,3000,0,0.133333340,0.266666681,unverified,extracted_unverified,false,false,bb94ddca1220168b5d8fa3685a3ac5a5a1a819a6d54a4329d086796f74f95bca,,src/attack_timings.rs;docs/enemy-coverage.json;scripts/generate-attack-timings.py;scripts/attack_responses.py
c1140,3000,1,0.933333337,1.000000000,unverified,extracted_unverified,false,false,bb94ddca1220168b5d8fa3685a3ac5a5a1a819a6d54a4329d086796f74f95bca,,src/attack_timings.rs;docs/enemy-coverage.json;scripts/generate-attack-timings.py;scripts/attack_responses.py
c1140,3001,0,0.100000001,0.233333334,unverified,extracted_unverified,false,false,bb94ddca1220168b5d8fa3685a3ac5a5a1a819a6d54a4329d086796f74f95bca,,src/attack_timings.rs;docs/enemy-coverage.json;scripts/generate-attack-timings.py;scripts/attack_responses.py
c1140,3001,1,1.266666651,1.333333373,unverified,extracted_unverified,false,false,bb94ddca1220168b5d8fa3685a3ac5a5a1a819a6d54a4329d086796f74f95bca,,src/attack_timings.rs;docs/enemy-coverage.json;scripts/generate-attack-timings.py;scripts/attack_responses.py
c1140,3002,0,0.800000012,0.933333337,parry,classified_estimate,false,false,bb94ddca1220168b5d8fa3685a3ac5a5a1a819a6d54a4329d086796f74f95bca,,src/attack_timings.rs;docs/enemy-coverage.json;scripts/generate-attack-timings.py;scripts/attack_responses.py
c1140,3003,0,1.033333302,1.100000024,unverified,extracted_unverified,false,false,bb94ddca1220168b5d8fa3685a3ac5a5a1a819a6d54a4329d086796f74f95bca,,src/attack_timings.rs;docs/enemy-coverage.json;scripts/generate-attack-timings.py;scripts/attack_responses.py
c1140,3004,0,0.800000012,0.933333337,unverified,extracted_unverified,false,false,bb94ddca1220168b5d8fa3685a3ac5a5a1a819a6d54a4329d086796f74f95bca,,src/attack_timings.rs;docs/enemy-coverage.json;scripts/generate-attack-timings.py;scripts/attack_responses.py
c1140,3005,0,1.133333325,1.200000048,unverified,extracted_unverified,false,false,bb94ddca1220168b5d8fa3685a3ac5a5a1a819a6d54a4329d086796f74f95bca,,src/attack_timings.rs;docs/enemy-coverage.json;scripts/generate-attack-timings.py;scripts/attack_responses.py
c1140,3006,0,0.633333325,0.766666651,parry,classified_estimate,false,false,bb94ddca1220168b5d8fa3685a3ac5a5a1a819a6d54a4329d086796f74f95bca,,src/attack_timings.rs;docs/enemy-coverage.json;scripts/generate-attack-timings.py;scripts/attack_responses.py
c1140,3007,0,0.800000012,0.933333337,parry,classified_estimate,false,false,bb94ddca1220168b5d8fa3685a3ac5a5a1a819a6d54a4329d086796f74f95bca,,src/attack_timings.rs;docs/enemy-coverage.json;scripts/generate-attack-timings.py;scripts/attack_responses.py
c1140,3008,0,0.766666651,0.899999976,parry,classified_estimate,false,false,bb94ddca1220168b5d8fa3685a3ac5a5a1a819a6d54a4329d086796f74f95bca,,src/attack_timings.rs;docs/enemy-coverage.json;scripts/generate-attack-timings.py;scripts/attack_responses.py
c1140,3010,0,0.699999988,0.933333337,dodge,classified_estimate,false,false,bb94ddca1220168b5d8fa3685a3ac5a5a1a819a6d54a4329d086796f74f95bca,11400190,src/attack_timings.rs;docs/enemy-coverage.json;docs/response-coverage.json;scripts/generate-attack-timings.py;scripts/attack_responses.py
c1140,3011,0,0.733333349,0.933333337,dodge,classified_estimate,false,false,bb94ddca1220168b5d8fa3685a3ac5a5a1a819a6d54a4329d086796f74f95bca,11400200,src/attack_timings.rs;docs/enemy-coverage.json;docs/response-coverage.json;scripts/generate-attack-timings.py;scripts/attack_responses.py
c1140,3012,0,0.133333340,0.266666681,unverified,extracted_unverified,false,false,bb94ddca1220168b5d8fa3685a3ac5a5a1a819a6d54a4329d086796f74f95bca,,src/attack_timings.rs;docs/enemy-coverage.json;scripts/generate-attack-timings.py;scripts/attack_responses.py
c1140,3012,1,0.800000012,0.933333337,unverified,extracted_unverified,false,false,bb94ddca1220168b5d8fa3685a3ac5a5a1a819a6d54a4329d086796f74f95bca,,src/attack_timings.rs;docs/enemy-coverage.json;scripts/generate-attack-timings.py;scripts/attack_responses.py
c1140,3013,0,0.133333340,0.266666681,unverified,extracted_unverified,false,false,bb94ddca1220168b5d8fa3685a3ac5a5a1a819a6d54a4329d086796f74f95bca,,src/attack_timings.rs;docs/enemy-coverage.json;scripts/generate-attack-timings.py;scripts/attack_responses.py
c1140,3013,1,0.766666651,0.933333337,unverified,extracted_unverified,false,false,bb94ddca1220168b5d8fa3685a3ac5a5a1a819a6d54a4329d086796f74f95bca,,src/attack_timings.rs;docs/enemy-coverage.json;scripts/generate-attack-timings.py;scripts/attack_responses.py
c1140,3015,0,0.600000024,0.733333349,unverified,extracted_unverified,false,false,bb94ddca1220168b5d8fa3685a3ac5a5a1a819a6d54a4329d086796f74f95bca,,src/attack_timings.rs;docs/enemy-coverage.json;scripts/generate-attack-timings.py;scripts/attack_responses.py
c1140,3015,1,1.700000048,1.833333373,unverified,extracted_unverified,false,false,bb94ddca1220168b5d8fa3685a3ac5a5a1a819a6d54a4329d086796f74f95bca,,src/attack_timings.rs;docs/enemy-coverage.json;scripts/generate-attack-timings.py;scripts/attack_responses.py
c1140,3016,0,1.200000048,1.333333373,parry,classified_estimate,false,false,bb94ddca1220168b5d8fa3685a3ac5a5a1a819a6d54a4329d086796f74f95bca,,src/attack_timings.rs;docs/enemy-coverage.json;scripts/generate-attack-timings.py;scripts/attack_responses.py
c1140,3017,0,1.066666722,1.200000048,parry,classified_estimate,false,false,bb94ddca1220168b5d8fa3685a3ac5a5a1a819a6d54a4329d086796f74f95bca,,src/attack_timings.rs;docs/enemy-coverage.json;scripts/generate-attack-timings.py;scripts/attack_responses.py
c1150,3000,0,0.000000000,0.166666672,unverified,extracted_unverified,false,false,2f21e96ac6f99ac720f83e71817bf410dd371164af7a0911a2e3a1993b38ea60,,src/attack_timings.rs;docs/enemy-coverage.json;scripts/generate-attack-timings.py;scripts/attack_responses.py
c1150,3000,1,0.566666663,0.699999988,parry,classified_estimate,false,false,2f21e96ac6f99ac720f83e71817bf410dd371164af7a0911a2e3a1993b38ea60,,src/attack_timings.rs;docs/enemy-coverage.json;scripts/generate-attack-timings.py;scripts/attack_responses.py
c1150,3001,0,0.000000000,0.166666672,unverified,extracted_unverified,false,false,2f21e96ac6f99ac720f83e71817bf410dd371164af7a0911a2e3a1993b38ea60,,src/attack_timings.rs;docs/enemy-coverage.json;scripts/generate-attack-timings.py;scripts/attack_responses.py
c1150,3001,1,0.566666663,0.699999988,parry,classified_estimate,false,false,2f21e96ac6f99ac720f83e71817bf410dd371164af7a0911a2e3a1993b38ea60,,src/attack_timings.rs;docs/enemy-coverage.json;scripts/generate-attack-timings.py;scripts/attack_responses.py
c1150,3005,0,0.200000003,0.566666663,parry,classified_estimate,false,false,2f21e96ac6f99ac720f83e71817bf410dd371164af7a0911a2e3a1993b38ea60,,src/attack_timings.rs;docs/enemy-coverage.json;scripts/generate-attack-timings.py;scripts/attack_responses.py
c1150,20000,0,0.566666663,0.699999988,parry,classified_estimate,false,false,2f21e96ac6f99ac720f83e71817bf410dd371164af7a0911a2e3a1993b38ea60,,src/attack_timings.rs;docs/enemy-coverage.json;scripts/generate-attack-timings.py;scripts/attack_responses.py
c1180,3000,0,1.366666675,1.500000000,unverified,extracted_unverified,false,false,a4b5801406e5bc9046dc3f74d20693b9e0e7dba3b34afa62ce1e28dd7210e4bf,,src/attack_timings.rs;docs/enemy-coverage.json;scripts/generate-attack-timings.py;scripts/attack_responses.py
c1180,3001,0,1.433333278,1.566666722,unverified,extracted_unverified,false,false,a4b5801406e5bc9046dc3f74d20693b9e0e7dba3b34afa62ce1e28dd7210e4bf,,src/attack_timings.rs;docs/enemy-coverage.json;scripts/generate-attack-timings.py;scripts/attack_responses.py
c1180,3004,0,1.299999952,1.433333278,unverified,extracted_unverified,false,false,a4b5801406e5bc9046dc3f74d20693b9e0e7dba3b34afa62ce1e28dd7210e4bf,,src/attack_timings.rs;docs/enemy-coverage.json;scripts/generate-attack-timings.py;scripts/attack_responses.py
c1180,3005,0,1.000000000,1.200000048,parry,classified_estimate,false,false,a4b5801406e5bc9046dc3f74d20693b9e0e7dba3b34afa62ce1e28dd7210e4bf,,src/attack_timings.rs;docs/enemy-coverage.json;scripts/generate-attack-timings.py;scripts/attack_responses.py
c1180,3006,0,1.166666627,1.299999952,unverified,extracted_unverified,false,false,a4b5801406e5bc9046dc3f74d20693b9e0e7dba3b34afa62ce1e28dd7210e4bf,,src/attack_timings.rs;docs/enemy-coverage.json;scripts/generate-attack-timings.py;scripts/attack_responses.py
c1180,3007,0,1.566666722,1.766666651,parry,classified_estimate,false,false,a4b5801406e5bc9046dc3f74d20693b9e0e7dba3b34afa62ce1e28dd7210e4bf,,src/attack_timings.rs;docs/enemy-coverage.json;scripts/generate-attack-timings.py;scripts/attack_responses.py
c1180,3008,0,1.000000000,1.133333325,jump,classified_estimate,false,false,a4b5801406e5bc9046dc3f74d20693b9e0e7dba3b34afa62ce1e28dd7210e4bf,11801121,src/attack_timings.rs;docs/enemy-coverage.json;docs/response-coverage.json;scripts/generate-attack-timings.py;scripts/attack_responses.py
c1180,3009,0,1.633333325,1.766666651,unverified,extracted_unverified,false,false,a4b5801406e5bc9046dc3f74d20693b9e0e7dba3b34afa62ce1e28dd7210e4bf,,src/attack_timings.rs;docs/enemy-coverage.json;scripts/generate-attack-timings.py;scripts/attack_responses.py
c1180,3010,0,1.066666722,1.266666651,parry,classified_estimate,false,false,a4b5801406e5bc9046dc3f74d20693b9e0e7dba3b34afa62ce1e28dd7210e4bf,,src/attack_timings.rs;docs/enemy-coverage.json;scripts/generate-attack-timings.py;scripts/attack_responses.py
c1180,3011,0,0.699999988,0.833333313,parry,classified_estimate,false,false,a4b5801406e5bc9046dc3f74d20693b9e0e7dba3b34afa62ce1e28dd7210e4bf,,src/attack_timings.rs;docs/enemy-coverage.json;scripts/generate-attack-timings.py;scripts/attack_responses.py
c1180,3012,0,0.733333349,0.866666675,unverified,extracted_unverified,false,false,a4b5801406e5bc9046dc3f74d20693b9e0e7dba3b34afa62ce1e28dd7210e4bf,,src/attack_timings.rs;docs/enemy-coverage.json;scripts/generate-attack-timings.py;scripts/attack_responses.py
c1180,3012,1,1.933333278,2.066666603,unverified,extracted_unverified,false,false,a4b5801406e5bc9046dc3f74d20693b9e0e7dba3b34afa62ce1e28dd7210e4bf,,src/attack_timings.rs;docs/enemy-coverage.json;scripts/generate-attack-timings.py;scripts/attack_responses.py
c1180,3013,0,0.300000012,0.433333337,parry,classified_estimate,false,false,a4b5801406e5bc9046dc3f74d20693b9e0e7dba3b34afa62ce1e28dd7210e4bf,,src/attack_timings.rs;docs/enemy-coverage.json;scripts/generate-attack-timings.py;scripts/attack_responses.py
c1180,3014,0,0.833333313,1.033333302,parry,classified_estimate,false,false,a4b5801406e5bc9046dc3f74d20693b9e0e7dba3b34afa62ce1e28dd7210e4bf,,src/attack_timings.rs;docs/enemy-coverage.json;scripts/generate-attack-timings.py;scripts/attack_responses.py
c1180,3015,0,0.866666675,1.066666722,parry,classified_estimate,false,false,a4b5801406e5bc9046dc3f74d20693b9e0e7dba3b34afa62ce1e28dd7210e4bf,,src/attack_timings.rs;docs/enemy-coverage.json;scripts/generate-attack-timings.py;scripts/attack_responses.py
c1180,3020,0,2.500000000,2.633333445,unverified,extracted_unverified,false,false,a4b5801406e5bc9046dc3f74d20693b9e0e7dba3b34afa62ce1e28dd7210e4bf,,src/attack_timings.rs;docs/enemy-coverage.json;scripts/generate-attack-timings.py;scripts/attack_responses.py
c1180,3020,1,3.066666603,3.200000048,unverified,extracted_unverified,false,false,a4b5801406e5bc9046dc3f74d20693b9e0e7dba3b34afa62ce1e28dd7210e4bf,,src/attack_timings.rs;docs/enemy-coverage.json;scripts/generate-attack-timings.py;scripts/attack_responses.py
c1180,3020,2,3.433333397,3.566666603,unverified,extracted_unverified,false,false,a4b5801406e5bc9046dc3f74d20693b9e0e7dba3b34afa62ce1e28dd7210e4bf,,src/attack_timings.rs;docs/enemy-coverage.json;scripts/generate-attack-timings.py;scripts/attack_responses.py
c1180,3020,3,4.033333302,4.166666508,unverified,extracted_unverified,false,false,a4b5801406e5bc9046dc3f74d20693b9e0e7dba3b34afa62ce1e28dd7210e4bf,,src/attack_timings.rs;docs/enemy-coverage.json;scripts/generate-attack-timings.py;scripts/attack_responses.py
c1180,3020,4,4.966666698,5.133333206,unverified,extracted_unverified,false,false,a4b5801406e5bc9046dc3f74d20693b9e0e7dba3b34afa62ce1e28dd7210e4bf,,src/attack_timings.rs;docs/enemy-coverage.json;scripts/generate-attack-timings.py;scripts/attack_responses.py
c1180,3020,5,6.033333302,6.166666508,unverified,extracted_unverified,false,false,a4b5801406e5bc9046dc3f74d20693b9e0e7dba3b34afa62ce1e28dd7210e4bf,,src/attack_timings.rs;docs/enemy-coverage.json;scripts/generate-attack-timings.py;scripts/attack_responses.py
c1180,3021,0,3.900000095,4.066666603,unverified,extracted_unverified,false,false,a4b5801406e5bc9046dc3f74d20693b9e0e7dba3b34afa62ce1e28dd7210e4bf,,src/attack_timings.rs;docs/enemy-coverage.json;scripts/generate-attack-timings.py;scripts/attack_responses.py
c1180,100003000,0,1.366666675,1.500000000,unverified,extracted_unverified,false,false,a4b5801406e5bc9046dc3f74d20693b9e0e7dba3b34afa62ce1e28dd7210e4bf,,src/attack_timings.rs;docs/enemy-coverage.json;scripts/generate-attack-timings.py;scripts/attack_responses.py
c1180,100003001,0,1.433333278,1.566666722,unverified,extracted_unverified,false,false,a4b5801406e5bc9046dc3f74d20693b9e0e7dba3b34afa62ce1e28dd7210e4bf,,src/attack_timings.rs;docs/enemy-coverage.json;scripts/generate-attack-timings.py;scripts/attack_responses.py
c1180,100003004,0,1.299999952,1.433333278,unverified,extracted_unverified,false,false,a4b5801406e5bc9046dc3f74d20693b9e0e7dba3b34afa62ce1e28dd7210e4bf,,src/attack_timings.rs;docs/enemy-coverage.json;scripts/generate-attack-timings.py;scripts/attack_responses.py
c1180,100003009,0,1.633333325,1.766666651,unverified,extracted_unverified,false,false,a4b5801406e5bc9046dc3f74d20693b9e0e7dba3b34afa62ce1e28dd7210e4bf,,src/attack_timings.rs;docs/enemy-coverage.json;scripts/generate-attack-timings.py;scripts/attack_responses.py
c1180,100003011,0,0.699999988,0.833333313,parry,classified_estimate,false,false,a4b5801406e5bc9046dc3f74d20693b9e0e7dba3b34afa62ce1e28dd7210e4bf,,src/attack_timings.rs;docs/enemy-coverage.json;scripts/generate-attack-timings.py;scripts/attack_responses.py
c1180,100003012,0,0.733333349,0.866666675,unverified,extracted_unverified,false,false,a4b5801406e5bc9046dc3f74d20693b9e0e7dba3b34afa62ce1e28dd7210e4bf,,src/attack_timings.rs;docs/enemy-coverage.json;scripts/generate-attack-timings.py;scripts/attack_responses.py
c1180,100003012,1,1.933333278,2.066666603,unverified,extracted_unverified,false,false,a4b5801406e5bc9046dc3f74d20693b9e0e7dba3b34afa62ce1e28dd7210e4bf,,src/attack_timings.rs;docs/enemy-coverage.json;scripts/generate-attack-timings.py;scripts/attack_responses.py
c1180,100003013,0,0.300000012,0.433333337,parry,classified_estimate,false,false,a4b5801406e5bc9046dc3f74d20693b9e0e7dba3b34afa62ce1e28dd7210e4bf,,src/attack_timings.rs;docs/enemy-coverage.json;scripts/generate-attack-timings.py;scripts/attack_responses.py
c1180,100003020,0,2.500000000,2.633333445,unverified,extracted_unverified,false,false,a4b5801406e5bc9046dc3f74d20693b9e0e7dba3b34afa62ce1e28dd7210e4bf,,src/attack_timings.rs;docs/enemy-coverage.json;scripts/generate-attack-timings.py;scripts/attack_responses.py
c1180,100003020,1,3.066666603,3.200000048,unverified,extracted_unverified,false,false,a4b5801406e5bc9046dc3f74d20693b9e0e7dba3b34afa62ce1e28dd7210e4bf,,src/attack_timings.rs;docs/enemy-coverage.json;scripts/generate-attack-timings.py;scripts/attack_responses.py
c1180,100003020,2,3.433333397,3.566666603,unverified,extracted_unverified,false,false,a4b5801406e5bc9046dc3f74d20693b9e0e7dba3b34afa62ce1e28dd7210e4bf,,src/attack_timings.rs;docs/enemy-coverage.json;scripts/generate-attack-timings.py;scripts/attack_responses.py
c1180,100003020,3,4.033333302,4.166666508,unverified,extracted_unverified,false,false,a4b5801406e5bc9046dc3f74d20693b9e0e7dba3b34afa62ce1e28dd7210e4bf,,src/attack_timings.rs;docs/enemy-coverage.json;scripts/generate-attack-timings.py;scripts/attack_responses.py
c1180,100003020,4,4.966666698,5.133333206,unverified,extracted_unverified,false,false,a4b5801406e5bc9046dc3f74d20693b9e0e7dba3b34afa62ce1e28dd7210e4bf,,src/attack_timings.rs;docs/enemy-coverage.json;scripts/generate-attack-timings.py;scripts/attack_responses.py
c1180,100003020,5,6.033333302,6.166666508,unverified,extracted_unverified,false,false,a4b5801406e5bc9046dc3f74d20693b9e0e7dba3b34afa62ce1e28dd7210e4bf,,src/attack_timings.rs;docs/enemy-coverage.json;scripts/generate-attack-timings.py;scripts/attack_responses.py
c1180,200003000,0,0.833333313,1.033333302,unverified,extracted_unverified,false,false,a4b5801406e5bc9046dc3f74d20693b9e0e7dba3b34afa62ce1e28dd7210e4bf,,src/attack_timings.rs;docs/enemy-coverage.json;scripts/generate-attack-timings.py;scripts/attack_responses.py
c1180,200003001,0,1.100000024,1.233333349,unverified,extracted_unverified,false,false,a4b5801406e5bc9046dc3f74d20693b9e0e7dba3b34afa62ce1e28dd7210e4bf,,src/attack_timings.rs;docs/enemy-coverage.json;scripts/generate-attack-timings.py;scripts/attack_responses.py
c1180,200003002,0,0.966666639,1.100000024,unverified,extracted_unverified,false,false,a4b5801406e5bc9046dc3f74d20693b9e0e7dba3b34afa62ce1e28dd7210e4bf,,src/attack_timings.rs;docs/enemy-coverage.json;scripts/generate-attack-timings.py;scripts/attack_responses.py
c1180,200003003,0,0.933333337,2.966666698,unverified,extracted_unverified,false,false,a4b5801406e5bc9046dc3f74d20693b9e0e7dba3b34afa62ce1e28dd7210e4bf,,src/attack_timings.rs;docs/enemy-coverage.json;scripts/generate-attack-timings.py;scripts/attack_responses.py
c1180,200003006,0,0.500000000,0.633333325,parry,classified_estimate,false,false,a4b5801406e5bc9046dc3f74d20693b9e0e7dba3b34afa62ce1e28dd7210e4bf,,src/attack_timings.rs;docs/enemy-coverage.json;scripts/generate-attack-timings.py;scripts/attack_responses.py
c1180,200003006,1,1.600000024,2.099999905,unverified,extracted_unverified,false,false,a4b5801406e5bc9046dc3f74d20693b9e0e7dba3b34afa62ce1e28dd7210e4bf,,src/attack_timings.rs;docs/enemy-coverage.json;scripts/generate-attack-timings.py;scripts/attack_responses.py
c1180,200003006,2,3.033333302,3.366666555,parry,classified_estimate,false,false,a4b5801406e5bc9046dc3f74d20693b9e0e7dba3b34afa62ce1e28dd7210e4bf,,src/attack_timings.rs;docs/enemy-coverage.json;scripts/generate-attack-timings.py;scripts/attack_responses.py
c1180,200003007,0,0.433333337,0.566666663,parry,classified_estimate,false,false,a4b5801406e5bc9046dc3f74d20693b9e0e7dba3b34afa62ce1e28dd7210e4bf,,src/attack_timings.rs;docs/enemy-coverage.json;scripts/generate-attack-timings.py;scripts/attack_responses.py
c1180,200003007,1,1.399999976,1.533333302,unverified,extracted_unverified,false,false,a4b5801406e5bc9046dc3f74d20693b9e0e7dba3b34afa62ce1e28dd7210e4bf,,src/attack_timings.rs;docs/enemy-coverage.json;scripts/generate-attack-timings.py;scripts/attack_responses.py
c1180,200003007,2,2.566666603,2.766666651,unverified,extracted_unverified,false,false,a4b5801406e5bc9046dc3f74d20693b9e0e7dba3b34afa62ce1e28dd7210e4bf,,src/attack_timings.rs;docs/enemy-coverage.json;scripts/generate-attack-timings.py;scripts/attack_responses.py
c1180,200003008,0,2.133333445,2.266666651,unverified,extracted_unverified,false,false,a4b5801406e5bc9046dc3f74d20693b9e0e7dba3b34afa62ce1e28dd7210e4bf,,src/attack_timings.rs;docs/enemy-coverage.json;scripts/generate-attack-timings.py;scripts/attack_responses.py
c1180,200003009,0,0.766666651,0.966666639,parry,classified_estimate,false,false,a4b5801406e5bc9046dc3f74d20693b9e0e7dba3b34afa62ce1e28dd7210e4bf,,src/attack_timings.rs;docs/enemy-coverage.json;scripts/generate-attack-timings.py;scripts/attack_responses.py
c1180,200003010,0,0.933333337,1.066666722,unverified,extracted_unverified,false,false,a4b5801406e5bc9046dc3f74d20693b9e0e7dba3b34afa62ce1e28dd7210e4bf,,src/attack_timings.rs;docs/enemy-coverage.json;scripts/generate-attack-timings.py;scripts/attack_responses.py
c1180,200003020,0,1.799999952,2.000000000,unverified,extracted_unverified,false,false,a4b5801406e5bc9046dc3f74d20693b9e0e7dba3b34afa62ce1e28dd7210e4bf,,src/attack_timings.rs;docs/enemy-coverage.json;scripts/generate-attack-timings.py;scripts/attack_responses.py
c1180,200003020,1,2.400000095,2.533333302,unverified,extracted_unverified,false,false,a4b5801406e5bc9046dc3f74d20693b9e0e7dba3b34afa62ce1e28dd7210e4bf,,src/attack_timings.rs;docs/enemy-coverage.json;scripts/generate-attack-timings.py;scripts/attack_responses.py
c1180,200003020,2,2.900000095,3.033333302,unverified,extracted_unverified,false,false,a4b5801406e5bc9046dc3f74d20693b9e0e7dba3b34afa62ce1e28dd7210e4bf,,src/attack_timings.rs;docs/enemy-coverage.json;scripts/generate-attack-timings.py;scripts/attack_responses.py
c1180,200003020,3,3.733333349,3.866666555,unverified,extracted_unverified,false,false,a4b5801406e5bc9046dc3f74d20693b9e0e7dba3b34afa62ce1e28dd7210e4bf,,src/attack_timings.rs;docs/enemy-coverage.json;scripts/generate-attack-timings.py;scripts/attack_responses.py
c1180,200003020,4,5.266666889,5.400000095,unverified,extracted_unverified,false,false,a4b5801406e5bc9046dc3f74d20693b9e0e7dba3b34afa62ce1e28dd7210e4bf,,src/attack_timings.rs;docs/enemy-coverage.json;scripts/generate-attack-timings.py;scripts/attack_responses.py
c1180,200003020,5,5.833333492,6.000000000,unverified,extracted_unverified,false,false,a4b5801406e5bc9046dc3f74d20693b9e0e7dba3b34afa62ce1e28dd7210e4bf,,src/attack_timings.rs;docs/enemy-coverage.json;scripts/generate-attack-timings.py;scripts/attack_responses.py
c1180,200003020,6,6.966666698,7.099999905,unverified,extracted_unverified,false,false,a4b5801406e5bc9046dc3f74d20693b9e0e7dba3b34afa62ce1e28dd7210e4bf,,src/attack_timings.rs;docs/enemy-coverage.json;scripts/generate-attack-timings.py;scripts/attack_responses.py
c1180,300003000,0,3.299999952,3.433333397,unverified,extracted_unverified,false,false,a4b5801406e5bc9046dc3f74d20693b9e0e7dba3b34afa62ce1e28dd7210e4bf,,src/attack_timings.rs;docs/enemy-coverage.json;scripts/generate-attack-timings.py;scripts/attack_responses.py
c1180,400003000,0,0.833333313,0.966666639,unverified,extracted_unverified,false,false,a4b5801406e5bc9046dc3f74d20693b9e0e7dba3b34afa62ce1e28dd7210e4bf,,src/attack_timings.rs;docs/enemy-coverage.json;scripts/generate-attack-timings.py;scripts/attack_responses.py
c1180,400003001,0,0.666666687,0.800000012,unverified,extracted_unverified,false,false,a4b5801406e5bc9046dc3f74d20693b9e0e7dba3b34afa62ce1e28dd7210e4bf,,src/attack_timings.rs;docs/enemy-coverage.json;scripts/generate-attack-timings.py;scripts/attack_responses.py
c1180,400003002,0,1.233333349,1.366666675,unverified,extracted_unverified,false,false,a4b5801406e5bc9046dc3f74d20693b9e0e7dba3b34afa62ce1e28dd7210e4bf,,src/attack_timings.rs;docs/enemy-coverage.json;scripts/generate-attack-timings.py;scripts/attack_responses.py
c1180,400003005,0,0.766666651,0.899999976,unverified,extracted_unverified,false,false,a4b5801406e5bc9046dc3f74d20693b9e0e7dba3b34afa62ce1e28dd7210e4bf,,src/attack_timings.rs;docs/enemy-coverage.json;scripts/generate-attack-timings.py;scripts/attack_responses.py
c1180,400003006,0,1.466666698,1.600000024,unverified,extracted_unverified,false,false,a4b5801406e5bc9046dc3f74d20693b9e0e7dba3b34afa62ce1e28dd7210e4bf,,src/attack_timings.rs;docs/enemy-coverage.json;scripts/generate-attack-timings.py;scripts/attack_responses.py
c1180,400003007,0,1.266666651,1.466666698,unverified,extracted_unverified,false,false,a4b5801406e5bc9046dc3f74d20693b9e0e7dba3b34afa62ce1e28dd7210e4bf,,src/attack_timings.rs;docs/enemy-coverage.json;scripts/generate-attack-timings.py;scripts/attack_responses.py
c1180,400003007,1,2.866666555,3.066666603,unverified,extracted_unverified,false,false,a4b5801406e5bc9046dc3f74d20693b9e0e7dba3b34afa62ce1e28dd7210e4bf,,src/attack_timings.rs;docs/enemy-coverage.json;scripts/generate-attack-timings.py;scripts/attack_responses.py
c1180,400003007,2,5.766666889,5.966666698,unverified,extracted_unverified,false,false,a4b5801406e5bc9046dc3f74d20693b9e0e7dba3b34afa62ce1e28dd7210e4bf,,src/attack_timings.rs;docs/enemy-coverage.json;scripts/generate-attack-timings.py;scripts/attack_responses.py
c1180,400003008,0,0.866666675,1.000000000,unverified,extracted_unverified,false,false,a4b5801406e5bc9046dc3f74d20693b9e0e7dba3b34afa62ce1e28dd7210e4bf,,src/attack_timings.rs;docs/enemy-coverage.json;scripts/generate-attack-timings.py;scripts/attack_responses.py
c1180,400003008,1,1.299999952,1.399999976,unverified,extracted_unverified,false,false,a4b5801406e5bc9046dc3f74d20693b9e0e7dba3b34afa62ce1e28dd7210e4bf,,src/attack_timings.rs;docs/enemy-coverage.json;scripts/generate-attack-timings.py;scripts/attack_responses.py
c1180,400003008,2,1.466666698,1.566666722,unverified,extracted_unverified,false,false,a4b5801406e5bc9046dc3f74d20693b9e0e7dba3b34afa62ce1e28dd7210e4bf,,src/attack_timings.rs;docs/enemy-coverage.json;scripts/generate-attack-timings.py;scripts/attack_responses.py
c1180,400003008,3,1.666666627,1.766666651,unverified,extracted_unverified,false,false,a4b5801406e5bc9046dc3f74d20693b9e0e7dba3b34afa62ce1e28dd7210e4bf,,src/attack_timings.rs;docs/enemy-coverage.json;scripts/generate-attack-timings.py;scripts/attack_responses.py
c1180,400003008,4,1.866666675,1.966666698,unverified,extracted_unverified,false,false,a4b5801406e5bc9046dc3f74d20693b9e0e7dba3b34afa62ce1e28dd7210e4bf,,src/attack_timings.rs;docs/enemy-coverage.json;scripts/generate-attack-timings.py;scripts/attack_responses.py
c1180,400003008,5,2.066666603,2.166666746,unverified,extracted_unverified,false,false,a4b5801406e5bc9046dc3f74d20693b9e0e7dba3b34afa62ce1e28dd7210e4bf,,src/attack_timings.rs;docs/enemy-coverage.json;scripts/generate-attack-timings.py;scripts/attack_responses.py
c1180,400003008,6,2.233333349,2.333333254,unverified,extracted_unverified,false,false,a4b5801406e5bc9046dc3f74d20693b9e0e7dba3b34afa62ce1e28dd7210e4bf,,src/attack_timings.rs;docs/enemy-coverage.json;scripts/generate-attack-timings.py;scripts/attack_responses.py
c1180,400003008,7,2.400000095,2.500000000,unverified,extracted_unverified,false,false,a4b5801406e5bc9046dc3f74d20693b9e0e7dba3b34afa62ce1e28dd7210e4bf,,src/attack_timings.rs;docs/enemy-coverage.json;scripts/generate-attack-timings.py;scripts/attack_responses.py
c1180,400003008,8,2.966666698,3.133333445,unverified,extracted_unverified,false,false,a4b5801406e5bc9046dc3f74d20693b9e0e7dba3b34afa62ce1e28dd7210e4bf,,src/attack_timings.rs;docs/enemy-coverage.json;scripts/generate-attack-timings.py;scripts/attack_responses.py
c1180,400003010,0,0.500000000,0.766666651,unverified,extracted_unverified,false,false,a4b5801406e5bc9046dc3f74d20693b9e0e7dba3b34afa62ce1e28dd7210e4bf,,src/attack_timings.rs;docs/enemy-coverage.json;scripts/generate-attack-timings.py;scripts/attack_responses.py
c1180,400003011,0,0.500000000,0.833333313,unverified,extracted_unverified,false,false,a4b5801406e5bc9046dc3f74d20693b9e0e7dba3b34afa62ce1e28dd7210e4bf,,src/attack_timings.rs;docs/enemy-coverage.json;scripts/generate-attack-timings.py;scripts/attack_responses.py
c1180,400003015,0,1.166666627,1.399999976,unverified,extracted_unverified,false,false,a4b5801406e5bc9046dc3f74d20693b9e0e7dba3b34afa62ce1e28dd7210e4bf,,src/attack_timings.rs;docs/enemy-coverage.json;scripts/generate-attack-timings.py;scripts/attack_responses.py
c1180,400003016,0,0.233333334,0.400000006,unverified,extracted_unverified,false,false,a4b5801406e5bc9046dc3f74d20693b9e0e7dba3b34afa62ce1e28dd7210e4bf,,src/attack_timings.rs;docs/enemy-coverage.json;scripts/generate-attack-timings.py;scripts/attack_responses.py
c1180,400003017,0,0.333333343,0.500000000,unverified,extracted_unverified,false,false,a4b5801406e5bc9046dc3f74d20693b9e0e7dba3b34afa62ce1e28dd7210e4bf,,src/attack_timings.rs;docs/enemy-coverage.json;scripts/generate-attack-timings.py;scripts/attack_responses.py
c1180,400003017,1,2.066666603,2.233333349,unverified,extracted_unverified,false,false,a4b5801406e5bc9046dc3f74d20693b9e0e7dba3b34afa62ce1e28dd7210e4bf,,src/attack_timings.rs;docs/enemy-coverage.json;scripts/generate-attack-timings.py;scripts/attack_responses.py
c1180,400003018,0,1.366666675,1.500000000,unverified,extracted_unverified,false,false,a4b5801406e5bc9046dc3f74d20693b9e0e7dba3b34afa62ce1e28dd7210e4bf,,src/attack_timings.rs;docs/enemy-coverage.json;scripts/generate-attack-timings.py;scripts/attack_responses.py
c1180,400003020,0,0.300000012,0.433333337,unverified,extracted_unverified,false,false,a4b5801406e5bc9046dc3f74d20693b9e0e7dba3b34afa62ce1e28dd7210e4bf,,src/attack_timings.rs;docs/enemy-coverage.json;scripts/generate-attack-timings.py;scripts/attack_responses.py
c1180,400003021,0,0.433333337,0.566666663,unverified,extracted_unverified,false,false,a4b5801406e5bc9046dc3f74d20693b9e0e7dba3b34afa62ce1e28dd7210e4bf,,src/attack_timings.rs;docs/enemy-coverage.json;scripts/generate-attack-timings.py;scripts/attack_responses.py
c1180,400003022,0,0.766666651,0.899999976,unverified,extracted_unverified,false,false,a4b5801406e5bc9046dc3f74d20693b9e0e7dba3b34afa62ce1e28dd7210e4bf,,src/attack_timings.rs;docs/enemy-coverage.json;scripts/generate-attack-timings.py;scripts/attack_responses.py
c1180,400003060,0,1.033333302,1.233333349,unverified,extracted_unverified,false,false,a4b5801406e5bc9046dc3f74d20693b9e0e7dba3b34afa62ce1e28dd7210e4bf,,src/attack_timings.rs;docs/enemy-coverage.json;scripts/generate-attack-timings.py;scripts/attack_responses.py
c1180,400003061,0,1.333333373,1.533333302,unverified,extracted_unverified,false,false,a4b5801406e5bc9046dc3f74d20693b9e0e7dba3b34afa62ce1e28dd7210e4bf,,src/attack_timings.rs;docs/enemy-coverage.json;scripts/generate-attack-timings.py;scripts/attack_responses.py
c1180,400003065,0,1.033333302,1.233333349,unverified,extracted_unverified,false,false,a4b5801406e5bc9046dc3f74d20693b9e0e7dba3b34afa62ce1e28dd7210e4bf,,src/attack_timings.rs;docs/enemy-coverage.json;scripts/generate-attack-timings.py;scripts/attack_responses.py
c1180,400003066,0,1.333333373,1.533333302,unverified,extracted_unverified,false,false,a4b5801406e5bc9046dc3f74d20693b9e0e7dba3b34afa62ce1e28dd7210e4bf,,src/attack_timings.rs;docs/enemy-coverage.json;scripts/generate-attack-timings.py;scripts/attack_responses.py
c1190,3010,0,0.666666687,0.833333313,unverified,extracted_unverified,false,false,71c63f90c36250df130fe6d743ec48980f4c08664212a988d53af421858d0a16,,src/attack_timings.rs;docs/enemy-coverage.json;scripts/generate-attack-timings.py;scripts/attack_responses.py
c1190,3012,0,0.733333349,0.933333337,parry,classified_estimate,false,false,71c63f90c36250df130fe6d743ec48980f4c08664212a988d53af421858d0a16,,src/attack_timings.rs;docs/enemy-coverage.json;scripts/generate-attack-timings.py;scripts/attack_responses.py
c1190,3013,0,0.466666669,0.766666651,unverified,extracted_unverified,false,false,71c63f90c36250df130fe6d743ec48980f4c08664212a988d53af421858d0a16,,src/attack_timings.rs;docs/enemy-coverage.json;scripts/generate-attack-timings.py;scripts/attack_responses.py
c1190,3014,0,1.600000024,2.000000000,unverified,extracted_unverified,false,false,71c63f90c36250df130fe6d743ec48980f4c08664212a988d53af421858d0a16,,src/attack_timings.rs;docs/enemy-coverage.json;scripts/generate-attack-timings.py;scripts/attack_responses.py
c1190,3070,0,0.500000000,0.733333349,unverified,extracted_unverified,false,false,71c63f90c36250df130fe6d743ec48980f4c08664212a988d53af421858d0a16,,src/attack_timings.rs;docs/enemy-coverage.json;scripts/generate-attack-timings.py;scripts/attack_responses.py
c1190,3075,0,0.433333337,0.600000024,unverified,extracted_unverified,false,false,71c63f90c36250df130fe6d743ec48980f4c08664212a988d53af421858d0a16,,src/attack_timings.rs;docs/enemy-coverage.json;scripts/generate-attack-timings.py;scripts/attack_responses.py
c1190,601041,0,0.666666687,1.000000000,unverified,extracted_unverified,false,false,71c63f90c36250df130fe6d743ec48980f4c08664212a988d53af421858d0a16,,src/attack_timings.rs;docs/enemy-coverage.json;scripts/generate-attack-timings.py;scripts/attack_responses.py
c1190,100003010,0,0.600000024,0.733333349,parry,classified_estimate,false,false,71c63f90c36250df130fe6d743ec48980f4c08664212a988d53af421858d0a16,,src/attack_timings.rs;docs/enemy-coverage.json;scripts/generate-attack-timings.py;scripts/attack_responses.py
c1190,100003011,0,0.600000024,0.733333349,parry,classified_estimate,false,false,71c63f90c36250df130fe6d743ec48980f4c08664212a988d53af421858d0a16,,src/attack_timings.rs;docs/enemy-coverage.json;scripts/generate-attack-timings.py;scripts/attack_responses.py
c1190,100003012,0,0.899999976,1.066666722,parry,classified_estimate,false,false,71c63f90c36250df130fe6d743ec48980f4c08664212a988d53af421858d0a16,,src/attack_timings.rs;docs/enemy-coverage.json;scripts/generate-attack-timings.py;scripts/attack_responses.py
c1190,100003013,0,1.600000024,1.733333349,unverified,extracted_unverified,false,false,71c63f90c36250df130fe6d743ec48980f4c08664212a988d53af421858d0a16,,src/attack_timings.rs;docs/enemy-coverage.json;scripts/generate-attack-timings.py;scripts/attack_responses.py
c1190,100003015,0,0.600000024,0.800000012,parry,classified_estimate,false,false,71c63f90c36250df130fe6d743ec48980f4c08664212a988d53af421858d0a16,,src/attack_timings.rs;docs/enemy-coverage.json;scripts/generate-attack-timings.py;scripts/attack_responses.py
c1190,100003017,0,0.933333337,1.100000024,parry,classified_estimate,false,false,71c63f90c36250df130fe6d743ec48980f4c08664212a988d53af421858d0a16,,src/attack_timings.rs;docs/enemy-coverage.json;scripts/generate-attack-timings.py;scripts/attack_responses.py
c1190,100003018,0,0.600000024,0.699999988,unverified,extracted_unverified,false,false,71c63f90c36250df130fe6d743ec48980f4c08664212a988d53af421858d0a16,,src/attack_timings.rs;docs/enemy-coverage.json;scripts/generate-attack-timings.py;scripts/attack_responses.py
c1190,100003050,0,1.600000024,1.700000048,unverified,extracted_unverified,false,false,71c63f90c36250df130fe6d743ec48980f4c08664212a988d53af421858d0a16,,src/attack_timings.rs;docs/enemy-coverage.json;scripts/generate-attack-timings.py;scripts/attack_responses.py
c1190,100003051,0,0.733333349,0.833333313,parry,classified_estimate,false,false,71c63f90c36250df130fe6d743ec48980f4c08664212a988d53af421858d0a16,,src/attack_timings.rs;docs/enemy-coverage.json;scripts/generate-attack-timings.py;scripts/attack_responses.py
c1190,100003055,0,0.766666651,0.866666675,parry,classified_estimate,false,false,71c63f90c36250df130fe6d743ec48980f4c08664212a988d53af421858d0a16,,src/attack_timings.rs;docs/enemy-coverage.json;scripts/generate-attack-timings.py;scripts/attack_responses.py
c1190,100003060,0,0.666666687,0.766666651,parry,classified_estimate,false,false,71c63f90c36250df130fe6d743ec48980f4c08664212a988d53af421858d0a16,,src/attack_timings.rs;docs/enemy-coverage.json;scripts/generate-attack-timings.py;scripts/attack_responses.py
c1190,100003067,0,1.233333349,1.366666675,parry,classified_estimate,false,false,71c63f90c36250df130fe6d743ec48980f4c08664212a988d53af421858d0a16,,src/attack_timings.rs;docs/enemy-coverage.json;scripts/generate-attack-timings.py;scripts/attack_responses.py
c1190,100003070,0,0.833333313,0.933333337,unverified,extracted_unverified,false,false,71c63f90c36250df130fe6d743ec48980f4c08664212a988d53af421858d0a16,,src/attack_timings.rs;docs/enemy-coverage.json;scripts/generate-attack-timings.py;scripts/attack_responses.py
c1190,100003075,0,0.833333313,0.933333337,unverified,extracted_unverified,false,false,71c63f90c36250df130fe6d743ec48980f4c08664212a988d53af421858d0a16,,src/attack_timings.rs;docs/enemy-coverage.json;scripts/generate-attack-timings.py;scripts/attack_responses.py
c1190,100004100,0,0.200000003,0.366666675,dodge,classified_estimate,false,false,71c63f90c36250df130fe6d743ec48980f4c08664212a988d53af421858d0a16,11901114,src/attack_timings.rs;docs/enemy-coverage.json;docs/response-coverage.json;scripts/generate-attack-timings.py;scripts/attack_responses.py
c1190,200003010,0,0.733333349,0.899999976,unverified,extracted_unverified,false,false,71c63f90c36250df130fe6d743ec48980f4c08664212a988d53af421858d0a16,,src/attack_timings.rs;docs/enemy-coverage.json;scripts/generate-attack-timings.py;scripts/attack_responses.py
c1190,200003011,0,1.033333302,1.200000048,unverified,extracted_unverified,false,false,71c63f90c36250df130fe6d743ec48980f4c08664212a988d53af421858d0a16,,src/attack_timings.rs;docs/enemy-coverage.json;scripts/generate-attack-timings.py;scripts/attack_responses.py
c1190,300003010,0,1.033333302,1.266666651,unverified,extracted_unverified,false,false,71c63f90c36250df130fe6d743ec48980f4c08664212a988d53af421858d0a16,,src/attack_timings.rs;docs/enemy-coverage.json;scripts/generate-attack-timings.py;scripts/attack_responses.py
c1190,300003011,0,2.299999952,2.500000000,unverified,extracted_unverified,false,false,71c63f90c36250df130fe6d743ec48980f4c08664212a988d53af421858d0a16,,src/attack_timings.rs;docs/enemy-coverage.json;scripts/generate-attack-timings.py;scripts/attack_responses.py
c1200,3000,0,1.366666675,1.466666698,unverified,extracted_unverified,false,false,b3085b9d0dcdbec1e5dfd5c8aa0dd3797d4c93d64c0add9f0e31ae42a6f679c0,,src/attack_timings.rs;docs/enemy-coverage.json;scripts/generate-attack-timings.py;scripts/attack_responses.py
c1200,3000,1,1.766666651,1.966666698,unverified,extracted_unverified,false,false,b3085b9d0dcdbec1e5dfd5c8aa0dd3797d4c93d64c0add9f0e31ae42a6f679c0,,src/attack_timings.rs;docs/enemy-coverage.json;scripts/generate-attack-timings.py;scripts/attack_responses.py
c1200,3000,2,2.700000048,2.799999952,unverified,extracted_unverified,false,false,b3085b9d0dcdbec1e5dfd5c8aa0dd3797d4c93d64c0add9f0e31ae42a6f679c0,,src/attack_timings.rs;docs/enemy-coverage.json;scripts/generate-attack-timings.py;scripts/attack_responses.py
c1200,3001,0,1.233333349,1.333333373,unverified,extracted_unverified,false,false,b3085b9d0dcdbec1e5dfd5c8aa0dd3797d4c93d64c0add9f0e31ae42a6f679c0,,src/attack_timings.rs;docs/enemy-coverage.json;scripts/generate-attack-timings.py;scripts/attack_responses.py
c1200,3001,1,2.000000000,2.099999905,unverified,extracted_unverified,false,false,b3085b9d0dcdbec1e5dfd5c8aa0dd3797d4c93d64c0add9f0e31ae42a6f679c0,,src/attack_timings.rs;docs/enemy-coverage.json;scripts/generate-attack-timings.py;scripts/attack_responses.py
c1200,3002,0,0.533333361,0.666666687,unverified,extracted_unverified,false,false,b3085b9d0dcdbec1e5dfd5c8aa0dd3797d4c93d64c0add9f0e31ae42a6f679c0,,src/attack_timings.rs;docs/enemy-coverage.json;scripts/generate-attack-timings.py;scripts/attack_responses.py
c1200,3006,0,0.933333337,1.066666722,unverified,extracted_unverified,false,false,b3085b9d0dcdbec1e5dfd5c8aa0dd3797d4c93d64c0add9f0e31ae42a6f679c0,,src/attack_timings.rs;docs/enemy-coverage.json;scripts/generate-attack-timings.py;scripts/attack_responses.py
c1200,3006,1,1.366666675,1.500000000,unverified,extracted_unverified,false,false,b3085b9d0dcdbec1e5dfd5c8aa0dd3797d4c93d64c0add9f0e31ae42a6f679c0,,src/attack_timings.rs;docs/enemy-coverage.json;scripts/generate-attack-timings.py;scripts/attack_responses.py
c1200,3006,2,2.200000048,2.366666555,unverified,extracted_unverified,false,false,b3085b9d0dcdbec1e5dfd5c8aa0dd3797d4c93d64c0add9f0e31ae42a6f679c0,,src/attack_timings.rs;docs/enemy-coverage.json;scripts/generate-attack-timings.py;scripts/attack_responses.py
c1200,3007,0,1.466666698,1.600000024,unverified,extracted_unverified,false,false,b3085b9d0dcdbec1e5dfd5c8aa0dd3797d4c93d64c0add9f0e31ae42a6f679c0,,src/attack_timings.rs;docs/enemy-coverage.json;scripts/generate-attack-timings.py;scripts/attack_responses.py
c1200,3008,0,0.833333313,0.966666639,unverified,extracted_unverified,false,false,b3085b9d0dcdbec1e5dfd5c8aa0dd3797d4c93d64c0add9f0e31ae42a6f679c0,,src/attack_timings.rs;docs/enemy-coverage.json;scripts/generate-attack-timings.py;scripts/attack_responses.py
c1200,3008,1,1.566666722,1.733333349,unverified,extracted_unverified,false,false,b3085b9d0dcdbec1e5dfd5c8aa0dd3797d4c93d64c0add9f0e31ae42a6f679c0,,src/attack_timings.rs;docs/enemy-coverage.json;scripts/generate-attack-timings.py;scripts/attack_responses.py
c1200,3009,0,0.933333337,1.066666722,unverified,extracted_unverified,false,false,b3085b9d0dcdbec1e5dfd5c8aa0dd3797d4c93d64c0add9f0e31ae42a6f679c0,,src/attack_timings.rs;docs/enemy-coverage.json;scripts/generate-attack-timings.py;scripts/attack_responses.py
c1200,3010,0,1.100000024,1.366666675,dodge,classified_estimate,false,false,b3085b9d0dcdbec1e5dfd5c8aa0dd3797d4c93d64c0add9f0e31ae42a6f679c0,12000160,src/attack_timings.rs;docs/enemy-coverage.json;docs/response-coverage.json;scripts/generate-attack-timings.py;scripts/attack_responses.py
c1200,3011,0,0.666666687,0.866666675,unverified,extracted_unverified,false,false,b3085b9d0dcdbec1e5dfd5c8aa0dd3797d4c93d64c0add9f0e31ae42a6f679c0,,src/attack_timings.rs;docs/enemy-coverage.json;scripts/generate-attack-timings.py;scripts/attack_responses.py
c1200,3012,0,0.666666687,0.866666675,unverified,extracted_unverified,false,false,b3085b9d0dcdbec1e5dfd5c8aa0dd3797d4c93d64c0add9f0e31ae42a6f679c0,,src/attack_timings.rs;docs/enemy-coverage.json;scripts/generate-attack-timings.py;scripts/attack_responses.py
c1200,3013,0,0.466666669,0.633333325,unverified,extracted_unverified,false,false,b3085b9d0dcdbec1e5dfd5c8aa0dd3797d4c93d64c0add9f0e31ae42a6f679c0,,src/attack_timings.rs;docs/enemy-coverage.json;scripts/generate-attack-timings.py;scripts/attack_responses.py
c1200,3013,1,1.166666627,1.600000024,jump,classified_estimate,false,false,b3085b9d0dcdbec1e5dfd5c8aa0dd3797d4c93d64c0add9f0e31ae42a6f679c0,12000241,src/attack_timings.rs;docs/enemy-coverage.json;docs/response-coverage.json;scripts/generate-attack-timings.py;scripts/attack_responses.py
c1200,3014,0,0.800000012,1.000000000,dodge,classified_estimate,false,false,b3085b9d0dcdbec1e5dfd5c8aa0dd3797d4c93d64c0add9f0e31ae42a6f679c0,12000160,src/attack_timings.rs;docs/enemy-coverage.json;docs/response-coverage.json;scripts/generate-attack-timings.py;scripts/attack_responses.py
c1210,3005,0,1.133333325,1.333333373,unverified,extracted_unverified,false,false,c25c70ab6a772c5c9f4ab8dc725adc9171f27f92b28526f0913a35857429ab8b,,src/attack_timings.rs;docs/enemy-coverage.json;scripts/generate-attack-timings.py;scripts/attack_responses.py
c1211,3000,0,0.200000003,0.566666663,parry,classified_estimate,false,false,a8bd67d63257f4c0fcfbc815b58cecd7f4bb2b82db4d96fd28ac515a269945cd,,src/attack_timings.rs;docs/enemy-coverage.json;scripts/generate-attack-timings.py;scripts/attack_responses.py
c1211,3001,0,1.033333302,1.299999952,parry,classified_estimate,false,false,a8bd67d63257f4c0fcfbc815b58cecd7f4bb2b82db4d96fd28ac515a269945cd,,src/attack_timings.rs;docs/enemy-coverage.json;scripts/generate-attack-timings.py;scripts/attack_responses.py
c1211,20000,0,0.000000000,0.333333343,unverified,extracted_unverified,false,false,a8bd67d63257f4c0fcfbc815b58cecd7f4bb2b82db4d96fd28ac515a269945cd,,src/attack_timings.rs;docs/enemy-coverage.json;scripts/generate-attack-timings.py;scripts/attack_responses.py
c1211,20001,0,0.000000000,0.333333343,unverified,extracted_unverified,false,false,a8bd67d63257f4c0fcfbc815b58cecd7f4bb2b82db4d96fd28ac515a269945cd,,src/attack_timings.rs;docs/enemy-coverage.json;scripts/generate-attack-timings.py;scripts/attack_responses.py
c1211,20002,0,0.000000000,0.466666669,unverified,extracted_unverified,false,false,a8bd67d63257f4c0fcfbc815b58cecd7f4bb2b82db4d96fd28ac515a269945cd,,src/attack_timings.rs;docs/enemy-coverage.json;scripts/generate-attack-timings.py;scripts/attack_responses.py
c1220,3001,0,0.733333349,0.800000012,unverified,extracted_unverified,false,false,0263abac5b0245edff31e18763988380cd32e3518c7596f1ebb79d5a9180b470,,src/attack_timings.rs;docs/enemy-coverage.json;scripts/generate-attack-timings.py;scripts/attack_responses.py
c1220,3001,1,1.633333325,1.700000048,unverified,extracted_unverified,false,false,0263abac5b0245edff31e18763988380cd32e3518c7596f1ebb79d5a9180b470,,src/attack_timings.rs;docs/enemy-coverage.json;scripts/generate-attack-timings.py;scripts/attack_responses.py
c1220,3005,0,0.766666651,0.833333313,parry,classified_estimate,false,false,0263abac5b0245edff31e18763988380cd32e3518c7596f1ebb79d5a9180b470,,src/attack_timings.rs;docs/enemy-coverage.json;scripts/generate-attack-timings.py;scripts/attack_responses.py
c1220,3006,0,0.333333343,0.400000006,parry,classified_estimate,false,false,0263abac5b0245edff31e18763988380cd32e3518c7596f1ebb79d5a9180b470,,src/attack_timings.rs;docs/enemy-coverage.json;scripts/generate-attack-timings.py;scripts/attack_responses.py
c1220,3007,0,0.566666663,0.633333325,unverified,extracted_unverified,false,false,0263abac5b0245edff31e18763988380cd32e3518c7596f1ebb79d5a9180b470,,src/attack_timings.rs;docs/enemy-coverage.json;scripts/generate-attack-timings.py;scripts/attack_responses.py
c1220,3008,0,1.000000000,1.066666722,parry,classified_estimate,false,false,0263abac5b0245edff31e18763988380cd32e3518c7596f1ebb79d5a9180b470,,src/attack_timings.rs;docs/enemy-coverage.json;scripts/generate-attack-timings.py;scripts/attack_responses.py
c1220,3009,0,0.766666651,0.899999976,parry,classified_estimate,false,false,0263abac5b0245edff31e18763988380cd32e3518c7596f1ebb79d5a9180b470,,src/attack_timings.rs;docs/enemy-coverage.json;scripts/generate-attack-timings.py;scripts/attack_responses.py
c1220,3009,1,1.200000048,1.266666651,parry,classified_estimate,false,false,0263abac5b0245edff31e18763988380cd32e3518c7596f1ebb79d5a9180b470,,src/attack_timings.rs;docs/enemy-coverage.json;scripts/generate-attack-timings.py;scripts/attack_responses.py
c1220,3010,0,0.766666651,0.833333313,dodge,classified_estimate,false,false,0263abac5b0245edff31e18763988380cd32e3518c7596f1ebb79d5a9180b470,12200200,src/attack_timings.rs;docs/enemy-coverage.json;docs/response-coverage.json;scripts/generate-attack-timings.py;scripts/attack_responses.py
c1220,3011,0,0.966666639,1.100000024,unverified,extracted_unverified,false,false,0263abac5b0245edff31e18763988380cd32e3518c7596f1ebb79d5a9180b470,,src/attack_timings.rs;docs/enemy-coverage.json;scripts/generate-attack-timings.py;scripts/attack_responses.py
c1220,3011,1,1.333333373,1.399999976,unverified,extracted_unverified,false,false,0263abac5b0245edff31e18763988380cd32e3518c7596f1ebb79d5a9180b470,,src/attack_timings.rs;docs/enemy-coverage.json;scripts/generate-attack-timings.py;scripts/attack_responses.py
c1220,3012,0,0.566666663,0.699999988,unverified,extracted_unverified,false,false,0263abac5b0245edff31e18763988380cd32e3518c7596f1ebb79d5a9180b470,,src/attack_timings.rs;docs/enemy-coverage.json;scripts/generate-attack-timings.py;scripts/attack_responses.py
c1220,3012,1,1.166666627,1.233333349,unverified,extracted_unverified,false,false,0263abac5b0245edff31e18763988380cd32e3518c7596f1ebb79d5a9180b470,,src/attack_timings.rs;docs/enemy-coverage.json;scripts/generate-attack-timings.py;scripts/attack_responses.py
c1220,3013,0,1.066666722,1.133333325,parry,classified_estimate,false,false,0263abac5b0245edff31e18763988380cd32e3518c7596f1ebb79d5a9180b470,,src/attack_timings.rs;docs/enemy-coverage.json;scripts/generate-attack-timings.py;scripts/attack_responses.py
c1220,3070,0,0.566666663,0.666666687,parry,classified_estimate,false,false,0263abac5b0245edff31e18763988380cd32e3518c7596f1ebb79d5a9180b470,,src/attack_timings.rs;docs/enemy-coverage.json;scripts/generate-attack-timings.py;scripts/attack_responses.py
c1220,100000200,0,1.133333325,1.266666651,unverified,extracted_unverified,false,false,0263abac5b0245edff31e18763988380cd32e3518c7596f1ebb79d5a9180b470,,src/attack_timings.rs;docs/enemy-coverage.json;scripts/generate-attack-timings.py;scripts/attack_responses.py
c1220,100003001,0,0.733333349,0.866666675,unverified,extracted_unverified,false,false,0263abac5b0245edff31e18763988380cd32e3518c7596f1ebb79d5a9180b470,,src/attack_timings.rs;docs/enemy-coverage.json;scripts/generate-attack-timings.py;scripts/attack_responses.py
c1220,100003001,1,1.133333325,1.299999952,unverified,extracted_unverified,false,false,0263abac5b0245edff31e18763988380cd32e3518c7596f1ebb79d5a9180b470,,src/attack_timings.rs;docs/enemy-coverage.json;scripts/generate-attack-timings.py;scripts/attack_responses.py
c1220,100003002,0,0.699999988,0.833333313,unverified,extracted_unverified,false,false,0263abac5b0245edff31e18763988380cd32e3518c7596f1ebb79d5a9180b470,,src/attack_timings.rs;docs/enemy-coverage.json;scripts/generate-attack-timings.py;scripts/attack_responses.py
c1220,100003004,0,1.033333302,1.133333325,unverified,extracted_unverified,false,false,0263abac5b0245edff31e18763988380cd32e3518c7596f1ebb79d5a9180b470,,src/attack_timings.rs;docs/enemy-coverage.json;scripts/generate-attack-timings.py;scripts/attack_responses.py
c1220,100003004,1,2.566666603,2.733333349,unverified,extracted_unverified,false,false,0263abac5b0245edff31e18763988380cd32e3518c7596f1ebb79d5a9180b470,,src/attack_timings.rs;docs/enemy-coverage.json;scripts/generate-attack-timings.py;scripts/attack_responses.py
c1220,100003005,0,0.866666675,1.000000000,parry,classified_estimate,false,false,0263abac5b0245edff31e18763988380cd32e3518c7596f1ebb79d5a9180b470,,src/attack_timings.rs;docs/enemy-coverage.json;scripts/generate-attack-timings.py;scripts/attack_responses.py
c1220,100003006,0,1.100000024,1.200000048,parry,classified_estimate,false,false,0263abac5b0245edff31e18763988380cd32e3518c7596f1ebb79d5a9180b470,,src/attack_timings.rs;docs/enemy-coverage.json;scripts/generate-attack-timings.py;scripts/attack_responses.py
c1220,100003007,0,0.933333337,1.066666722,parry,classified_estimate,false,false,0263abac5b0245edff31e18763988380cd32e3518c7596f1ebb79d5a9180b470,,src/attack_timings.rs;docs/enemy-coverage.json;scripts/generate-attack-timings.py;scripts/attack_responses.py
c1220,100003008,0,1.866666675,2.000000000,unverified,extracted_unverified,false,false,0263abac5b0245edff31e18763988380cd32e3518c7596f1ebb79d5a9180b470,,src/attack_timings.rs;docs/enemy-coverage.json;scripts/generate-attack-timings.py;scripts/attack_responses.py
c1220,100003009,0,0.866666675,1.000000000,unverified,extracted_unverified,false,false,0263abac5b0245edff31e18763988380cd32e3518c7596f1ebb79d5a9180b470,,src/attack_timings.rs;docs/enemy-coverage.json;scripts/generate-attack-timings.py;scripts/attack_responses.py
c1220,100003010,0,1.066666722,1.200000048,parry,classified_estimate,false,false,0263abac5b0245edff31e18763988380cd32e3518c7596f1ebb79d5a9180b470,,src/attack_timings.rs;docs/enemy-coverage.json;scripts/generate-attack-timings.py;scripts/attack_responses.py
c1220,100003050,0,0.566666663,0.666666687,unverified,extracted_unverified,false,false,0263abac5b0245edff31e18763988380cd32e3518c7596f1ebb79d5a9180b470,,src/attack_timings.rs;docs/enemy-coverage.json;scripts/generate-attack-timings.py;scripts/attack_responses.py
c1220,100003050,1,1.500000000,1.600000024,unverified,extracted_unverified,false,false,0263abac5b0245edff31e18763988380cd32e3518c7596f1ebb79d5a9180b470,,src/attack_timings.rs;docs/enemy-coverage.json;scripts/generate-attack-timings.py;scripts/attack_responses.py
c1220,100003061,0,0.633333325,0.766666651,parry,classified_estimate,false,false,0263abac5b0245edff31e18763988380cd32e3518c7596f1ebb79d5a9180b470,,src/attack_timings.rs;docs/enemy-coverage.json;scripts/generate-attack-timings.py;scripts/attack_responses.py
c1240,3000,0,0.600000024,0.666666687,unverified,extracted_unverified,false,false,9482a3ed7b0cee6b1e0d3203fd63d0a052635156c7988dd4e7cc0513f36fc8af,,src/attack_timings.rs;docs/enemy-coverage.json;scripts/generate-attack-timings.py;scripts/attack_responses.py
c1240,3000,1,0.899999976,0.966666639,unverified,extracted_unverified,false,false,9482a3ed7b0cee6b1e0d3203fd63d0a052635156c7988dd4e7cc0513f36fc8af,,src/attack_timings.rs;docs/enemy-coverage.json;scripts/generate-attack-timings.py;scripts/attack_responses.py
c1240,3001,0,0.566666663,0.600000024,unverified,extracted_unverified,false,false,9482a3ed7b0cee6b1e0d3203fd63d0a052635156c7988dd4e7cc0513f36fc8af,,src/attack_timings.rs;docs/enemy-coverage.json;scripts/generate-attack-timings.py;scripts/attack_responses.py
c1240,3001,1,0.866666675,0.899999976,unverified,extracted_unverified,false,false,9482a3ed7b0cee6b1e0d3203fd63d0a052635156c7988dd4e7cc0513f36fc8af,,src/attack_timings.rs;docs/enemy-coverage.json;scripts/generate-attack-timings.py;scripts/attack_responses.py
c1240,3001,2,1.166666627,1.200000048,unverified,extracted_unverified,false,false,9482a3ed7b0cee6b1e0d3203fd63d0a052635156c7988dd4e7cc0513f36fc8af,,src/attack_timings.rs;docs/enemy-coverage.json;scripts/generate-attack-timings.py;scripts/attack_responses.py
c1240,3001,3,1.466666698,1.500000000,unverified,extracted_unverified,false,false,9482a3ed7b0cee6b1e0d3203fd63d0a052635156c7988dd4e7cc0513f36fc8af,,src/attack_timings.rs;docs/enemy-coverage.json;scripts/generate-attack-timings.py;scripts/attack_responses.py
c1240,3001,4,1.766666651,1.799999952,unverified,extracted_unverified,false,false,9482a3ed7b0cee6b1e0d3203fd63d0a052635156c7988dd4e7cc0513f36fc8af,,src/attack_timings.rs;docs/enemy-coverage.json;scripts/generate-attack-timings.py;scripts/attack_responses.py
c1240,3002,0,0.433333337,0.466666669,parry,classified_estimate,false,false,9482a3ed7b0cee6b1e0d3203fd63d0a052635156c7988dd4e7cc0513f36fc8af,,src/attack_timings.rs;docs/enemy-coverage.json;scripts/generate-attack-timings.py;scripts/attack_responses.py
c1240,3002,1,0.699999988,0.766666651,parry,classified_estimate,false,false,9482a3ed7b0cee6b1e0d3203fd63d0a052635156c7988dd4e7cc0513f36fc8af,,src/attack_timings.rs;docs/enemy-coverage.json;scripts/generate-attack-timings.py;scripts/attack_responses.py
c1240,3008,0,0.600000024,0.633333325,unverified,extracted_unverified,false,false,9482a3ed7b0cee6b1e0d3203fd63d0a052635156c7988dd4e7cc0513f36fc8af,,src/attack_timings.rs;docs/enemy-coverage.json;scripts/generate-attack-timings.py;scripts/attack_responses.py
c1240,3008,1,0.899999976,0.933333337,unverified,extracted_unverified,false,false,9482a3ed7b0cee6b1e0d3203fd63d0a052635156c7988dd4e7cc0513f36fc8af,,src/attack_timings.rs;docs/enemy-coverage.json;scripts/generate-attack-timings.py;scripts/attack_responses.py
c1240,3008,2,1.233333349,1.266666651,unverified,extracted_unverified,false,false,9482a3ed7b0cee6b1e0d3203fd63d0a052635156c7988dd4e7cc0513f36fc8af,,src/attack_timings.rs;docs/enemy-coverage.json;scripts/generate-attack-timings.py;scripts/attack_responses.py
c1240,3008,3,1.533333302,1.566666722,unverified,extracted_unverified,false,false,9482a3ed7b0cee6b1e0d3203fd63d0a052635156c7988dd4e7cc0513f36fc8af,,src/attack_timings.rs;docs/enemy-coverage.json;scripts/generate-attack-timings.py;scripts/attack_responses.py
c1240,3008,4,1.833333373,1.866666675,unverified,extracted_unverified,false,false,9482a3ed7b0cee6b1e0d3203fd63d0a052635156c7988dd4e7cc0513f36fc8af,,src/attack_timings.rs;docs/enemy-coverage.json;scripts/generate-attack-timings.py;scripts/attack_responses.py
c1250,3000,0,0.699999988,0.833333313,unverified,extracted_unverified,false,false,18a016df3066df8e406f07e9b80e065db545c1223d463da49dd68ad45d692a0b,,src/attack_timings.rs;docs/enemy-coverage.json;scripts/generate-attack-timings.py;scripts/attack_responses.py
c1250,3001,0,0.633333325,0.733333349,unverified,extracted_unverified,false,false,18a016df3066df8e406f07e9b80e065db545c1223d463da49dd68ad45d692a0b,,src/attack_timings.rs;docs/enemy-coverage.json;scripts/generate-attack-timings.py;scripts/attack_responses.py
c1250,3002,0,0.633333325,0.733333349,unverified,extracted_unverified,false,false,18a016df3066df8e406f07e9b80e065db545c1223d463da49dd68ad45d692a0b,,src/attack_timings.rs;docs/enemy-coverage.json;scripts/generate-attack-timings.py;scripts/attack_responses.py
c1250,3003,0,1.133333325,1.266666651,unverified,extracted_unverified,false,false,18a016df3066df8e406f07e9b80e065db545c1223d463da49dd68ad45d692a0b,,src/attack_timings.rs;docs/enemy-coverage.json;scripts/generate-attack-timings.py;scripts/attack_responses.py
c1250,3004,0,0.500000000,0.600000024,unverified,extracted_unverified,false,false,18a016df3066df8e406f07e9b80e065db545c1223d463da49dd68ad45d692a0b,,src/attack_timings.rs;docs/enemy-coverage.json;scripts/generate-attack-timings.py;scripts/attack_responses.py
c1250,3007,0,0.533333361,0.633333325,parry,classified_estimate,false,false,18a016df3066df8e406f07e9b80e065db545c1223d463da49dd68ad45d692a0b,,src/attack_timings.rs;docs/enemy-coverage.json;scripts/generate-attack-timings.py;scripts/attack_responses.py
c1250,3007,1,0.966666639,1.066666722,parry,classified_estimate,false,false,18a016df3066df8e406f07e9b80e065db545c1223d463da49dd68ad45d692a0b,,src/attack_timings.rs;docs/enemy-coverage.json;scripts/generate-attack-timings.py;scripts/attack_responses.py
c1250,20006,0,0.600000024,1.066666722,unverified,extracted_unverified,false,false,18a016df3066df8e406f07e9b80e065db545c1223d463da49dd68ad45d692a0b,,src/attack_timings.rs;docs/enemy-coverage.json;scripts/generate-attack-timings.py;scripts/attack_responses.py
c1250,20007,0,0.600000024,1.066666722,unverified,extracted_unverified,false,false,18a016df3066df8e406f07e9b80e065db545c1223d463da49dd68ad45d692a0b,,src/attack_timings.rs;docs/enemy-coverage.json;scripts/generate-attack-timings.py;scripts/attack_responses.py
c1250,21001,0,0.000000000,1.133333325,dodge,classified_estimate,false,false,18a016df3066df8e406f07e9b80e065db545c1223d463da49dd68ad45d692a0b,12500660,src/attack_timings.rs;docs/enemy-coverage.json;docs/response-coverage.json;scripts/generate-attack-timings.py;scripts/attack_responses.py
c1250,100003010,0,1.333333373,1.433333278,unverified,extracted_unverified,false,false,18a016df3066df8e406f07e9b80e065db545c1223d463da49dd68ad45d692a0b,,src/attack_timings.rs;docs/enemy-coverage.json;scripts/generate-attack-timings.py;scripts/attack_responses.py
c1250,100003011,0,0.833333313,1.000000000,parry,classified_estimate,false,false,18a016df3066df8e406f07e9b80e065db545c1223d463da49dd68ad45d692a0b,,src/attack_timings.rs;docs/enemy-coverage.json;scripts/generate-attack-timings.py;scripts/attack_responses.py
c1250,100003011,1,1.066666722,1.200000048,parry,classified_estimate,false,false,18a016df3066df8e406f07e9b80e065db545c1223d463da49dd68ad45d692a0b,,src/attack_timings.rs;docs/enemy-coverage.json;scripts/generate-attack-timings.py;scripts/attack_responses.py
c1250,100003012,0,0.000000000,0.100000001,unverified,extracted_unverified,false,false,18a016df3066df8e406f07e9b80e065db545c1223d463da49dd68ad45d692a0b,,src/attack_timings.rs;docs/enemy-coverage.json;scripts/generate-attack-timings.py;scripts/attack_responses.py
c1250,200003000,0,0.666666687,0.833333313,parry,classified_estimate,false,false,18a016df3066df8e406f07e9b80e065db545c1223d463da49dd68ad45d692a0b,,src/attack_timings.rs;docs/enemy-coverage.json;scripts/generate-attack-timings.py;scripts/attack_responses.py
c1250,200003001,0,1.299999952,1.366666675,unverified,extracted_unverified,false,false,18a016df3066df8e406f07e9b80e065db545c1223d463da49dd68ad45d692a0b,,src/attack_timings.rs;docs/enemy-coverage.json;scripts/generate-attack-timings.py;scripts/attack_responses.py
c1250,200003002,0,0.600000024,0.699999988,parry,classified_estimate,false,false,18a016df3066df8e406f07e9b80e065db545c1223d463da49dd68ad45d692a0b,,src/attack_timings.rs;docs/enemy-coverage.json;scripts/generate-attack-timings.py;scripts/attack_responses.py
c1250,200003003,0,0.833333313,0.933333337,unverified,extracted_unverified,false,false,18a016df3066df8e406f07e9b80e065db545c1223d463da49dd68ad45d692a0b,,src/attack_timings.rs;docs/enemy-coverage.json;scripts/generate-attack-timings.py;scripts/attack_responses.py
c1250,200003004,0,0.500000000,0.600000024,unverified,extracted_unverified,false,false,18a016df3066df8e406f07e9b80e065db545c1223d463da49dd68ad45d692a0b,,src/attack_timings.rs;docs/enemy-coverage.json;scripts/generate-attack-timings.py;scripts/attack_responses.py
c1250,200003004,1,1.133333325,1.299999952,unverified,extracted_unverified,false,false,18a016df3066df8e406f07e9b80e065db545c1223d463da49dd68ad45d692a0b,,src/attack_timings.rs;docs/enemy-coverage.json;scripts/generate-attack-timings.py;scripts/attack_responses.py
c1250,200003004,2,1.500000000,1.633333325,unverified,extracted_unverified,false,false,18a016df3066df8e406f07e9b80e065db545c1223d463da49dd68ad45d692a0b,,src/attack_timings.rs;docs/enemy-coverage.json;scripts/generate-attack-timings.py;scripts/attack_responses.py
c1250,200003004,3,2.033333302,2.133333445,unverified,extracted_unverified,false,false,18a016df3066df8e406f07e9b80e065db545c1223d463da49dd68ad45d692a0b,,src/attack_timings.rs;docs/enemy-coverage.json;scripts/generate-attack-timings.py;scripts/attack_responses.py
c1250,200021001,0,0.000000000,1.133333325,dodge,classified_estimate,false,false,18a016df3066df8e406f07e9b80e065db545c1223d463da49dd68ad45d692a0b,12500660,src/attack_timings.rs;docs/enemy-coverage.json;docs/response-coverage.json;scripts/generate-attack-timings.py;scripts/attack_responses.py
c1250,300003000,0,0.566666663,0.800000012,parry,classified_estimate,false,false,18a016df3066df8e406f07e9b80e065db545c1223d463da49dd68ad45d692a0b,,src/attack_timings.rs;docs/enemy-coverage.json;scripts/generate-attack-timings.py;scripts/attack_responses.py
c1250,300003001,0,0.333333343,0.600000024,parry,classified_estimate,false,false,18a016df3066df8e406f07e9b80e065db545c1223d463da49dd68ad45d692a0b,,src/attack_timings.rs;docs/enemy-coverage.json;scripts/generate-attack-timings.py;scripts/attack_responses.py
c1250,300003002,0,0.866666675,1.100000024,unverified,extracted_unverified,false,false,18a016df3066df8e406f07e9b80e065db545c1223d463da49dd68ad45d692a0b,,src/attack_timings.rs;docs/enemy-coverage.json;scripts/generate-attack-timings.py;scripts/attack_responses.py
c1250,300003003,0,2.066666603,2.233333349,unverified,extracted_unverified,false,false,18a016df3066df8e406f07e9b80e065db545c1223d463da49dd68ad45d692a0b,,src/attack_timings.rs;docs/enemy-coverage.json;scripts/generate-attack-timings.py;scripts/attack_responses.py
c1250,300003004,0,0.899999976,1.066666722,jump,classified_estimate,false,false,18a016df3066df8e406f07e9b80e065db545c1223d463da49dd68ad45d692a0b,12503160,src/attack_timings.rs;docs/enemy-coverage.json;docs/response-coverage.json;scripts/generate-attack-timings.py;scripts/attack_responses.py
c1250,300003005,0,0.600000024,0.933333337,unverified,extracted_unverified,false,false,18a016df3066df8e406f07e9b80e065db545c1223d463da49dd68ad45d692a0b,,src/attack_timings.rs;docs/enemy-coverage.json;scripts/generate-attack-timings.py;scripts/attack_responses.py
c1250,300003006,0,0.733333349,0.833333313,unverified,extracted_unverified,false,false,18a016df3066df8e406f07e9b80e065db545c1223d463da49dd68ad45d692a0b,,src/attack_timings.rs;docs/enemy-coverage.json;scripts/generate-attack-timings.py;scripts/attack_responses.py
c1250,300003007,0,0.566666663,0.800000012,parry,classified_estimate,false,false,18a016df3066df8e406f07e9b80e065db545c1223d463da49dd68ad45d692a0b,,src/attack_timings.rs;docs/enemy-coverage.json;scripts/generate-attack-timings.py;scripts/attack_responses.py
c1250,300003050,0,0.566666663,0.666666687,parry,classified_estimate,false,false,18a016df3066df8e406f07e9b80e065db545c1223d463da49dd68ad45d692a0b,,src/attack_timings.rs;docs/enemy-coverage.json;scripts/generate-attack-timings.py;scripts/attack_responses.py
c1250,300003050,1,0.699999988,0.800000012,parry,classified_estimate,false,false,18a016df3066df8e406f07e9b80e065db545c1223d463da49dd68ad45d692a0b,,src/attack_timings.rs;docs/enemy-coverage.json;scripts/generate-attack-timings.py;scripts/attack_responses.py
c1250,300003051,0,0.800000012,0.899999976,unverified,extracted_unverified,false,false,18a016df3066df8e406f07e9b80e065db545c1223d463da49dd68ad45d692a0b,,src/attack_timings.rs;docs/enemy-coverage.json;scripts/generate-attack-timings.py;scripts/attack_responses.py
c1250,300003051,1,1.399999976,1.500000000,unverified,extracted_unverified,false,false,18a016df3066df8e406f07e9b80e065db545c1223d463da49dd68ad45d692a0b,,src/attack_timings.rs;docs/enemy-coverage.json;scripts/generate-attack-timings.py;scripts/attack_responses.py
c1250,300003052,0,0.600000024,0.866666675,parry,classified_estimate,false,false,18a016df3066df8e406f07e9b80e065db545c1223d463da49dd68ad45d692a0b,,src/attack_timings.rs;docs/enemy-coverage.json;scripts/generate-attack-timings.py;scripts/attack_responses.py
c1250,300003053,0,2.066666603,2.200000048,unverified,extracted_unverified,false,false,18a016df3066df8e406f07e9b80e065db545c1223d463da49dd68ad45d692a0b,,src/attack_timings.rs;docs/enemy-coverage.json;scripts/generate-attack-timings.py;scripts/attack_responses.py
c1250,300003055,0,0.633333325,0.733333349,parry,classified_estimate,false,false,18a016df3066df8e406f07e9b80e065db545c1223d463da49dd68ad45d692a0b,,src/attack_timings.rs;docs/enemy-coverage.json;scripts/generate-attack-timings.py;scripts/attack_responses.py
c1250,300003055,1,0.766666651,0.866666675,parry,classified_estimate,false,false,18a016df3066df8e406f07e9b80e065db545c1223d463da49dd68ad45d692a0b,,src/attack_timings.rs;docs/enemy-coverage.json;scripts/generate-attack-timings.py;scripts/attack_responses.py
c1250,300003056,0,0.899999976,1.000000000,unverified,extracted_unverified,false,false,18a016df3066df8e406f07e9b80e065db545c1223d463da49dd68ad45d692a0b,,src/attack_timings.rs;docs/enemy-coverage.json;scripts/generate-attack-timings.py;scripts/attack_responses.py
c1250,300003056,1,1.766666651,1.899999976,unverified,extracted_unverified,false,false,18a016df3066df8e406f07e9b80e065db545c1223d463da49dd68ad45d692a0b,,src/attack_timings.rs;docs/enemy-coverage.json;scripts/generate-attack-timings.py;scripts/attack_responses.py
c1250,300003057,0,0.633333325,0.899999976,parry,classified_estimate,false,false,18a016df3066df8e406f07e9b80e065db545c1223d463da49dd68ad45d692a0b,,src/attack_timings.rs;docs/enemy-coverage.json;scripts/generate-attack-timings.py;scripts/attack_responses.py
c1250,300003058,0,0.933333337,1.000000000,unverified,extracted_unverified,false,false,18a016df3066df8e406f07e9b80e065db545c1223d463da49dd68ad45d692a0b,,src/attack_timings.rs;docs/enemy-coverage.json;scripts/generate-attack-timings.py;scripts/attack_responses.py
c1250,300003059,0,0.600000024,0.933333337,unverified,extracted_unverified,false,false,18a016df3066df8e406f07e9b80e065db545c1223d463da49dd68ad45d692a0b,,src/attack_timings.rs;docs/enemy-coverage.json;scripts/generate-attack-timings.py;scripts/attack_responses.py
c1250,300003060,0,1.533333302,1.633333325,unverified,extracted_unverified,false,false,18a016df3066df8e406f07e9b80e065db545c1223d463da49dd68ad45d692a0b,,src/attack_timings.rs;docs/enemy-coverage.json;scripts/generate-attack-timings.py;scripts/attack_responses.py
c1250,300003060,1,1.866666675,1.966666698,unverified,extracted_unverified,false,false,18a016df3066df8e406f07e9b80e065db545c1223d463da49dd68ad45d692a0b,,src/attack_timings.rs;docs/enemy-coverage.json;scripts/generate-attack-timings.py;scripts/attack_responses.py
c1250,300003060,2,2.200000048,2.299999952,unverified,extracted_unverified,false,false,18a016df3066df8e406f07e9b80e065db545c1223d463da49dd68ad45d692a0b,,src/attack_timings.rs;docs/enemy-coverage.json;scripts/generate-attack-timings.py;scripts/attack_responses.py
c1250,300003060,3,2.700000048,2.799999952,unverified,extracted_unverified,false,false,18a016df3066df8e406f07e9b80e065db545c1223d463da49dd68ad45d692a0b,,src/attack_timings.rs;docs/enemy-coverage.json;scripts/generate-attack-timings.py;scripts/attack_responses.py
c1250,300003060,4,3.200000048,3.299999952,unverified,extracted_unverified,false,false,18a016df3066df8e406f07e9b80e065db545c1223d463da49dd68ad45d692a0b,,src/attack_timings.rs;docs/enemy-coverage.json;scripts/generate-attack-timings.py;scripts/attack_responses.py
c1250,300003065,0,1.533333302,1.633333325,unverified,extracted_unverified,false,false,18a016df3066df8e406f07e9b80e065db545c1223d463da49dd68ad45d692a0b,,src/attack_timings.rs;docs/enemy-coverage.json;scripts/generate-attack-timings.py;scripts/attack_responses.py
c1250,300003065,1,1.866666675,1.966666698,unverified,extracted_unverified,false,false,18a016df3066df8e406f07e9b80e065db545c1223d463da49dd68ad45d692a0b,,src/attack_timings.rs;docs/enemy-coverage.json;scripts/generate-attack-timings.py;scripts/attack_responses.py
c1250,300003065,2,2.200000048,2.299999952,unverified,extracted_unverified,false,false,18a016df3066df8e406f07e9b80e065db545c1223d463da49dd68ad45d692a0b,,src/attack_timings.rs;docs/enemy-coverage.json;scripts/generate-attack-timings.py;scripts/attack_responses.py
c1250,300003065,3,2.700000048,2.799999952,unverified,extracted_unverified,false,false,18a016df3066df8e406f07e9b80e065db545c1223d463da49dd68ad45d692a0b,,src/attack_timings.rs;docs/enemy-coverage.json;scripts/generate-attack-timings.py;scripts/attack_responses.py
c1250,300003065,4,3.200000048,3.299999952,unverified,extracted_unverified,false,false,18a016df3066df8e406f07e9b80e065db545c1223d463da49dd68ad45d692a0b,,src/attack_timings.rs;docs/enemy-coverage.json;scripts/generate-attack-timings.py;scripts/attack_responses.py
c1250,300003070,0,0.533333361,0.666666687,parry,classified_estimate,false,false,18a016df3066df8e406f07e9b80e065db545c1223d463da49dd68ad45d692a0b,,src/attack_timings.rs;docs/enemy-coverage.json;scripts/generate-attack-timings.py;scripts/attack_responses.py
c1250,300003071,0,0.933333337,1.100000024,jump,classified_estimate,false,false,18a016df3066df8e406f07e9b80e065db545c1223d463da49dd68ad45d692a0b,12503160,src/attack_timings.rs;docs/enemy-coverage.json;docs/response-coverage.json;scripts/generate-attack-timings.py;scripts/attack_responses.py
c1250,300003073,0,1.366666675,1.433333278,unverified,extracted_unverified,false,false,18a016df3066df8e406f07e9b80e065db545c1223d463da49dd68ad45d692a0b,,src/attack_timings.rs;docs/enemy-coverage.json;scripts/generate-attack-timings.py;scripts/attack_responses.py
c1250,300003202,0,0.133333340,0.200000003,unverified,extracted_unverified,false,false,18a016df3066df8e406f07e9b80e065db545c1223d463da49dd68ad45d692a0b,,src/attack_timings.rs;docs/enemy-coverage.json;scripts/generate-attack-timings.py;scripts/attack_responses.py
c1250,400003020,0,0.666666687,0.833333313,parry,classified_estimate,false,false,18a016df3066df8e406f07e9b80e065db545c1223d463da49dd68ad45d692a0b,,src/attack_timings.rs;docs/enemy-coverage.json;scripts/generate-attack-timings.py;scripts/attack_responses.py
c1250,400003021,0,1.299999952,1.366666675,unverified,extracted_unverified,false,false,18a016df3066df8e406f07e9b80e065db545c1223d463da49dd68ad45d692a0b,,src/attack_timings.rs;docs/enemy-coverage.json;scripts/generate-attack-timings.py;scripts/attack_responses.py
c1250,400003022,0,0.600000024,0.699999988,parry,classified_estimate,false,false,18a016df3066df8e406f07e9b80e065db545c1223d463da49dd68ad45d692a0b,,src/attack_timings.rs;docs/enemy-coverage.json;scripts/generate-attack-timings.py;scripts/attack_responses.py
c1300,3004,0,1.133333325,1.266666651,parry,classified_estimate,false,false,2420609f6c0558e81397850bb5eee08a70a91eb5018407af33b87a6ccf093b5d,,src/attack_timings.rs;docs/enemy-coverage.json;scripts/generate-attack-timings.py;scripts/attack_responses.py
c1300,3004,1,2.433333397,2.566666603,parry,classified_estimate,false,false,2420609f6c0558e81397850bb5eee08a70a91eb5018407af33b87a6ccf093b5d,,src/attack_timings.rs;docs/enemy-coverage.json;scripts/generate-attack-timings.py;scripts/attack_responses.py
c1300,3005,0,1.233333349,1.333333373,dodge,classified_estimate,false,false,2420609f6c0558e81397850bb5eee08a70a91eb5018407af33b87a6ccf093b5d,13000800,src/attack_timings.rs;docs/enemy-coverage.json;docs/response-coverage.json;scripts/generate-attack-timings.py;scripts/attack_responses.py
c1300,3006,0,0.600000024,0.699999988,dodge,classified_estimate,false,false,2420609f6c0558e81397850bb5eee08a70a91eb5018407af33b87a6ccf093b5d,13000800,src/attack_timings.rs;docs/enemy-coverage.json;docs/response-coverage.json;scripts/generate-attack-timings.py;scripts/attack_responses.py
c1300,3008,0,0.066666670,0.166666672,dodge,classified_estimate,false,false,2420609f6c0558e81397850bb5eee08a70a91eb5018407af33b87a6ccf093b5d,13000800,src/attack_timings.rs;docs/enemy-coverage.json;docs/response-coverage.json;scripts/generate-attack-timings.py;scripts/attack_responses.py
c1300,3009,0,2.900000095,3.033333302,parry,classified_estimate,false,false,2420609f6c0558e81397850bb5eee08a70a91eb5018407af33b87a6ccf093b5d,,src/attack_timings.rs;docs/enemy-coverage.json;scripts/generate-attack-timings.py;scripts/attack_responses.py
c1300,3016,0,1.366666675,1.666666627,unverified,extracted_unverified,false,false,2420609f6c0558e81397850bb5eee08a70a91eb5018407af33b87a6ccf093b5d,,src/attack_timings.rs;docs/enemy-coverage.json;scripts/generate-attack-timings.py;scripts/attack_responses.py
c1300,3016,1,3.166666746,3.766666651,unverified,extracted_unverified,false,false,2420609f6c0558e81397850bb5eee08a70a91eb5018407af33b87a6ccf093b5d,,src/attack_timings.rs;docs/enemy-coverage.json;scripts/generate-attack-timings.py;scripts/attack_responses.py
c1310,3000,0,0.633333325,0.833333313,unverified,extracted_unverified,false,false,33f1e95eb7a07a479e2ddd4d8cb88b7123bdc4d726e5d2f5839ebb450582d589,,src/attack_timings.rs;docs/enemy-coverage.json;scripts/generate-attack-timings.py;scripts/attack_responses.py
c1310,3000,1,1.333333373,1.533333302,unverified,extracted_unverified,false,false,33f1e95eb7a07a479e2ddd4d8cb88b7123bdc4d726e5d2f5839ebb450582d589,,src/attack_timings.rs;docs/enemy-coverage.json;scripts/generate-attack-timings.py;scripts/attack_responses.py
c1310,3001,0,1.066666722,1.266666651,unverified,extracted_unverified,false,false,33f1e95eb7a07a479e2ddd4d8cb88b7123bdc4d726e5d2f5839ebb450582d589,,src/attack_timings.rs;docs/enemy-coverage.json;scripts/generate-attack-timings.py;scripts/attack_responses.py
c1310,3001,1,1.500000000,1.700000048,unverified,extracted_unverified,false,false,33f1e95eb7a07a479e2ddd4d8cb88b7123bdc4d726e5d2f5839ebb450582d589,,src/attack_timings.rs;docs/enemy-coverage.json;scripts/generate-attack-timings.py;scripts/attack_responses.py
c1310,3001,2,1.899999976,2.099999905,unverified,extracted_unverified,false,false,33f1e95eb7a07a479e2ddd4d8cb88b7123bdc4d726e5d2f5839ebb450582d589,,src/attack_timings.rs;docs/enemy-coverage.json;scripts/generate-attack-timings.py;scripts/attack_responses.py
c1310,3001,3,2.200000048,2.400000095,unverified,extracted_unverified,false,false,33f1e95eb7a07a479e2ddd4d8cb88b7123bdc4d726e5d2f5839ebb450582d589,,src/attack_timings.rs;docs/enemy-coverage.json;scripts/generate-attack-timings.py;scripts/attack_responses.py
c1310,3001,4,2.766666651,2.966666698,unverified,extracted_unverified,false,false,33f1e95eb7a07a479e2ddd4d8cb88b7123bdc4d726e5d2f5839ebb450582d589,,src/attack_timings.rs;docs/enemy-coverage.json;scripts/generate-attack-timings.py;scripts/attack_responses.py
c1310,3001,5,3.733333349,3.933333397,unverified,extracted_unverified,false,false,33f1e95eb7a07a479e2ddd4d8cb88b7123bdc4d726e5d2f5839ebb450582d589,,src/attack_timings.rs;docs/enemy-coverage.json;scripts/generate-attack-timings.py;scripts/attack_responses.py
c1310,3002,0,0.966666639,1.166666627,unverified,extracted_unverified,false,false,33f1e95eb7a07a479e2ddd4d8cb88b7123bdc4d726e5d2f5839ebb450582d589,,src/attack_timings.rs;docs/enemy-coverage.json;scripts/generate-attack-timings.py;scripts/attack_responses.py
c1310,3003,0,1.933333278,2.133333445,unverified,extracted_unverified,false,false,33f1e95eb7a07a479e2ddd4d8cb88b7123bdc4d726e5d2f5839ebb450582d589,,src/attack_timings.rs;docs/enemy-coverage.json;scripts/generate-attack-timings.py;scripts/attack_responses.py
c1310,3003,1,2.333333254,2.533333302,unverified,extracted_unverified,false,false,33f1e95eb7a07a479e2ddd4d8cb88b7123bdc4d726e5d2f5839ebb450582d589,,src/attack_timings.rs;docs/enemy-coverage.json;scripts/generate-attack-timings.py;scripts/attack_responses.py
c1310,3003,2,3.733333349,3.866666555,unverified,extracted_unverified,false,false,33f1e95eb7a07a479e2ddd4d8cb88b7123bdc4d726e5d2f5839ebb450582d589,,src/attack_timings.rs;docs/enemy-coverage.json;scripts/generate-attack-timings.py;scripts/attack_responses.py
c1310,3006,0,0.233333334,0.433333337,unverified,extracted_unverified,false,false,33f1e95eb7a07a479e2ddd4d8cb88b7123bdc4d726e5d2f5839ebb450582d589,,src/attack_timings.rs;docs/enemy-coverage.json;scripts/generate-attack-timings.py;scripts/attack_responses.py
c1310,3006,1,1.533333302,1.733333349,unverified,extracted_unverified,false,false,33f1e95eb7a07a479e2ddd4d8cb88b7123bdc4d726e5d2f5839ebb450582d589,,src/attack_timings.rs;docs/enemy-coverage.json;scripts/generate-attack-timings.py;scripts/attack_responses.py
c1310,3009,0,0.566666663,0.766666651,unverified,extracted_unverified,false,false,33f1e95eb7a07a479e2ddd4d8cb88b7123bdc4d726e5d2f5839ebb450582d589,,src/attack_timings.rs;docs/enemy-coverage.json;scripts/generate-attack-timings.py;scripts/attack_responses.py
c1310,3009,1,1.266666651,1.466666698,unverified,extracted_unverified,false,false,33f1e95eb7a07a479e2ddd4d8cb88b7123bdc4d726e5d2f5839ebb450582d589,,src/attack_timings.rs;docs/enemy-coverage.json;scripts/generate-attack-timings.py;scripts/attack_responses.py
c1310,3011,0,0.633333325,0.833333313,unverified,extracted_unverified,false,false,33f1e95eb7a07a479e2ddd4d8cb88b7123bdc4d726e5d2f5839ebb450582d589,,src/attack_timings.rs;docs/enemy-coverage.json;scripts/generate-attack-timings.py;scripts/attack_responses.py
c1310,3011,1,1.000000000,1.200000048,unverified,extracted_unverified,false,false,33f1e95eb7a07a479e2ddd4d8cb88b7123bdc4d726e5d2f5839ebb450582d589,,src/attack_timings.rs;docs/enemy-coverage.json;scripts/generate-attack-timings.py;scripts/attack_responses.py
c1310,3012,0,0.433333337,0.633333325,unverified,extracted_unverified,false,false,33f1e95eb7a07a479e2ddd4d8cb88b7123bdc4d726e5d2f5839ebb450582d589,,src/attack_timings.rs;docs/enemy-coverage.json;scripts/generate-attack-timings.py;scripts/attack_responses.py
c1310,3012,1,1.100000024,1.299999952,unverified,extracted_unverified,false,false,33f1e95eb7a07a479e2ddd4d8cb88b7123bdc4d726e5d2f5839ebb450582d589,,src/attack_timings.rs;docs/enemy-coverage.json;scripts/generate-attack-timings.py;scripts/attack_responses.py
c1310,3013,0,0.500000000,0.699999988,unverified,extracted_unverified,false,false,33f1e95eb7a07a479e2ddd4d8cb88b7123bdc4d726e5d2f5839ebb450582d589,,src/attack_timings.rs;docs/enemy-coverage.json;scripts/generate-attack-timings.py;scripts/attack_responses.py
c1310,3013,1,1.899999976,2.033333302,unverified,extracted_unverified,false,false,33f1e95eb7a07a479e2ddd4d8cb88b7123bdc4d726e5d2f5839ebb450582d589,,src/attack_timings.rs;docs/enemy-coverage.json;scripts/generate-attack-timings.py;scripts/attack_responses.py
c1310,3014,0,0.566666663,0.766666651,unverified,extracted_unverified,false,false,33f1e95eb7a07a479e2ddd4d8cb88b7123bdc4d726e5d2f5839ebb450582d589,,src/attack_timings.rs;docs/enemy-coverage.json;scripts/generate-attack-timings.py;scripts/attack_responses.py
c1310,3014,1,0.933333337,1.133333325,unverified,extracted_unverified,false,false,33f1e95eb7a07a479e2ddd4d8cb88b7123bdc4d726e5d2f5839ebb450582d589,,src/attack_timings.rs;docs/enemy-coverage.json;scripts/generate-attack-timings.py;scripts/attack_responses.py
c1310,3015,0,2.799999952,3.000000000,unverified,extracted_unverified,false,false,33f1e95eb7a07a479e2ddd4d8cb88b7123bdc4d726e5d2f5839ebb450582d589,,src/attack_timings.rs;docs/enemy-coverage.json;scripts/generate-attack-timings.py;scripts/attack_responses.py
c1310,3016,0,3.466666698,3.666666746,unverified,extracted_unverified,false,false,33f1e95eb7a07a479e2ddd4d8cb88b7123bdc4d726e5d2f5839ebb450582d589,,src/attack_timings.rs;docs/enemy-coverage.json;scripts/generate-attack-timings.py;scripts/attack_responses.py
c1310,3017,0,0.633333325,0.766666651,unverified,extracted_unverified,false,false,33f1e95eb7a07a479e2ddd4d8cb88b7123bdc4d726e5d2f5839ebb450582d589,,src/attack_timings.rs;docs/enemy-coverage.json;scripts/generate-attack-timings.py;scripts/attack_responses.py
c1310,3018,0,3.466666698,3.666666746,unverified,extracted_unverified,false,false,33f1e95eb7a07a479e2ddd4d8cb88b7123bdc4d726e5d2f5839ebb450582d589,,src/attack_timings.rs;docs/enemy-coverage.json;scripts/generate-attack-timings.py;scripts/attack_responses.py
c1310,3022,0,0.666666687,0.800000012,unverified,extracted_unverified,false,false,33f1e95eb7a07a479e2ddd4d8cb88b7123bdc4d726e5d2f5839ebb450582d589,,src/attack_timings.rs;docs/enemy-coverage.json;scripts/generate-attack-timings.py;scripts/attack_responses.py
c1310,3022,1,1.299999952,1.500000000,unverified,extracted_unverified,false,false,33f1e95eb7a07a479e2ddd4d8cb88b7123bdc4d726e5d2f5839ebb450582d589,,src/attack_timings.rs;docs/enemy-coverage.json;scripts/generate-attack-timings.py;scripts/attack_responses.py
c1310,3023,0,0.766666651,0.966666639,unverified,extracted_unverified,false,false,33f1e95eb7a07a479e2ddd4d8cb88b7123bdc4d726e5d2f5839ebb450582d589,,src/attack_timings.rs;docs/enemy-coverage.json;scripts/generate-attack-timings.py;scripts/attack_responses.py
c1310,3040,0,0.000000000,0.733333349,unverified,extracted_unverified,false,false,33f1e95eb7a07a479e2ddd4d8cb88b7123bdc4d726e5d2f5839ebb450582d589,,src/attack_timings.rs;docs/enemy-coverage.json;scripts/generate-attack-timings.py;scripts/attack_responses.py
c1310,3042,0,0.000000000,0.733333349,unverified,extracted_unverified,false,false,33f1e95eb7a07a479e2ddd4d8cb88b7123bdc4d726e5d2f5839ebb450582d589,,src/attack_timings.rs;docs/enemy-coverage.json;scripts/generate-attack-timings.py;scripts/attack_responses.py
c1310,3044,0,0.000000000,0.733333349,unverified,extracted_unverified,false,false,33f1e95eb7a07a479e2ddd4d8cb88b7123bdc4d726e5d2f5839ebb450582d589,,src/attack_timings.rs;docs/enemy-coverage.json;scripts/generate-attack-timings.py;scripts/attack_responses.py
c1310,3045,0,0.000000000,0.733333349,unverified,extracted_unverified,false,false,33f1e95eb7a07a479e2ddd4d8cb88b7123bdc4d726e5d2f5839ebb450582d589,,src/attack_timings.rs;docs/enemy-coverage.json;scripts/generate-attack-timings.py;scripts/attack_responses.py
c1310,3060,0,0.699999988,0.833333313,unverified,extracted_unverified,false,false,33f1e95eb7a07a479e2ddd4d8cb88b7123bdc4d726e5d2f5839ebb450582d589,,src/attack_timings.rs;docs/enemy-coverage.json;scripts/generate-attack-timings.py;scripts/attack_responses.py
c1310,3061,0,1.100000024,1.233333349,unverified,extracted_unverified,false,false,33f1e95eb7a07a479e2ddd4d8cb88b7123bdc4d726e5d2f5839ebb450582d589,,src/attack_timings.rs;docs/enemy-coverage.json;scripts/generate-attack-timings.py;scripts/attack_responses.py
c1310,3062,0,0.833333313,1.033333302,unverified,extracted_unverified,false,false,33f1e95eb7a07a479e2ddd4d8cb88b7123bdc4d726e5d2f5839ebb450582d589,,src/attack_timings.rs;docs/enemy-coverage.json;scripts/generate-attack-timings.py;scripts/attack_responses.py
c1310,3062,1,1.333333373,1.433333278,unverified,extracted_unverified,false,false,33f1e95eb7a07a479e2ddd4d8cb88b7123bdc4d726e5d2f5839ebb450582d589,,src/attack_timings.rs;docs/enemy-coverage.json;scripts/generate-attack-timings.py;scripts/attack_responses.py
c1310,3062,2,1.733333349,1.833333373,unverified,extracted_unverified,false,false,33f1e95eb7a07a479e2ddd4d8cb88b7123bdc4d726e5d2f5839ebb450582d589,,src/attack_timings.rs;docs/enemy-coverage.json;scripts/generate-attack-timings.py;scripts/attack_responses.py
c1310,3062,3,2.066666603,2.200000048,unverified,extracted_unverified,false,false,33f1e95eb7a07a479e2ddd4d8cb88b7123bdc4d726e5d2f5839ebb450582d589,,src/attack_timings.rs;docs/enemy-coverage.json;scripts/generate-attack-timings.py;scripts/attack_responses.py
c1310,3062,4,2.599999905,2.766666651,unverified,extracted_unverified,false,false,33f1e95eb7a07a479e2ddd4d8cb88b7123bdc4d726e5d2f5839ebb450582d589,,src/attack_timings.rs;docs/enemy-coverage.json;scripts/generate-attack-timings.py;scripts/attack_responses.py
c1310,3062,5,3.566666603,3.766666651,unverified,extracted_unverified,false,false,33f1e95eb7a07a479e2ddd4d8cb88b7123bdc4d726e5d2f5839ebb450582d589,,src/attack_timings.rs;docs/enemy-coverage.json;scripts/generate-attack-timings.py;scripts/attack_responses.py
c1310,3063,0,1.566666722,1.700000048,unverified,extracted_unverified,false,false,33f1e95eb7a07a479e2ddd4d8cb88b7123bdc4d726e5d2f5839ebb450582d589,,src/attack_timings.rs;docs/enemy-coverage.json;scripts/generate-attack-timings.py;scripts/attack_responses.py
c1310,100003000,0,0.866666675,1.133333325,unverified,extracted_unverified,false,false,33f1e95eb7a07a479e2ddd4d8cb88b7123bdc4d726e5d2f5839ebb450582d589,,src/attack_timings.rs;docs/enemy-coverage.json;scripts/generate-attack-timings.py;scripts/attack_responses.py
c1310,100003000,1,1.833333373,2.200000048,unverified,extracted_unverified,false,false,33f1e95eb7a07a479e2ddd4d8cb88b7123bdc4d726e5d2f5839ebb450582d589,,src/attack_timings.rs;docs/enemy-coverage.json;scripts/generate-attack-timings.py;scripts/attack_responses.py
c1310,100003002,0,1.899999976,2.000000000,unverified,extracted_unverified,false,false,33f1e95eb7a07a479e2ddd4d8cb88b7123bdc4d726e5d2f5839ebb450582d589,,src/attack_timings.rs;docs/enemy-coverage.json;scripts/generate-attack-timings.py;scripts/attack_responses.py
c1310,100003003,0,1.000000000,1.133333325,unverified,extracted_unverified,false,false,33f1e95eb7a07a479e2ddd4d8cb88b7123bdc4d726e5d2f5839ebb450582d589,,src/attack_timings.rs;docs/enemy-coverage.json;scripts/generate-attack-timings.py;scripts/attack_responses.py
c1310,100003003,1,1.866666675,2.099999905,unverified,extracted_unverified,false,false,33f1e95eb7a07a479e2ddd4d8cb88b7123bdc4d726e5d2f5839ebb450582d589,,src/attack_timings.rs;docs/enemy-coverage.json;scripts/generate-attack-timings.py;scripts/attack_responses.py
c1310,100003004,0,1.000000000,1.133333325,unverified,extracted_unverified,false,false,33f1e95eb7a07a479e2ddd4d8cb88b7123bdc4d726e5d2f5839ebb450582d589,,src/attack_timings.rs;docs/enemy-coverage.json;scripts/generate-attack-timings.py;scripts/attack_responses.py
c1310,100003004,1,2.433333397,2.633333445,unverified,extracted_unverified,false,false,33f1e95eb7a07a479e2ddd4d8cb88b7123bdc4d726e5d2f5839ebb450582d589,,src/attack_timings.rs;docs/enemy-coverage.json;scripts/generate-attack-timings.py;scripts/attack_responses.py
c1310,100003005,0,2.333333254,2.466666698,unverified,extracted_unverified,false,false,33f1e95eb7a07a479e2ddd4d8cb88b7123bdc4d726e5d2f5839ebb450582d589,,src/attack_timings.rs;docs/enemy-coverage.json;scripts/generate-attack-timings.py;scripts/attack_responses.py
c1310,100003006,0,0.566666663,0.699999988,unverified,extracted_unverified,false,false,33f1e95eb7a07a479e2ddd4d8cb88b7123bdc4d726e5d2f5839ebb450582d589,,src/attack_timings.rs;docs/enemy-coverage.json;scripts/generate-attack-timings.py;scripts/attack_responses.py
c1310,100003007,0,0.566666663,0.666666687,unverified,extracted_unverified,false,false,33f1e95eb7a07a479e2ddd4d8cb88b7123bdc4d726e5d2f5839ebb450582d589,,src/attack_timings.rs;docs/enemy-coverage.json;scripts/generate-attack-timings.py;scripts/attack_responses.py
c1310,100003008,0,1.600000024,1.766666651,unverified,extracted_unverified,false,false,33f1e95eb7a07a479e2ddd4d8cb88b7123bdc4d726e5d2f5839ebb450582d589,,src/attack_timings.rs;docs/enemy-coverage.json;scripts/generate-attack-timings.py;scripts/attack_responses.py
c1310,100003009,0,0.866666675,1.133333325,unverified,extracted_unverified,false,false,33f1e95eb7a07a479e2ddd4d8cb88b7123bdc4d726e5d2f5839ebb450582d589,,src/attack_timings.rs;docs/enemy-coverage.json;scripts/generate-attack-timings.py;scripts/attack_responses.py
c1310,100003009,1,1.533333302,1.766666651,unverified,extracted_unverified,false,false,33f1e95eb7a07a479e2ddd4d8cb88b7123bdc4d726e5d2f5839ebb450582d589,,src/attack_timings.rs;docs/enemy-coverage.json;scripts/generate-attack-timings.py;scripts/attack_responses.py
c1310,100003009,2,3.033333302,3.200000048,unverified,extracted_unverified,false,false,33f1e95eb7a07a479e2ddd4d8cb88b7123bdc4d726e5d2f5839ebb450582d589,,src/attack_timings.rs;docs/enemy-coverage.json;scripts/generate-attack-timings.py;scripts/attack_responses.py
c1310,100003010,0,1.733333349,2.066666603,unverified,extracted_unverified,false,false,33f1e95eb7a07a479e2ddd4d8cb88b7123bdc4d726e5d2f5839ebb450582d589,,src/attack_timings.rs;docs/enemy-coverage.json;scripts/generate-attack-timings.py;scripts/attack_responses.py
c1310,100003010,1,2.466666698,2.700000048,unverified,extracted_unverified,false,false,33f1e95eb7a07a479e2ddd4d8cb88b7123bdc4d726e5d2f5839ebb450582d589,,src/attack_timings.rs;docs/enemy-coverage.json;scripts/generate-attack-timings.py;scripts/attack_responses.py
c1310,100003010,2,2.933333397,3.200000048,unverified,extracted_unverified,false,false,33f1e95eb7a07a479e2ddd4d8cb88b7123bdc4d726e5d2f5839ebb450582d589,,src/attack_timings.rs;docs/enemy-coverage.json;scripts/generate-attack-timings.py;scripts/attack_responses.py
c1310,100003010,3,3.866666555,4.066666603,unverified,extracted_unverified,false,false,33f1e95eb7a07a479e2ddd4d8cb88b7123bdc4d726e5d2f5839ebb450582d589,,src/attack_timings.rs;docs/enemy-coverage.json;scripts/generate-attack-timings.py;scripts/attack_responses.py
c1310,100003011,0,0.633333325,0.766666651,unverified,extracted_unverified,false,false,33f1e95eb7a07a479e2ddd4d8cb88b7123bdc4d726e5d2f5839ebb450582d589,,src/attack_timings.rs;docs/enemy-coverage.json;scripts/generate-attack-timings.py;scripts/attack_responses.py
c1310,100003020,0,1.733333349,2.066666603,unverified,extracted_unverified,false,false,33f1e95eb7a07a479e2ddd4d8cb88b7123bdc4d726e5d2f5839ebb450582d589,,src/attack_timings.rs;docs/enemy-coverage.json;scripts/generate-attack-timings.py;scripts/attack_responses.py
c1310,100003020,1,2.466666698,2.700000048,unverified,extracted_unverified,false,false,33f1e95eb7a07a479e2ddd4d8cb88b7123bdc4d726e5d2f5839ebb450582d589,,src/attack_timings.rs;docs/enemy-coverage.json;scripts/generate-attack-timings.py;scripts/attack_responses.py
c1310,100003020,2,2.933333397,3.200000048,unverified,extracted_unverified,false,false,33f1e95eb7a07a479e2ddd4d8cb88b7123bdc4d726e5d2f5839ebb450582d589,,src/attack_timings.rs;docs/enemy-coverage.json;scripts/generate-attack-timings.py;scripts/attack_responses.py
c1310,100003020,3,3.866666555,4.066666603,unverified,extracted_unverified,false,false,33f1e95eb7a07a479e2ddd4d8cb88b7123bdc4d726e5d2f5839ebb450582d589,,src/attack_timings.rs;docs/enemy-coverage.json;scripts/generate-attack-timings.py;scripts/attack_responses.py
c1310,100003061,0,0.866666675,1.000000000,unverified,extracted_unverified,false,false,33f1e95eb7a07a479e2ddd4d8cb88b7123bdc4d726e5d2f5839ebb450582d589,,src/attack_timings.rs;docs/enemy-coverage.json;scripts/generate-attack-timings.py;scripts/attack_responses.py
c1310,100003062,0,0.866666675,1.133333325,unverified,extracted_unverified,false,false,33f1e95eb7a07a479e2ddd4d8cb88b7123bdc4d726e5d2f5839ebb450582d589,,src/attack_timings.rs;docs/enemy-coverage.json;scripts/generate-attack-timings.py;scripts/attack_responses.py
c1310,100003062,1,1.833333373,2.200000048,unverified,extracted_unverified,false,false,33f1e95eb7a07a479e2ddd4d8cb88b7123bdc4d726e5d2f5839ebb450582d589,,src/attack_timings.rs;docs/enemy-coverage.json;scripts/generate-attack-timings.py;scripts/attack_responses.py
c1310,100003063,0,0.866666675,1.133333325,unverified,extracted_unverified,false,false,33f1e95eb7a07a479e2ddd4d8cb88b7123bdc4d726e5d2f5839ebb450582d589,,src/attack_timings.rs;docs/enemy-coverage.json;scripts/generate-attack-timings.py;scripts/attack_responses.py
c1310,100003063,1,1.533333302,1.766666651,unverified,extracted_unverified,false,false,33f1e95eb7a07a479e2ddd4d8cb88b7123bdc4d726e5d2f5839ebb450582d589,,src/attack_timings.rs;docs/enemy-coverage.json;scripts/generate-attack-timings.py;scripts/attack_responses.py
c1310,100003063,2,3.033333302,3.200000048,unverified,extracted_unverified,false,false,33f1e95eb7a07a479e2ddd4d8cb88b7123bdc4d726e5d2f5839ebb450582d589,,src/attack_timings.rs;docs/enemy-coverage.json;scripts/generate-attack-timings.py;scripts/attack_responses.py
c1310,100003065,0,0.866666675,1.133333325,unverified,extracted_unverified,false,false,33f1e95eb7a07a479e2ddd4d8cb88b7123bdc4d726e5d2f5839ebb450582d589,,src/attack_timings.rs;docs/enemy-coverage.json;scripts/generate-attack-timings.py;scripts/attack_responses.py
c1310,100003065,1,1.533333302,1.766666651,unverified,extracted_unverified,false,false,33f1e95eb7a07a479e2ddd4d8cb88b7123bdc4d726e5d2f5839ebb450582d589,,src/attack_timings.rs;docs/enemy-coverage.json;scripts/generate-attack-timings.py;scripts/attack_responses.py
c1310,100003065,2,3.033333302,3.200000048,unverified,extracted_unverified,false,false,33f1e95eb7a07a479e2ddd4d8cb88b7123bdc4d726e5d2f5839ebb450582d589,,src/attack_timings.rs;docs/enemy-coverage.json;scripts/generate-attack-timings.py;scripts/attack_responses.py
c1310,200003031,0,1.433333278,1.633333325,unverified,extracted_unverified,false,false,33f1e95eb7a07a479e2ddd4d8cb88b7123bdc4d726e5d2f5839ebb450582d589,,src/attack_timings.rs;docs/enemy-coverage.json;scripts/generate-attack-timings.py;scripts/attack_responses.py
c1310,300003020,0,0.600000024,0.699999988,unverified,extracted_unverified,false,false,33f1e95eb7a07a479e2ddd4d8cb88b7123bdc4d726e5d2f5839ebb450582d589,,src/attack_timings.rs;docs/enemy-coverage.json;scripts/generate-attack-timings.py;scripts/attack_responses.py
c1310,300003020,1,0.866666675,0.966666639,unverified,extracted_unverified,false,false,33f1e95eb7a07a479e2ddd4d8cb88b7123bdc4d726e5d2f5839ebb450582d589,,src/attack_timings.rs;docs/enemy-coverage.json;scripts/generate-attack-timings.py;scripts/attack_responses.py
c1320,3001,0,1.100000024,1.666666627,unverified,extracted_unverified,false,false,8f8072dbc467d133a553e078412463213240f7de829017fffa37058dcb32edf9,,src/attack_timings.rs;docs/enemy-coverage.json;scripts/generate-attack-timings.py;scripts/attack_responses.py
c1320,603001,0,1.100000024,1.666666627,unverified,extracted_unverified,false,false,8f8072dbc467d133a553e078412463213240f7de829017fffa37058dcb32edf9,,src/attack_timings.rs;docs/enemy-coverage.json;scripts/generate-attack-timings.py;scripts/attack_responses.py
c1320,100003001,0,1.100000024,1.666666627,unverified,extracted_unverified,false,false,8f8072dbc467d133a553e078412463213240f7de829017fffa37058dcb32edf9,,src/attack_timings.rs;docs/enemy-coverage.json;scripts/generate-attack-timings.py;scripts/attack_responses.py
c1320,100603001,0,1.100000024,1.666666627,unverified,extracted_unverified,false,false,8f8072dbc467d133a553e078412463213240f7de829017fffa37058dcb32edf9,,src/attack_timings.rs;docs/enemy-coverage.json;scripts/generate-attack-timings.py;scripts/attack_responses.py
c1350,3000,0,3.799999952,4.266666889,unverified,extracted_unverified,false,false,90a975da009b676b79fd5f1da6939e04afab9816f7f55b005fa0c42bde52e312,,src/attack_timings.rs;docs/enemy-coverage.json;scripts/generate-attack-timings.py;scripts/attack_responses.py
c1350,3001,0,4.000000000,4.466666698,unverified,extracted_unverified,false,false,90a975da009b676b79fd5f1da6939e04afab9816f7f55b005fa0c42bde52e312,,src/attack_timings.rs;docs/enemy-coverage.json;scripts/generate-attack-timings.py;scripts/attack_responses.py
c1350,3003,0,1.233333349,2.000000000,unverified,extracted_unverified,false,false,90a975da009b676b79fd5f1da6939e04afab9816f7f55b005fa0c42bde52e312,,src/attack_timings.rs;docs/enemy-coverage.json;scripts/generate-attack-timings.py;scripts/attack_responses.py
c1350,3004,0,1.500000000,2.200000048,unverified,extracted_unverified,false,false,90a975da009b676b79fd5f1da6939e04afab9816f7f55b005fa0c42bde52e312,,src/attack_timings.rs;docs/enemy-coverage.json;scripts/generate-attack-timings.py;scripts/attack_responses.py
c1350,3005,0,1.566666722,2.166666746,unverified,extracted_unverified,false,false,90a975da009b676b79fd5f1da6939e04afab9816f7f55b005fa0c42bde52e312,,src/attack_timings.rs;docs/enemy-coverage.json;scripts/generate-attack-timings.py;scripts/attack_responses.py
c1350,3006,0,1.766666651,2.400000095,unverified,extracted_unverified,false,false,90a975da009b676b79fd5f1da6939e04afab9816f7f55b005fa0c42bde52e312,,src/attack_timings.rs;docs/enemy-coverage.json;scripts/generate-attack-timings.py;scripts/attack_responses.py
c1350,3007,0,1.566666722,2.166666746,unverified,extracted_unverified,false,false,90a975da009b676b79fd5f1da6939e04afab9816f7f55b005fa0c42bde52e312,,src/attack_timings.rs;docs/enemy-coverage.json;scripts/generate-attack-timings.py;scripts/attack_responses.py
c1350,3008,0,1.766666651,2.400000095,unverified,extracted_unverified,false,false,90a975da009b676b79fd5f1da6939e04afab9816f7f55b005fa0c42bde52e312,,src/attack_timings.rs;docs/enemy-coverage.json;scripts/generate-attack-timings.py;scripts/attack_responses.py
c1350,3009,0,2.666666746,2.866666555,unverified,extracted_unverified,false,false,90a975da009b676b79fd5f1da6939e04afab9816f7f55b005fa0c42bde52e312,,src/attack_timings.rs;docs/enemy-coverage.json;scripts/generate-attack-timings.py;scripts/attack_responses.py
c1350,3009,1,3.933333397,4.066666603,unverified,extracted_unverified,false,false,90a975da009b676b79fd5f1da6939e04afab9816f7f55b005fa0c42bde52e312,,src/attack_timings.rs;docs/enemy-coverage.json;scripts/generate-attack-timings.py;scripts/attack_responses.py
c1350,3009,2,6.466666698,6.699999809,unverified,extracted_unverified,false,false,90a975da009b676b79fd5f1da6939e04afab9816f7f55b005fa0c42bde52e312,,src/attack_timings.rs;docs/enemy-coverage.json;scripts/generate-attack-timings.py;scripts/attack_responses.py
c1350,3009,3,9.100000381,9.300000191,unverified,extracted_unverified,false,false,90a975da009b676b79fd5f1da6939e04afab9816f7f55b005fa0c42bde52e312,,src/attack_timings.rs;docs/enemy-coverage.json;scripts/generate-attack-timings.py;scripts/attack_responses.py
c1350,3010,0,1.133333325,3.166666746,unverified,extracted_unverified,false,false,90a975da009b676b79fd5f1da6939e04afab9816f7f55b005fa0c42bde52e312,,src/attack_timings.rs;docs/enemy-coverage.json;scripts/generate-attack-timings.py;scripts/attack_responses.py
c1350,3012,0,0.533333361,0.733333349,dodge,classified_estimate,false,false,90a975da009b676b79fd5f1da6939e04afab9816f7f55b005fa0c42bde52e312,13500150,src/attack_timings.rs;docs/enemy-coverage.json;docs/response-coverage.json;scripts/generate-attack-timings.py;scripts/attack_responses.py
c1350,3014,0,1.266666651,2.933333397,unverified,extracted_unverified,false,false,90a975da009b676b79fd5f1da6939e04afab9816f7f55b005fa0c42bde52e312,,src/attack_timings.rs;docs/enemy-coverage.json;scripts/generate-attack-timings.py;scripts/attack_responses.py
c1350,3017,0,4.300000191,4.900000095,unverified,extracted_unverified,false,false,90a975da009b676b79fd5f1da6939e04afab9816f7f55b005fa0c42bde52e312,,src/attack_timings.rs;docs/enemy-coverage.json;scripts/generate-attack-timings.py;scripts/attack_responses.py
c1350,3019,0,1.866666675,2.033333302,unverified,extracted_unverified,false,false,90a975da009b676b79fd5f1da6939e04afab9816f7f55b005fa0c42bde52e312,,src/attack_timings.rs;docs/enemy-coverage.json;scripts/generate-attack-timings.py;scripts/attack_responses.py
c1350,3033,0,1.266666651,1.933333278,unverified,extracted_unverified,false,false,90a975da009b676b79fd5f1da6939e04afab9816f7f55b005fa0c42bde52e312,,src/attack_timings.rs;docs/enemy-coverage.json;scripts/generate-attack-timings.py;scripts/attack_responses.py
c1350,3050,0,0.566666663,0.966666639,parry,classified_estimate,false,false,90a975da009b676b79fd5f1da6939e04afab9816f7f55b005fa0c42bde52e312,,src/attack_timings.rs;docs/enemy-coverage.json;scripts/generate-attack-timings.py;scripts/attack_responses.py
c1350,3055,0,0.566666663,0.966666639,parry,classified_estimate,false,false,90a975da009b676b79fd5f1da6939e04afab9816f7f55b005fa0c42bde52e312,,src/attack_timings.rs;docs/enemy-coverage.json;scripts/generate-attack-timings.py;scripts/attack_responses.py
c1350,3060,0,1.033333302,1.200000048,unverified,extracted_unverified,false,false,90a975da009b676b79fd5f1da6939e04afab9816f7f55b005fa0c42bde52e312,,src/attack_timings.rs;docs/enemy-coverage.json;scripts/generate-attack-timings.py;scripts/attack_responses.py
c1350,3061,0,1.033333302,1.200000048,unverified,extracted_unverified,false,false,90a975da009b676b79fd5f1da6939e04afab9816f7f55b005fa0c42bde52e312,,src/attack_timings.rs;docs/enemy-coverage.json;scripts/generate-attack-timings.py;scripts/attack_responses.py
c1350,3070,0,0.766666651,0.933333337,unverified,extracted_unverified,false,false,90a975da009b676b79fd5f1da6939e04afab9816f7f55b005fa0c42bde52e312,,src/attack_timings.rs;docs/enemy-coverage.json;scripts/generate-attack-timings.py;scripts/attack_responses.py
c1350,3071,0,0.866666675,1.533333302,unverified,extracted_unverified,false,false,90a975da009b676b79fd5f1da6939e04afab9816f7f55b005fa0c42bde52e312,,src/attack_timings.rs;docs/enemy-coverage.json;scripts/generate-attack-timings.py;scripts/attack_responses.py
c1350,20006,0,1.033333302,1.200000048,unverified,extracted_unverified,false,false,90a975da009b676b79fd5f1da6939e04afab9816f7f55b005fa0c42bde52e312,,src/attack_timings.rs;docs/enemy-coverage.json;scripts/generate-attack-timings.py;scripts/attack_responses.py
c1350,100003000,0,1.566666722,2.166666746,unverified,extracted_unverified,false,false,90a975da009b676b79fd5f1da6939e04afab9816f7f55b005fa0c42bde52e312,,src/attack_timings.rs;docs/enemy-coverage.json;scripts/generate-attack-timings.py;scripts/attack_responses.py
c1350,100003001,0,1.766666651,2.299999952,unverified,extracted_unverified,false,false,90a975da009b676b79fd5f1da6939e04afab9816f7f55b005fa0c42bde52e312,,src/attack_timings.rs;docs/enemy-coverage.json;scripts/generate-attack-timings.py;scripts/attack_responses.py
c1350,100003003,0,1.766666651,2.400000095,unverified,extracted_unverified,false,false,90a975da009b676b79fd5f1da6939e04afab9816f7f55b005fa0c42bde52e312,,src/attack_timings.rs;docs/enemy-coverage.json;scripts/generate-attack-timings.py;scripts/attack_responses.py
c1350,100003004,0,2.733333349,2.900000095,unverified,extracted_unverified,false,false,90a975da009b676b79fd5f1da6939e04afab9816f7f55b005fa0c42bde52e312,,src/attack_timings.rs;docs/enemy-coverage.json;scripts/generate-attack-timings.py;scripts/attack_responses.py
c1350,100003005,0,4.300000191,4.900000095,unverified,extracted_unverified,false,false,90a975da009b676b79fd5f1da6939e04afab9816f7f55b005fa0c42bde52e312,,src/attack_timings.rs;docs/enemy-coverage.json;scripts/generate-attack-timings.py;scripts/attack_responses.py
c1350,100003015,0,2.799999952,3.966666698,dodge,classified_estimate,false,false,90a975da009b676b79fd5f1da6939e04afab9816f7f55b005fa0c42bde52e312,13500150,src/attack_timings.rs;docs/enemy-coverage.json;docs/response-coverage.json;scripts/generate-attack-timings.py;scripts/attack_responses.py
c1350,100003016,0,1.133333325,3.166666746,unverified,extracted_unverified,false,false,90a975da009b676b79fd5f1da6939e04afab9816f7f55b005fa0c42bde52e312,,src/attack_timings.rs;docs/enemy-coverage.json;scripts/generate-attack-timings.py;scripts/attack_responses.py
c1350,100003017,0,0.866666675,2.933333397,unverified,extracted_unverified,false,false,90a975da009b676b79fd5f1da6939e04afab9816f7f55b005fa0c42bde52e312,,src/attack_timings.rs;docs/enemy-coverage.json;scripts/generate-attack-timings.py;scripts/attack_responses.py
c1360,3000,0,0.633333325,0.733333349,unverified,extracted_unverified,false,false,0e04ca636537f0de634f50a413df7ebd0eb5b24879f369e53155be0e64b59da9,,src/attack_timings.rs;docs/enemy-coverage.json;scripts/generate-attack-timings.py;scripts/attack_responses.py
c1360,3001,0,0.600000024,0.766666651,unverified,extracted_unverified,false,false,0e04ca636537f0de634f50a413df7ebd0eb5b24879f369e53155be0e64b59da9,,src/attack_timings.rs;docs/enemy-coverage.json;scripts/generate-attack-timings.py;scripts/attack_responses.py
c1360,3002,0,0.866666675,1.000000000,unverified,extracted_unverified,false,false,0e04ca636537f0de634f50a413df7ebd0eb5b24879f369e53155be0e64b59da9,,src/attack_timings.rs;docs/enemy-coverage.json;scripts/generate-attack-timings.py;scripts/attack_responses.py
c1360,3003,0,0.766666651,0.866666675,unverified,extracted_unverified,false,false,0e04ca636537f0de634f50a413df7ebd0eb5b24879f369e53155be0e64b59da9,,src/attack_timings.rs;docs/enemy-coverage.json;scripts/generate-attack-timings.py;scripts/attack_responses.py
c1360,3005,0,0.699999988,0.833333313,unverified,extracted_unverified,false,false,0e04ca636537f0de634f50a413df7ebd0eb5b24879f369e53155be0e64b59da9,,src/attack_timings.rs;docs/enemy-coverage.json;scripts/generate-attack-timings.py;scripts/attack_responses.py
c1360,3008,0,0.600000024,0.699999988,unverified,extracted_unverified,false,false,0e04ca636537f0de634f50a413df7ebd0eb5b24879f369e53155be0e64b59da9,,src/attack_timings.rs;docs/enemy-coverage.json;scripts/generate-attack-timings.py;scripts/attack_responses.py
c1360,3009,0,0.400000006,0.500000000,unverified,extracted_unverified,false,false,0e04ca636537f0de634f50a413df7ebd0eb5b24879f369e53155be0e64b59da9,,src/attack_timings.rs;docs/enemy-coverage.json;scripts/generate-attack-timings.py;scripts/attack_responses.py
c1360,3014,0,0.600000024,0.699999988,unverified,extracted_unverified,false,false,0e04ca636537f0de634f50a413df7ebd0eb5b24879f369e53155be0e64b59da9,,src/attack_timings.rs;docs/enemy-coverage.json;scripts/generate-attack-timings.py;scripts/attack_responses.py
c1360,3014,1,1.000000000,1.100000024,unverified,extracted_unverified,false,false,0e04ca636537f0de634f50a413df7ebd0eb5b24879f369e53155be0e64b59da9,,src/attack_timings.rs;docs/enemy-coverage.json;scripts/generate-attack-timings.py;scripts/attack_responses.py
c1360,3016,0,1.533333302,1.600000024,dodge,classified_estimate,false,false,0e04ca636537f0de634f50a413df7ebd0eb5b24879f369e53155be0e64b59da9,13600180,src/attack_timings.rs;docs/enemy-coverage.json;docs/response-coverage.json;scripts/generate-attack-timings.py;scripts/attack_responses.py
c1360,3017,0,0.566666663,0.699999988,unverified,extracted_unverified,false,false,0e04ca636537f0de634f50a413df7ebd0eb5b24879f369e53155be0e64b59da9,,src/attack_timings.rs;docs/enemy-coverage.json;scripts/generate-attack-timings.py;scripts/attack_responses.py
c1360,3018,0,0.200000003,0.333333343,unverified,extracted_unverified,false,false,0e04ca636537f0de634f50a413df7ebd0eb5b24879f369e53155be0e64b59da9,,src/attack_timings.rs;docs/enemy-coverage.json;scripts/generate-attack-timings.py;scripts/attack_responses.py
c1360,3019,0,0.866666675,1.000000000,unverified,extracted_unverified,false,false,0e04ca636537f0de634f50a413df7ebd0eb5b24879f369e53155be0e64b59da9,,src/attack_timings.rs;docs/enemy-coverage.json;scripts/generate-attack-timings.py;scripts/attack_responses.py
c1360,3052,0,0.333333343,0.433333337,parry,classified_estimate,false,false,0e04ca636537f0de634f50a413df7ebd0eb5b24879f369e53155be0e64b59da9,,src/attack_timings.rs;docs/enemy-coverage.json;scripts/generate-attack-timings.py;scripts/attack_responses.py
c1360,3057,0,0.300000012,0.400000006,parry,classified_estimate,false,false,0e04ca636537f0de634f50a413df7ebd0eb5b24879f369e53155be0e64b59da9,,src/attack_timings.rs;docs/enemy-coverage.json;scripts/generate-attack-timings.py;scripts/attack_responses.py
c1360,3071,0,0.533333361,0.633333325,parry,classified_estimate,false,false,0e04ca636537f0de634f50a413df7ebd0eb5b24879f369e53155be0e64b59da9,,src/attack_timings.rs;docs/enemy-coverage.json;scripts/generate-attack-timings.py;scripts/attack_responses.py
c1360,3072,0,0.566666663,0.699999988,parry,classified_estimate,false,false,0e04ca636537f0de634f50a413df7ebd0eb5b24879f369e53155be0e64b59da9,,src/attack_timings.rs;docs/enemy-coverage.json;scripts/generate-attack-timings.py;scripts/attack_responses.py
c1360,3073,0,0.633333325,0.733333349,parry,classified_estimate,false,false,0e04ca636537f0de634f50a413df7ebd0eb5b24879f369e53155be0e64b59da9,,src/attack_timings.rs;docs/enemy-coverage.json;scripts/generate-attack-timings.py;scripts/attack_responses.py
c1360,3073,1,1.033333302,1.133333325,parry,classified_estimate,false,false,0e04ca636537f0de634f50a413df7ebd0eb5b24879f369e53155be0e64b59da9,,src/attack_timings.rs;docs/enemy-coverage.json;scripts/generate-attack-timings.py;scripts/attack_responses.py
c1360,3076,0,0.433333337,0.533333361,parry,classified_estimate,false,false,0e04ca636537f0de634f50a413df7ebd0eb5b24879f369e53155be0e64b59da9,,src/attack_timings.rs;docs/enemy-coverage.json;scripts/generate-attack-timings.py;scripts/attack_responses.py
c1360,3077,0,0.566666663,0.699999988,parry,classified_estimate,false,false,0e04ca636537f0de634f50a413df7ebd0eb5b24879f369e53155be0e64b59da9,,src/attack_timings.rs;docs/enemy-coverage.json;scripts/generate-attack-timings.py;scripts/attack_responses.py
c1370,3000,0,0.000000000,1.633333325,unverified,extracted_unverified,false,false,e82e0b02d0d51cf0baccb8a8041d13801bf20b1a42d8a429f7d80e632a87579c,,src/attack_timings.rs;docs/enemy-coverage.json;scripts/generate-attack-timings.py;scripts/attack_responses.py
c1370,3005,0,0.000000000,3.333333254,unverified,extracted_unverified,false,false,e82e0b02d0d51cf0baccb8a8041d13801bf20b1a42d8a429f7d80e632a87579c,,src/attack_timings.rs;docs/enemy-coverage.json;scripts/generate-attack-timings.py;scripts/attack_responses.py
c1370,3006,0,0.000000000,3.333333254,unverified,extracted_unverified,false,false,e82e0b02d0d51cf0baccb8a8041d13801bf20b1a42d8a429f7d80e632a87579c,,src/attack_timings.rs;docs/enemy-coverage.json;scripts/generate-attack-timings.py;scripts/attack_responses.py
c1370,3007,0,0.000000000,3.599999905,unverified,extracted_unverified,false,false,e82e0b02d0d51cf0baccb8a8041d13801bf20b1a42d8a429f7d80e632a87579c,,src/attack_timings.rs;docs/enemy-coverage.json;scripts/generate-attack-timings.py;scripts/attack_responses.py
c1370,3010,0,0.000000000,1.333333373,unverified,extracted_unverified,false,false,e82e0b02d0d51cf0baccb8a8041d13801bf20b1a42d8a429f7d80e632a87579c,,src/attack_timings.rs;docs/enemy-coverage.json;scripts/generate-attack-timings.py;scripts/attack_responses.py
c1370,3011,0,0.000000000,1.333333373,unverified,extracted_unverified,false,false,e82e0b02d0d51cf0baccb8a8041d13801bf20b1a42d8a429f7d80e632a87579c,,src/attack_timings.rs;docs/enemy-coverage.json;scripts/generate-attack-timings.py;scripts/attack_responses.py
c1370,3012,0,0.000000000,1.666666627,unverified,extracted_unverified,false,false,e82e0b02d0d51cf0baccb8a8041d13801bf20b1a42d8a429f7d80e632a87579c,,src/attack_timings.rs;docs/enemy-coverage.json;scripts/generate-attack-timings.py;scripts/attack_responses.py
c1370,3013,0,0.000000000,2.599999905,unverified,extracted_unverified,false,false,e82e0b02d0d51cf0baccb8a8041d13801bf20b1a42d8a429f7d80e632a87579c,,src/attack_timings.rs;docs/enemy-coverage.json;scripts/generate-attack-timings.py;scripts/attack_responses.py
c1370,3014,0,0.166666672,4.000000000,unverified,extracted_unverified,false,false,e82e0b02d0d51cf0baccb8a8041d13801bf20b1a42d8a429f7d80e632a87579c,,src/attack_timings.rs;docs/enemy-coverage.json;scripts/generate-attack-timings.py;scripts/attack_responses.py
c1370,3015,0,0.133333340,1.033333302,unverified,extracted_unverified,false,false,e82e0b02d0d51cf0baccb8a8041d13801bf20b1a42d8a429f7d80e632a87579c,,src/attack_timings.rs;docs/enemy-coverage.json;scripts/generate-attack-timings.py;scripts/attack_responses.py
c1370,3016,0,0.000000000,1.333333373,unverified,extracted_unverified,false,false,e82e0b02d0d51cf0baccb8a8041d13801bf20b1a42d8a429f7d80e632a87579c,,src/attack_timings.rs;docs/enemy-coverage.json;scripts/generate-attack-timings.py;scripts/attack_responses.py
c1370,3017,0,0.000000000,1.966666698,unverified,extracted_unverified,false,false,e82e0b02d0d51cf0baccb8a8041d13801bf20b1a42d8a429f7d80e632a87579c,,src/attack_timings.rs;docs/enemy-coverage.json;scripts/generate-attack-timings.py;scripts/attack_responses.py
c1370,3018,0,0.000000000,1.966666698,unverified,extracted_unverified,false,false,e82e0b02d0d51cf0baccb8a8041d13801bf20b1a42d8a429f7d80e632a87579c,,src/attack_timings.rs;docs/enemy-coverage.json;scripts/generate-attack-timings.py;scripts/attack_responses.py
c1370,3020,0,0.000000000,3.799999952,unverified,extracted_unverified,false,false,e82e0b02d0d51cf0baccb8a8041d13801bf20b1a42d8a429f7d80e632a87579c,,src/attack_timings.rs;docs/enemy-coverage.json;scripts/generate-attack-timings.py;scripts/attack_responses.py
c1370,3023,0,0.000000000,2.299999952,unverified,extracted_unverified,false,false,e82e0b02d0d51cf0baccb8a8041d13801bf20b1a42d8a429f7d80e632a87579c,,src/attack_timings.rs;docs/enemy-coverage.json;scripts/generate-attack-timings.py;scripts/attack_responses.py
c1370,3026,0,0.000000000,2.033333302,unverified,extracted_unverified,false,false,e82e0b02d0d51cf0baccb8a8041d13801bf20b1a42d8a429f7d80e632a87579c,,src/attack_timings.rs;docs/enemy-coverage.json;scripts/generate-attack-timings.py;scripts/attack_responses.py
c1370,3027,0,0.000000000,2.033333302,unverified,extracted_unverified,false,false,e82e0b02d0d51cf0baccb8a8041d13801bf20b1a42d8a429f7d80e632a87579c,,src/attack_timings.rs;docs/enemy-coverage.json;scripts/generate-attack-timings.py;scripts/attack_responses.py
c1370,3032,0,0.000000000,3.566666603,unverified,extracted_unverified,false,false,e82e0b02d0d51cf0baccb8a8041d13801bf20b1a42d8a429f7d80e632a87579c,,src/attack_timings.rs;docs/enemy-coverage.json;scripts/generate-attack-timings.py;scripts/attack_responses.py
c1370,3033,0,0.100000001,1.033333302,unverified,extracted_unverified,false,false,e82e0b02d0d51cf0baccb8a8041d13801bf20b1a42d8a429f7d80e632a87579c,,src/attack_timings.rs;docs/enemy-coverage.json;scripts/generate-attack-timings.py;scripts/attack_responses.py
c1370,3034,0,0.000000000,1.333333373,unverified,extracted_unverified,false,false,e82e0b02d0d51cf0baccb8a8041d13801bf20b1a42d8a429f7d80e632a87579c,,src/attack_timings.rs;docs/enemy-coverage.json;scripts/generate-attack-timings.py;scripts/attack_responses.py
c1370,5010,0,0.000000000,0.766666651,unverified,extracted_unverified,false,false,e82e0b02d0d51cf0baccb8a8041d13801bf20b1a42d8a429f7d80e632a87579c,,src/attack_timings.rs;docs/enemy-coverage.json;scripts/generate-attack-timings.py;scripts/attack_responses.py
c1370,5400,0,0.000000000,2.433333397,unverified,extracted_unverified,false,false,e82e0b02d0d51cf0baccb8a8041d13801bf20b1a42d8a429f7d80e632a87579c,,src/attack_timings.rs;docs/enemy-coverage.json;scripts/generate-attack-timings.py;scripts/attack_responses.py
c1370,5401,0,0.000000000,3.333333254,unverified,extracted_unverified,false,false,e82e0b02d0d51cf0baccb8a8041d13801bf20b1a42d8a429f7d80e632a87579c,,src/attack_timings.rs;docs/enemy-coverage.json;scripts/generate-attack-timings.py;scripts/attack_responses.py
c1370,5402,0,0.000000000,3.333333254,unverified,extracted_unverified,false,false,e82e0b02d0d51cf0baccb8a8041d13801bf20b1a42d8a429f7d80e632a87579c,,src/attack_timings.rs;docs/enemy-coverage.json;scripts/generate-attack-timings.py;scripts/attack_responses.py
c1370,5403,0,0.000000000,3.333333254,unverified,extracted_unverified,false,false,e82e0b02d0d51cf0baccb8a8041d13801bf20b1a42d8a429f7d80e632a87579c,,src/attack_timings.rs;docs/enemy-coverage.json;scripts/generate-attack-timings.py;scripts/attack_responses.py
c1370,205400,0,0.000000000,2.433333397,unverified,extracted_unverified,false,false,e82e0b02d0d51cf0baccb8a8041d13801bf20b1a42d8a429f7d80e632a87579c,,src/attack_timings.rs;docs/enemy-coverage.json;scripts/generate-attack-timings.py;scripts/attack_responses.py
c1370,205401,0,0.000000000,3.333333254,unverified,extracted_unverified,false,false,e82e0b02d0d51cf0baccb8a8041d13801bf20b1a42d8a429f7d80e632a87579c,,src/attack_timings.rs;docs/enemy-coverage.json;scripts/generate-attack-timings.py;scripts/attack_responses.py
c1370,205402,0,0.000000000,3.333333254,unverified,extracted_unverified,false,false,e82e0b02d0d51cf0baccb8a8041d13801bf20b1a42d8a429f7d80e632a87579c,,src/attack_timings.rs;docs/enemy-coverage.json;scripts/generate-attack-timings.py;scripts/attack_responses.py
c1370,205403,0,0.000000000,3.333333254,unverified,extracted_unverified,false,false,e82e0b02d0d51cf0baccb8a8041d13801bf20b1a42d8a429f7d80e632a87579c,,src/attack_timings.rs;docs/enemy-coverage.json;scripts/generate-attack-timings.py;scripts/attack_responses.py
c1370,405010,0,0.000000000,0.766666651,unverified,extracted_unverified,false,false,e82e0b02d0d51cf0baccb8a8041d13801bf20b1a42d8a429f7d80e632a87579c,,src/attack_timings.rs;docs/enemy-coverage.json;scripts/generate-attack-timings.py;scripts/attack_responses.py
c1370,405400,0,0.000000000,2.433333397,unverified,extracted_unverified,false,false,e82e0b02d0d51cf0baccb8a8041d13801bf20b1a42d8a429f7d80e632a87579c,,src/attack_timings.rs;docs/enemy-coverage.json;scripts/generate-attack-timings.py;scripts/attack_responses.py
c1370,405401,0,0.000000000,3.333333254,unverified,extracted_unverified,false,false,e82e0b02d0d51cf0baccb8a8041d13801bf20b1a42d8a429f7d80e632a87579c,,src/attack_timings.rs;docs/enemy-coverage.json;scripts/generate-attack-timings.py;scripts/attack_responses.py
c1370,405402,0,0.000000000,3.333333254,unverified,extracted_unverified,false,false,e82e0b02d0d51cf0baccb8a8041d13801bf20b1a42d8a429f7d80e632a87579c,,src/attack_timings.rs;docs/enemy-coverage.json;scripts/generate-attack-timings.py;scripts/attack_responses.py
c1370,405403,0,0.000000000,3.333333254,unverified,extracted_unverified,false,false,e82e0b02d0d51cf0baccb8a8041d13801bf20b1a42d8a429f7d80e632a87579c,,src/attack_timings.rs;docs/enemy-coverage.json;scripts/generate-attack-timings.py;scripts/attack_responses.py
c1400,3001,0,1.433333278,1.566666722,parry,classified_estimate,false,false,eada3b5ff1c133b8f3f1c2a428501738ac41cf281e6ec9d7d458c9a33ba9a039,,src/attack_timings.rs;docs/enemy-coverage.json;scripts/generate-attack-timings.py;scripts/attack_responses.py
c1400,3002,0,0.566666663,0.633333325,parry,classified_estimate,false,false,eada3b5ff1c133b8f3f1c2a428501738ac41cf281e6ec9d7d458c9a33ba9a039,,src/attack_timings.rs;docs/enemy-coverage.json;scripts/generate-attack-timings.py;scripts/attack_responses.py
c1400,3003,0,1.600000024,1.733333349,parry,classified_estimate,false,false,eada3b5ff1c133b8f3f1c2a428501738ac41cf281e6ec9d7d458c9a33ba9a039,,src/attack_timings.rs;docs/enemy-coverage.json;scripts/generate-attack-timings.py;scripts/attack_responses.py
c1400,3004,0,0.566666663,0.666666687,parry,classified_estimate,false,false,eada3b5ff1c133b8f3f1c2a428501738ac41cf281e6ec9d7d458c9a33ba9a039,,src/attack_timings.rs;docs/enemy-coverage.json;scripts/generate-attack-timings.py;scripts/attack_responses.py
c1400,3004,1,1.100000024,1.166666627,parry,classified_estimate,false,false,eada3b5ff1c133b8f3f1c2a428501738ac41cf281e6ec9d7d458c9a33ba9a039,,src/attack_timings.rs;docs/enemy-coverage.json;scripts/generate-attack-timings.py;scripts/attack_responses.py
c1400,3004,2,1.500000000,1.566666722,parry,classified_estimate,false,false,eada3b5ff1c133b8f3f1c2a428501738ac41cf281e6ec9d7d458c9a33ba9a039,,src/attack_timings.rs;docs/enemy-coverage.json;scripts/generate-attack-timings.py;scripts/attack_responses.py
c1400,3004,3,1.833333373,1.933333278,parry,classified_estimate,false,false,eada3b5ff1c133b8f3f1c2a428501738ac41cf281e6ec9d7d458c9a33ba9a039,,src/attack_timings.rs;docs/enemy-coverage.json;scripts/generate-attack-timings.py;scripts/attack_responses.py
c1400,3004,4,2.766666651,2.833333254,parry,classified_estimate,false,false,eada3b5ff1c133b8f3f1c2a428501738ac41cf281e6ec9d7d458c9a33ba9a039,,src/attack_timings.rs;docs/enemy-coverage.json;scripts/generate-attack-timings.py;scripts/attack_responses.py
c1400,3005,0,1.299999952,1.566666722,unverified,extracted_unverified,false,false,eada3b5ff1c133b8f3f1c2a428501738ac41cf281e6ec9d7d458c9a33ba9a039,,src/attack_timings.rs;docs/enemy-coverage.json;scripts/generate-attack-timings.py;scripts/attack_responses.py
c1400,3006,0,0.366666675,0.633333325,unverified,extracted_unverified,false,false,eada3b5ff1c133b8f3f1c2a428501738ac41cf281e6ec9d7d458c9a33ba9a039,,src/attack_timings.rs;docs/enemy-coverage.json;scripts/generate-attack-timings.py;scripts/attack_responses.py
c1400,3009,0,0.400000006,0.533333361,parry,classified_estimate,false,false,eada3b5ff1c133b8f3f1c2a428501738ac41cf281e6ec9d7d458c9a33ba9a039,,src/attack_timings.rs;docs/enemy-coverage.json;scripts/generate-attack-timings.py;scripts/attack_responses.py
c1400,3011,0,0.633333325,0.733333349,parry,classified_estimate,false,false,eada3b5ff1c133b8f3f1c2a428501738ac41cf281e6ec9d7d458c9a33ba9a039,,src/attack_timings.rs;docs/enemy-coverage.json;scripts/generate-attack-timings.py;scripts/attack_responses.py
c1400,3012,0,0.533333361,0.633333325,parry,classified_estimate,false,false,eada3b5ff1c133b8f3f1c2a428501738ac41cf281e6ec9d7d458c9a33ba9a039,,src/attack_timings.rs;docs/enemy-coverage.json;scripts/generate-attack-timings.py;scripts/attack_responses.py
c1400,3013,0,0.333333343,0.466666669,unverified,extracted_unverified,false,false,eada3b5ff1c133b8f3f1c2a428501738ac41cf281e6ec9d7d458c9a33ba9a039,,src/attack_timings.rs;docs/enemy-coverage.json;scripts/generate-attack-timings.py;scripts/attack_responses.py
c1400,3014,0,0.233333334,0.533333361,unverified,extracted_unverified,false,false,eada3b5ff1c133b8f3f1c2a428501738ac41cf281e6ec9d7d458c9a33ba9a039,,src/attack_timings.rs;docs/enemy-coverage.json;scripts/generate-attack-timings.py;scripts/attack_responses.py
c1400,3015,0,0.633333325,0.766666651,parry,classified_estimate,false,false,eada3b5ff1c133b8f3f1c2a428501738ac41cf281e6ec9d7d458c9a33ba9a039,,src/attack_timings.rs;docs/enemy-coverage.json;scripts/generate-attack-timings.py;scripts/attack_responses.py
c1400,3016,0,0.400000006,0.500000000,parry,classified_estimate,false,false,eada3b5ff1c133b8f3f1c2a428501738ac41cf281e6ec9d7d458c9a33ba9a039,,src/attack_timings.rs;docs/enemy-coverage.json;scripts/generate-attack-timings.py;scripts/attack_responses.py
c1400,3017,0,0.566666663,0.666666687,parry,classified_estimate,false,false,eada3b5ff1c133b8f3f1c2a428501738ac41cf281e6ec9d7d458c9a33ba9a039,,src/attack_timings.rs;docs/enemy-coverage.json;scripts/generate-attack-timings.py;scripts/attack_responses.py
c1400,3049,0,0.233333334,0.333333343,parry,classified_estimate,false,false,eada3b5ff1c133b8f3f1c2a428501738ac41cf281e6ec9d7d458c9a33ba9a039,,src/attack_timings.rs;docs/enemy-coverage.json;scripts/generate-attack-timings.py;scripts/attack_responses.py
c1400,3050,0,0.533333361,0.633333325,parry,classified_estimate,false,false,eada3b5ff1c133b8f3f1c2a428501738ac41cf281e6ec9d7d458c9a33ba9a039,,src/attack_timings.rs;docs/enemy-coverage.json;scripts/generate-attack-timings.py;scripts/attack_responses.py
c1400,3051,0,0.833333313,1.000000000,parry,classified_estimate,false,false,eada3b5ff1c133b8f3f1c2a428501738ac41cf281e6ec9d7d458c9a33ba9a039,,src/attack_timings.rs;docs/enemy-coverage.json;scripts/generate-attack-timings.py;scripts/attack_responses.py
c1400,3056,0,0.466666669,0.533333361,parry,classified_estimate,false,false,eada3b5ff1c133b8f3f1c2a428501738ac41cf281e6ec9d7d458c9a33ba9a039,,src/attack_timings.rs;docs/enemy-coverage.json;scripts/generate-attack-timings.py;scripts/attack_responses.py
c1400,3057,0,0.300000012,0.400000006,parry,classified_estimate,false,false,eada3b5ff1c133b8f3f1c2a428501738ac41cf281e6ec9d7d458c9a33ba9a039,,src/attack_timings.rs;docs/enemy-coverage.json;scripts/generate-attack-timings.py;scripts/attack_responses.py
c1400,3060,0,0.800000012,0.933333337,parry,classified_estimate,false,false,eada3b5ff1c133b8f3f1c2a428501738ac41cf281e6ec9d7d458c9a33ba9a039,,src/attack_timings.rs;docs/enemy-coverage.json;scripts/generate-attack-timings.py;scripts/attack_responses.py
c1400,3065,0,0.500000000,0.566666663,parry,classified_estimate,false,false,eada3b5ff1c133b8f3f1c2a428501738ac41cf281e6ec9d7d458c9a33ba9a039,,src/attack_timings.rs;docs/enemy-coverage.json;scripts/generate-attack-timings.py;scripts/attack_responses.py
c1400,3071,0,0.533333361,0.633333325,parry,classified_estimate,false,false,eada3b5ff1c133b8f3f1c2a428501738ac41cf281e6ec9d7d458c9a33ba9a039,,src/attack_timings.rs;docs/enemy-coverage.json;scripts/generate-attack-timings.py;scripts/attack_responses.py
c1400,3072,0,0.566666663,0.666666687,unverified,extracted_unverified,false,false,eada3b5ff1c133b8f3f1c2a428501738ac41cf281e6ec9d7d458c9a33ba9a039,,src/attack_timings.rs;docs/enemy-coverage.json;scripts/generate-attack-timings.py;scripts/attack_responses.py
c1400,3073,0,0.500000000,0.733333349,unverified,extracted_unverified,false,false,eada3b5ff1c133b8f3f1c2a428501738ac41cf281e6ec9d7d458c9a33ba9a039,,src/attack_timings.rs;docs/enemy-coverage.json;scripts/generate-attack-timings.py;scripts/attack_responses.py
c1400,3076,0,0.566666663,0.666666687,unverified,extracted_unverified,false,false,eada3b5ff1c133b8f3f1c2a428501738ac41cf281e6ec9d7d458c9a33ba9a039,,src/attack_timings.rs;docs/enemy-coverage.json;scripts/generate-attack-timings.py;scripts/attack_responses.py
c1400,3077,0,0.233333334,0.333333343,parry,classified_estimate,false,false,eada3b5ff1c133b8f3f1c2a428501738ac41cf281e6ec9d7d458c9a33ba9a039,,src/attack_timings.rs;docs/enemy-coverage.json;scripts/generate-attack-timings.py;scripts/attack_responses.py
c1400,3078,0,0.533333361,0.733333349,unverified,extracted_unverified,false,false,eada3b5ff1c133b8f3f1c2a428501738ac41cf281e6ec9d7d458c9a33ba9a039,,src/attack_timings.rs;docs/enemy-coverage.json;scripts/generate-attack-timings.py;scripts/attack_responses.py
c1400,3079,0,0.699999988,0.933333337,unverified,extracted_unverified,false,false,eada3b5ff1c133b8f3f1c2a428501738ac41cf281e6ec9d7d458c9a33ba9a039,,src/attack_timings.rs;docs/enemy-coverage.json;scripts/generate-attack-timings.py;scripts/attack_responses.py
c1400,3083,0,0.733333349,0.899999976,jump,classified_estimate,false,false,eada3b5ff1c133b8f3f1c2a428501738ac41cf281e6ec9d7d458c9a33ba9a039,14000141,src/attack_timings.rs;docs/enemy-coverage.json;docs/response-coverage.json;scripts/generate-attack-timings.py;scripts/attack_responses.py
c1400,3087,0,0.733333349,0.899999976,jump,classified_estimate,false,false,eada3b5ff1c133b8f3f1c2a428501738ac41cf281e6ec9d7d458c9a33ba9a039,14000141,src/attack_timings.rs;docs/enemy-coverage.json;docs/response-coverage.json;scripts/generate-attack-timings.py;scripts/attack_responses.py
c1400,100003010,0,0.400000006,0.466666669,unverified,extracted_unverified,false,false,eada3b5ff1c133b8f3f1c2a428501738ac41cf281e6ec9d7d458c9a33ba9a039,,src/attack_timings.rs;docs/enemy-coverage.json;scripts/generate-attack-timings.py;scripts/attack_responses.py
c1400,100003010,1,0.566666663,0.633333325,unverified,extracted_unverified,false,false,eada3b5ff1c133b8f3f1c2a428501738ac41cf281e6ec9d7d458c9a33ba9a039,,src/attack_timings.rs;docs/enemy-coverage.json;scripts/generate-attack-timings.py;scripts/attack_responses.py
c1400,100003011,0,0.266666681,0.433333337,unverified,extracted_unverified,false,false,eada3b5ff1c133b8f3f1c2a428501738ac41cf281e6ec9d7d458c9a33ba9a039,,src/attack_timings.rs;docs/enemy-coverage.json;scripts/generate-attack-timings.py;scripts/attack_responses.py
c1400,100003021,0,0.233333334,0.333333343,parry,classified_estimate,false,false,eada3b5ff1c133b8f3f1c2a428501738ac41cf281e6ec9d7d458c9a33ba9a039,,src/attack_timings.rs;docs/enemy-coverage.json;scripts/generate-attack-timings.py;scripts/attack_responses.py
c1400,100003022,0,0.400000006,0.466666669,unverified,extracted_unverified,false,false,eada3b5ff1c133b8f3f1c2a428501738ac41cf281e6ec9d7d458c9a33ba9a039,,src/attack_timings.rs;docs/enemy-coverage.json;scripts/generate-attack-timings.py;scripts/attack_responses.py
c1400,100003022,1,0.566666663,0.633333325,unverified,extracted_unverified,false,false,eada3b5ff1c133b8f3f1c2a428501738ac41cf281e6ec9d7d458c9a33ba9a039,,src/attack_timings.rs;docs/enemy-coverage.json;scripts/generate-attack-timings.py;scripts/attack_responses.py
c1400,100003049,0,0.233333334,0.333333343,parry,classified_estimate,false,false,eada3b5ff1c133b8f3f1c2a428501738ac41cf281e6ec9d7d458c9a33ba9a039,,src/attack_timings.rs;docs/enemy-coverage.json;scripts/generate-attack-timings.py;scripts/attack_responses.py
c1450,3000,0,0.600000024,0.633333325,unverified,extracted_unverified,false,false,97796b80b7178fe733c71c922f1faf1fa6290922cfc05a51018154ec2223e7e1,,src/attack_timings.rs;docs/enemy-coverage.json;scripts/generate-attack-timings.py;scripts/attack_responses.py
c1450,3000,1,0.800000012,0.833333313,unverified,extracted_unverified,false,false,97796b80b7178fe733c71c922f1faf1fa6290922cfc05a51018154ec2223e7e1,,src/attack_timings.rs;docs/enemy-coverage.json;scripts/generate-attack-timings.py;scripts/attack_responses.py
c1450,3000,2,1.000000000,1.033333302,unverified,extracted_unverified,false,false,97796b80b7178fe733c71c922f1faf1fa6290922cfc05a51018154ec2223e7e1,,src/attack_timings.rs;docs/enemy-coverage.json;scripts/generate-attack-timings.py;scripts/attack_responses.py
c1450,3000,3,1.200000048,1.233333349,unverified,extracted_unverified,false,false,97796b80b7178fe733c71c922f1faf1fa6290922cfc05a51018154ec2223e7e1,,src/attack_timings.rs;docs/enemy-coverage.json;scripts/generate-attack-timings.py;scripts/attack_responses.py
c1450,3001,0,0.400000006,0.433333337,unverified,extracted_unverified,false,false,97796b80b7178fe733c71c922f1faf1fa6290922cfc05a51018154ec2223e7e1,,src/attack_timings.rs;docs/enemy-coverage.json;scripts/generate-attack-timings.py;scripts/attack_responses.py
c1450,3001,1,0.600000024,0.633333325,unverified,extracted_unverified,false,false,97796b80b7178fe733c71c922f1faf1fa6290922cfc05a51018154ec2223e7e1,,src/attack_timings.rs;docs/enemy-coverage.json;scripts/generate-attack-timings.py;scripts/attack_responses.py
c1450,3001,2,0.800000012,0.833333313,unverified,extracted_unverified,false,false,97796b80b7178fe733c71c922f1faf1fa6290922cfc05a51018154ec2223e7e1,,src/attack_timings.rs;docs/enemy-coverage.json;scripts/generate-attack-timings.py;scripts/attack_responses.py
c1450,3001,3,1.000000000,1.033333302,unverified,extracted_unverified,false,false,97796b80b7178fe733c71c922f1faf1fa6290922cfc05a51018154ec2223e7e1,,src/attack_timings.rs;docs/enemy-coverage.json;scripts/generate-attack-timings.py;scripts/attack_responses.py
c1450,3002,0,0.366666675,0.500000000,unverified,extracted_unverified,false,false,97796b80b7178fe733c71c922f1faf1fa6290922cfc05a51018154ec2223e7e1,,src/attack_timings.rs;docs/enemy-coverage.json;scripts/generate-attack-timings.py;scripts/attack_responses.py
c1450,3002,1,1.000000000,1.033333302,unverified,extracted_unverified,false,false,97796b80b7178fe733c71c922f1faf1fa6290922cfc05a51018154ec2223e7e1,,src/attack_timings.rs;docs/enemy-coverage.json;scripts/generate-attack-timings.py;scripts/attack_responses.py
c1450,3002,2,1.200000048,1.233333349,unverified,extracted_unverified,false,false,97796b80b7178fe733c71c922f1faf1fa6290922cfc05a51018154ec2223e7e1,,src/attack_timings.rs;docs/enemy-coverage.json;scripts/generate-attack-timings.py;scripts/attack_responses.py
c1450,3002,3,1.399999976,1.433333278,unverified,extracted_unverified,false,false,97796b80b7178fe733c71c922f1faf1fa6290922cfc05a51018154ec2223e7e1,,src/attack_timings.rs;docs/enemy-coverage.json;scripts/generate-attack-timings.py;scripts/attack_responses.py
c1450,3003,0,0.633333325,0.766666651,unverified,extracted_unverified,false,false,97796b80b7178fe733c71c922f1faf1fa6290922cfc05a51018154ec2223e7e1,,src/attack_timings.rs;docs/enemy-coverage.json;scripts/generate-attack-timings.py;scripts/attack_responses.py
c1450,3003,1,1.433333278,1.466666698,unverified,extracted_unverified,false,false,97796b80b7178fe733c71c922f1faf1fa6290922cfc05a51018154ec2223e7e1,,src/attack_timings.rs;docs/enemy-coverage.json;scripts/generate-attack-timings.py;scripts/attack_responses.py
c1450,3003,2,1.633333325,1.666666627,unverified,extracted_unverified,false,false,97796b80b7178fe733c71c922f1faf1fa6290922cfc05a51018154ec2223e7e1,,src/attack_timings.rs;docs/enemy-coverage.json;scripts/generate-attack-timings.py;scripts/attack_responses.py
c1450,3003,3,1.833333373,1.866666675,unverified,extracted_unverified,false,false,97796b80b7178fe733c71c922f1faf1fa6290922cfc05a51018154ec2223e7e1,,src/attack_timings.rs;docs/enemy-coverage.json;scripts/generate-attack-timings.py;scripts/attack_responses.py
c1450,3004,0,1.933333278,1.966666698,unverified,extracted_unverified,false,false,97796b80b7178fe733c71c922f1faf1fa6290922cfc05a51018154ec2223e7e1,,src/attack_timings.rs;docs/enemy-coverage.json;scripts/generate-attack-timings.py;scripts/attack_responses.py
c1450,3004,1,2.133333445,2.166666746,unverified,extracted_unverified,false,false,97796b80b7178fe733c71c922f1faf1fa6290922cfc05a51018154ec2223e7e1,,src/attack_timings.rs;docs/enemy-coverage.json;scripts/generate-attack-timings.py;scripts/attack_responses.py
c1450,3004,2,2.333333254,2.366666555,unverified,extracted_unverified,false,false,97796b80b7178fe733c71c922f1faf1fa6290922cfc05a51018154ec2223e7e1,,src/attack_timings.rs;docs/enemy-coverage.json;scripts/generate-attack-timings.py;scripts/attack_responses.py
c1450,3004,3,2.533333302,2.566666603,unverified,extracted_unverified,false,false,97796b80b7178fe733c71c922f1faf1fa6290922cfc05a51018154ec2223e7e1,,src/attack_timings.rs;docs/enemy-coverage.json;scripts/generate-attack-timings.py;scripts/attack_responses.py
c1450,3004,4,2.733333349,2.766666651,unverified,extracted_unverified,false,false,97796b80b7178fe733c71c922f1faf1fa6290922cfc05a51018154ec2223e7e1,,src/attack_timings.rs;docs/enemy-coverage.json;scripts/generate-attack-timings.py;scripts/attack_responses.py
c1450,3004,5,2.933333397,2.966666698,unverified,extracted_unverified,false,false,97796b80b7178fe733c71c922f1faf1fa6290922cfc05a51018154ec2223e7e1,,src/attack_timings.rs;docs/enemy-coverage.json;scripts/generate-attack-timings.py;scripts/attack_responses.py
c1450,3005,0,0.899999976,0.933333337,unverified,extracted_unverified,false,false,97796b80b7178fe733c71c922f1faf1fa6290922cfc05a51018154ec2223e7e1,,src/attack_timings.rs;docs/enemy-coverage.json;scripts/generate-attack-timings.py;scripts/attack_responses.py
c1450,3005,1,1.100000024,1.133333325,unverified,extracted_unverified,false,false,97796b80b7178fe733c71c922f1faf1fa6290922cfc05a51018154ec2223e7e1,,src/attack_timings.rs;docs/enemy-coverage.json;scripts/generate-attack-timings.py;scripts/attack_responses.py
c1450,3005,2,1.299999952,1.333333373,unverified,extracted_unverified,false,false,97796b80b7178fe733c71c922f1faf1fa6290922cfc05a51018154ec2223e7e1,,src/attack_timings.rs;docs/enemy-coverage.json;scripts/generate-attack-timings.py;scripts/attack_responses.py
c1450,3006,0,1.033333302,1.166666627,unverified,extracted_unverified,false,false,97796b80b7178fe733c71c922f1faf1fa6290922cfc05a51018154ec2223e7e1,,src/attack_timings.rs;docs/enemy-coverage.json;scripts/generate-attack-timings.py;scripts/attack_responses.py
c1450,3009,0,0.666666687,0.699999988,unverified,extracted_unverified,false,false,97796b80b7178fe733c71c922f1faf1fa6290922cfc05a51018154ec2223e7e1,,src/attack_timings.rs;docs/enemy-coverage.json;scripts/generate-attack-timings.py;scripts/attack_responses.py
c1450,3009,1,0.866666675,0.899999976,unverified,extracted_unverified,false,false,97796b80b7178fe733c71c922f1faf1fa6290922cfc05a51018154ec2223e7e1,,src/attack_timings.rs;docs/enemy-coverage.json;scripts/generate-attack-timings.py;scripts/attack_responses.py
c1450,3009,2,1.066666722,1.100000024,unverified,extracted_unverified,false,false,97796b80b7178fe733c71c922f1faf1fa6290922cfc05a51018154ec2223e7e1,,src/attack_timings.rs;docs/enemy-coverage.json;scripts/generate-attack-timings.py;scripts/attack_responses.py
c1450,3009,3,1.266666651,1.299999952,unverified,extracted_unverified,false,false,97796b80b7178fe733c71c922f1faf1fa6290922cfc05a51018154ec2223e7e1,,src/attack_timings.rs;docs/enemy-coverage.json;scripts/generate-attack-timings.py;scripts/attack_responses.py
c1450,3009,4,2.000000000,2.066666603,unverified,extracted_unverified,false,false,97796b80b7178fe733c71c922f1faf1fa6290922cfc05a51018154ec2223e7e1,,src/attack_timings.rs;docs/enemy-coverage.json;scripts/generate-attack-timings.py;scripts/attack_responses.py
c1450,3010,0,1.533333302,2.266666651,unverified,extracted_unverified,false,false,97796b80b7178fe733c71c922f1faf1fa6290922cfc05a51018154ec2223e7e1,,src/attack_timings.rs;docs/enemy-coverage.json;scripts/generate-attack-timings.py;scripts/attack_responses.py
c1450,3020,0,0.733333349,0.800000012,unverified,extracted_unverified,false,false,97796b80b7178fe733c71c922f1faf1fa6290922cfc05a51018154ec2223e7e1,,src/attack_timings.rs;docs/enemy-coverage.json;scripts/generate-attack-timings.py;scripts/attack_responses.py
c1450,3021,0,0.500000000,0.633333325,unverified,extracted_unverified,false,false,97796b80b7178fe733c71c922f1faf1fa6290922cfc05a51018154ec2223e7e1,,src/attack_timings.rs;docs/enemy-coverage.json;scripts/generate-attack-timings.py;scripts/attack_responses.py
c1450,3022,0,0.333333343,0.466666669,unverified,extracted_unverified,false,false,97796b80b7178fe733c71c922f1faf1fa6290922cfc05a51018154ec2223e7e1,,src/attack_timings.rs;docs/enemy-coverage.json;scripts/generate-attack-timings.py;scripts/attack_responses.py
c1450,3023,0,0.600000024,0.733333349,unverified,extracted_unverified,false,false,97796b80b7178fe733c71c922f1faf1fa6290922cfc05a51018154ec2223e7e1,,src/attack_timings.rs;docs/enemy-coverage.json;scripts/generate-attack-timings.py;scripts/attack_responses.py
c1450,3024,0,0.366666675,0.500000000,unverified,extracted_unverified,false,false,97796b80b7178fe733c71c922f1faf1fa6290922cfc05a51018154ec2223e7e1,,src/attack_timings.rs;docs/enemy-coverage.json;scripts/generate-attack-timings.py;scripts/attack_responses.py
c1450,3025,0,1.066666722,1.133333325,unverified,extracted_unverified,false,false,97796b80b7178fe733c71c922f1faf1fa6290922cfc05a51018154ec2223e7e1,,src/attack_timings.rs;docs/enemy-coverage.json;scripts/generate-attack-timings.py;scripts/attack_responses.py
c1450,3026,0,0.666666687,0.800000012,unverified,extracted_unverified,false,false,97796b80b7178fe733c71c922f1faf1fa6290922cfc05a51018154ec2223e7e1,,src/attack_timings.rs;docs/enemy-coverage.json;scripts/generate-attack-timings.py;scripts/attack_responses.py
c1450,3030,0,0.833333313,0.899999976,unverified,extracted_unverified,false,false,97796b80b7178fe733c71c922f1faf1fa6290922cfc05a51018154ec2223e7e1,,src/attack_timings.rs;docs/enemy-coverage.json;scripts/generate-attack-timings.py;scripts/attack_responses.py
c1450,3031,0,0.800000012,0.933333337,unverified,extracted_unverified,false,false,97796b80b7178fe733c71c922f1faf1fa6290922cfc05a51018154ec2223e7e1,,src/attack_timings.rs;docs/enemy-coverage.json;scripts/generate-attack-timings.py;scripts/attack_responses.py
c1450,3060,0,0.400000006,0.433333337,unverified,extracted_unverified,false,false,97796b80b7178fe733c71c922f1faf1fa6290922cfc05a51018154ec2223e7e1,,src/attack_timings.rs;docs/enemy-coverage.json;scripts/generate-attack-timings.py;scripts/attack_responses.py
c1450,3060,1,0.600000024,0.633333325,unverified,extracted_unverified,false,false,97796b80b7178fe733c71c922f1faf1fa6290922cfc05a51018154ec2223e7e1,,src/attack_timings.rs;docs/enemy-coverage.json;scripts/generate-attack-timings.py;scripts/attack_responses.py
c1450,3060,2,0.800000012,0.833333313,unverified,extracted_unverified,false,false,97796b80b7178fe733c71c922f1faf1fa6290922cfc05a51018154ec2223e7e1,,src/attack_timings.rs;docs/enemy-coverage.json;scripts/generate-attack-timings.py;scripts/attack_responses.py
c1450,3060,3,1.000000000,1.033333302,unverified,extracted_unverified,false,false,97796b80b7178fe733c71c922f1faf1fa6290922cfc05a51018154ec2223e7e1,,src/attack_timings.rs;docs/enemy-coverage.json;scripts/generate-attack-timings.py;scripts/attack_responses.py
c1450,3061,0,1.933333278,1.966666698,unverified,extracted_unverified,false,false,97796b80b7178fe733c71c922f1faf1fa6290922cfc05a51018154ec2223e7e1,,src/attack_timings.rs;docs/enemy-coverage.json;scripts/generate-attack-timings.py;scripts/attack_responses.py
c1450,3061,1,2.133333445,2.166666746,unverified,extracted_unverified,false,false,97796b80b7178fe733c71c922f1faf1fa6290922cfc05a51018154ec2223e7e1,,src/attack_timings.rs;docs/enemy-coverage.json;scripts/generate-attack-timings.py;scripts/attack_responses.py
c1450,3061,2,2.333333254,2.366666555,unverified,extracted_unverified,false,false,97796b80b7178fe733c71c922f1faf1fa6290922cfc05a51018154ec2223e7e1,,src/attack_timings.rs;docs/enemy-coverage.json;scripts/generate-attack-timings.py;scripts/attack_responses.py
c1450,3061,3,2.533333302,2.566666603,unverified,extracted_unverified,false,false,97796b80b7178fe733c71c922f1faf1fa6290922cfc05a51018154ec2223e7e1,,src/attack_timings.rs;docs/enemy-coverage.json;scripts/generate-attack-timings.py;scripts/attack_responses.py
c1450,3061,4,2.733333349,2.766666651,unverified,extracted_unverified,false,false,97796b80b7178fe733c71c922f1faf1fa6290922cfc05a51018154ec2223e7e1,,src/attack_timings.rs;docs/enemy-coverage.json;scripts/generate-attack-timings.py;scripts/attack_responses.py
c1450,3061,5,2.933333397,2.966666698,unverified,extracted_unverified,false,false,97796b80b7178fe733c71c922f1faf1fa6290922cfc05a51018154ec2223e7e1,,src/attack_timings.rs;docs/enemy-coverage.json;scripts/generate-attack-timings.py;scripts/attack_responses.py
c1450,3062,0,0.800000012,0.933333337,unverified,extracted_unverified,false,false,97796b80b7178fe733c71c922f1faf1fa6290922cfc05a51018154ec2223e7e1,,src/attack_timings.rs;docs/enemy-coverage.json;scripts/generate-attack-timings.py;scripts/attack_responses.py
c1450,3065,0,0.433333337,0.466666669,unverified,extracted_unverified,false,false,97796b80b7178fe733c71c922f1faf1fa6290922cfc05a51018154ec2223e7e1,,src/attack_timings.rs;docs/enemy-coverage.json;scripts/generate-attack-timings.py;scripts/attack_responses.py
c1450,3065,1,0.633333325,0.666666687,unverified,extracted_unverified,false,false,97796b80b7178fe733c71c922f1faf1fa6290922cfc05a51018154ec2223e7e1,,src/attack_timings.rs;docs/enemy-coverage.json;scripts/generate-attack-timings.py;scripts/attack_responses.py
c1450,3065,2,0.833333313,0.866666675,unverified,extracted_unverified,false,false,97796b80b7178fe733c71c922f1faf1fa6290922cfc05a51018154ec2223e7e1,,src/attack_timings.rs;docs/enemy-coverage.json;scripts/generate-attack-timings.py;scripts/attack_responses.py
c1450,3065,3,1.033333302,1.066666722,unverified,extracted_unverified,false,false,97796b80b7178fe733c71c922f1faf1fa6290922cfc05a51018154ec2223e7e1,,src/attack_timings.rs;docs/enemy-coverage.json;scripts/generate-attack-timings.py;scripts/attack_responses.py
c1450,3066,0,1.933333278,1.966666698,unverified,extracted_unverified,false,false,97796b80b7178fe733c71c922f1faf1fa6290922cfc05a51018154ec2223e7e1,,src/attack_timings.rs;docs/enemy-coverage.json;scripts/generate-attack-timings.py;scripts/attack_responses.py
c1450,3066,1,2.133333445,2.166666746,unverified,extracted_unverified,false,false,97796b80b7178fe733c71c922f1faf1fa6290922cfc05a51018154ec2223e7e1,,src/attack_timings.rs;docs/enemy-coverage.json;scripts/generate-attack-timings.py;scripts/attack_responses.py
c1450,3066,2,2.333333254,2.366666555,unverified,extracted_unverified,false,false,97796b80b7178fe733c71c922f1faf1fa6290922cfc05a51018154ec2223e7e1,,src/attack_timings.rs;docs/enemy-coverage.json;scripts/generate-attack-timings.py;scripts/attack_responses.py
c1450,3066,3,2.533333302,2.566666603,unverified,extracted_unverified,false,false,97796b80b7178fe733c71c922f1faf1fa6290922cfc05a51018154ec2223e7e1,,src/attack_timings.rs;docs/enemy-coverage.json;scripts/generate-attack-timings.py;scripts/attack_responses.py
c1450,3066,4,2.733333349,2.766666651,unverified,extracted_unverified,false,false,97796b80b7178fe733c71c922f1faf1fa6290922cfc05a51018154ec2223e7e1,,src/attack_timings.rs;docs/enemy-coverage.json;scripts/generate-attack-timings.py;scripts/attack_responses.py
c1450,3066,5,2.933333397,2.966666698,unverified,extracted_unverified,false,false,97796b80b7178fe733c71c922f1faf1fa6290922cfc05a51018154ec2223e7e1,,src/attack_timings.rs;docs/enemy-coverage.json;scripts/generate-attack-timings.py;scripts/attack_responses.py
c1450,3067,0,0.833333313,0.866666675,unverified,extracted_unverified,false,false,97796b80b7178fe733c71c922f1faf1fa6290922cfc05a51018154ec2223e7e1,,src/attack_timings.rs;docs/enemy-coverage.json;scripts/generate-attack-timings.py;scripts/attack_responses.py
c1450,3067,1,1.033333302,1.066666722,unverified,extracted_unverified,false,false,97796b80b7178fe733c71c922f1faf1fa6290922cfc05a51018154ec2223e7e1,,src/attack_timings.rs;docs/enemy-coverage.json;scripts/generate-attack-timings.py;scripts/attack_responses.py
c1450,3067,2,1.233333349,1.266666651,unverified,extracted_unverified,false,false,97796b80b7178fe733c71c922f1faf1fa6290922cfc05a51018154ec2223e7e1,,src/attack_timings.rs;docs/enemy-coverage.json;scripts/generate-attack-timings.py;scripts/attack_responses.py
c1450,3067,3,1.433333278,1.466666698,unverified,extracted_unverified,false,false,97796b80b7178fe733c71c922f1faf1fa6290922cfc05a51018154ec2223e7e1,,src/attack_timings.rs;docs/enemy-coverage.json;scripts/generate-attack-timings.py;scripts/attack_responses.py
c1450,3067,4,2.166666746,2.233333349,unverified,extracted_unverified,false,false,97796b80b7178fe733c71c922f1faf1fa6290922cfc05a51018154ec2223e7e1,,src/attack_timings.rs;docs/enemy-coverage.json;scripts/generate-attack-timings.py;scripts/attack_responses.py
c1450,3071,0,0.433333337,0.466666669,unverified,extracted_unverified,false,false,97796b80b7178fe733c71c922f1faf1fa6290922cfc05a51018154ec2223e7e1,,src/attack_timings.rs;docs/enemy-coverage.json;scripts/generate-attack-timings.py;scripts/attack_responses.py
c1450,3071,1,0.633333325,0.666666687,unverified,extracted_unverified,false,false,97796b80b7178fe733c71c922f1faf1fa6290922cfc05a51018154ec2223e7e1,,src/attack_timings.rs;docs/enemy-coverage.json;scripts/generate-attack-timings.py;scripts/attack_responses.py
c1450,3071,2,0.833333313,0.866666675,unverified,extracted_unverified,false,false,97796b80b7178fe733c71c922f1faf1fa6290922cfc05a51018154ec2223e7e1,,src/attack_timings.rs;docs/enemy-coverage.json;scripts/generate-attack-timings.py;scripts/attack_responses.py
c1450,3071,3,1.033333302,1.066666722,unverified,extracted_unverified,false,false,97796b80b7178fe733c71c922f1faf1fa6290922cfc05a51018154ec2223e7e1,,src/attack_timings.rs;docs/enemy-coverage.json;scripts/generate-attack-timings.py;scripts/attack_responses.py
c1450,3071,4,1.233333349,1.266666651,unverified,extracted_unverified,false,false,97796b80b7178fe733c71c922f1faf1fa6290922cfc05a51018154ec2223e7e1,,src/attack_timings.rs;docs/enemy-coverage.json;scripts/generate-attack-timings.py;scripts/attack_responses.py
c1450,3220,0,0.966666639,2.666666746,unverified,extracted_unverified,false,false,97796b80b7178fe733c71c922f1faf1fa6290922cfc05a51018154ec2223e7e1,,src/attack_timings.rs;docs/enemy-coverage.json;scripts/generate-attack-timings.py;scripts/attack_responses.py
c1450,3222,0,0.000000000,0.500000000,unverified,extracted_unverified,false,false,97796b80b7178fe733c71c922f1faf1fa6290922cfc05a51018154ec2223e7e1,,src/attack_timings.rs;docs/enemy-coverage.json;scripts/generate-attack-timings.py;scripts/attack_responses.py
c1450,100003005,0,0.400000006,0.600000024,unverified,extracted_unverified,false,false,97796b80b7178fe733c71c922f1faf1fa6290922cfc05a51018154ec2223e7e1,,src/attack_timings.rs;docs/enemy-coverage.json;scripts/generate-attack-timings.py;scripts/attack_responses.py
c1450,100003006,0,0.400000006,0.600000024,unverified,extracted_unverified,false,false,97796b80b7178fe733c71c922f1faf1fa6290922cfc05a51018154ec2223e7e1,,src/attack_timings.rs;docs/enemy-coverage.json;scripts/generate-attack-timings.py;scripts/attack_responses.py
c1450,100003007,0,0.533333361,0.633333325,parry,classified_estimate,false,false,97796b80b7178fe733c71c922f1faf1fa6290922cfc05a51018154ec2223e7e1,,src/attack_timings.rs;docs/enemy-coverage.json;scripts/generate-attack-timings.py;scripts/attack_responses.py
c1450,100003008,0,0.500000000,0.633333325,parry,classified_estimate,false,false,97796b80b7178fe733c71c922f1faf1fa6290922cfc05a51018154ec2223e7e1,,src/attack_timings.rs;docs/enemy-coverage.json;scripts/generate-attack-timings.py;scripts/attack_responses.py
c1450,100003009,0,0.733333349,0.833333313,parry,classified_estimate,false,false,97796b80b7178fe733c71c922f1faf1fa6290922cfc05a51018154ec2223e7e1,,src/attack_timings.rs;docs/enemy-coverage.json;scripts/generate-attack-timings.py;scripts/attack_responses.py
c1450,100003015,0,1.000000000,1.166666627,unverified,extracted_unverified,false,false,97796b80b7178fe733c71c922f1faf1fa6290922cfc05a51018154ec2223e7e1,,src/attack_timings.rs;docs/enemy-coverage.json;scripts/generate-attack-timings.py;scripts/attack_responses.py
c1470,3000,0,0.600000024,0.766666651,unverified,extracted_unverified,false,false,403c2a451b69a9bd5156b9e47e448abfa33a51ce5f502a0902f2d65b258833ef,,src/attack_timings.rs;docs/enemy-coverage.json;scripts/generate-attack-timings.py;scripts/attack_responses.py
c1470,3000,1,1.133333325,1.266666651,unverified,extracted_unverified,false,false,403c2a451b69a9bd5156b9e47e448abfa33a51ce5f502a0902f2d65b258833ef,,src/attack_timings.rs;docs/enemy-coverage.json;scripts/generate-attack-timings.py;scripts/attack_responses.py
c1470,3001,0,0.666666687,0.800000012,parry,classified_estimate,false,false,403c2a451b69a9bd5156b9e47e448abfa33a51ce5f502a0902f2d65b258833ef,,src/attack_timings.rs;docs/enemy-coverage.json;scripts/generate-attack-timings.py;scripts/attack_responses.py
c1470,3001,1,1.466666698,1.600000024,parry,classified_estimate,false,false,403c2a451b69a9bd5156b9e47e448abfa33a51ce5f502a0902f2d65b258833ef,,src/attack_timings.rs;docs/enemy-coverage.json;scripts/generate-attack-timings.py;scripts/attack_responses.py
c1470,3002,0,0.800000012,0.966666639,jump,classified_estimate,false,false,403c2a451b69a9bd5156b9e47e448abfa33a51ce5f502a0902f2d65b258833ef,14700120,src/attack_timings.rs;docs/enemy-coverage.json;docs/response-coverage.json;scripts/generate-attack-timings.py;scripts/attack_responses.py
c1470,3003,0,1.100000024,1.266666651,unverified,extracted_unverified,false,false,403c2a451b69a9bd5156b9e47e448abfa33a51ce5f502a0902f2d65b258833ef,,src/attack_timings.rs;docs/enemy-coverage.json;scripts/generate-attack-timings.py;scripts/attack_responses.py
c1470,3004,0,0.533333361,0.699999988,parry,classified_estimate,false,false,403c2a451b69a9bd5156b9e47e448abfa33a51ce5f502a0902f2d65b258833ef,,src/attack_timings.rs;docs/enemy-coverage.json;scripts/generate-attack-timings.py;scripts/attack_responses.py
c1470,3005,0,0.666666687,0.800000012,unverified,extracted_unverified,false,false,403c2a451b69a9bd5156b9e47e448abfa33a51ce5f502a0902f2d65b258833ef,,src/attack_timings.rs;docs/enemy-coverage.json;scripts/generate-attack-timings.py;scripts/attack_responses.py
c1470,3006,0,1.133333325,1.333333373,jump,classified_estimate,false,false,403c2a451b69a9bd5156b9e47e448abfa33a51ce5f502a0902f2d65b258833ef,14700160,src/attack_timings.rs;docs/enemy-coverage.json;docs/response-coverage.json;scripts/generate-attack-timings.py;scripts/attack_responses.py
c1470,3007,0,0.266666681,0.400000006,unverified,extracted_unverified,false,false,403c2a451b69a9bd5156b9e47e448abfa33a51ce5f502a0902f2d65b258833ef,,src/attack_timings.rs;docs/enemy-coverage.json;scripts/generate-attack-timings.py;scripts/attack_responses.py
c1470,3007,1,0.633333325,0.766666651,unverified,extracted_unverified,false,false,403c2a451b69a9bd5156b9e47e448abfa33a51ce5f502a0902f2d65b258833ef,,src/attack_timings.rs;docs/enemy-coverage.json;scripts/generate-attack-timings.py;scripts/attack_responses.py
c1470,3007,2,1.766666651,2.099999905,unverified,extracted_unverified,false,false,403c2a451b69a9bd5156b9e47e448abfa33a51ce5f502a0902f2d65b258833ef,,src/attack_timings.rs;docs/enemy-coverage.json;scripts/generate-attack-timings.py;scripts/attack_responses.py
c1470,3008,0,0.966666639,1.299999952,unverified,extracted_unverified,false,false,403c2a451b69a9bd5156b9e47e448abfa33a51ce5f502a0902f2d65b258833ef,,src/attack_timings.rs;docs/enemy-coverage.json;scripts/generate-attack-timings.py;scripts/attack_responses.py
c1470,3009,0,1.299999952,1.466666698,unverified,extracted_unverified,false,false,403c2a451b69a9bd5156b9e47e448abfa33a51ce5f502a0902f2d65b258833ef,,src/attack_timings.rs;docs/enemy-coverage.json;scripts/generate-attack-timings.py;scripts/attack_responses.py
c1470,3010,0,0.966666639,1.100000024,unverified,extracted_unverified,false,false,403c2a451b69a9bd5156b9e47e448abfa33a51ce5f502a0902f2d65b258833ef,,src/attack_timings.rs;docs/enemy-coverage.json;scripts/generate-attack-timings.py;scripts/attack_responses.py
c1470,3010,1,1.733333349,1.866666675,unverified,extracted_unverified,false,false,403c2a451b69a9bd5156b9e47e448abfa33a51ce5f502a0902f2d65b258833ef,,src/attack_timings.rs;docs/enemy-coverage.json;scripts/generate-attack-timings.py;scripts/attack_responses.py
c1470,3010,2,2.333333254,2.466666698,unverified,extracted_unverified,false,false,403c2a451b69a9bd5156b9e47e448abfa33a51ce5f502a0902f2d65b258833ef,,src/attack_timings.rs;docs/enemy-coverage.json;scripts/generate-attack-timings.py;scripts/attack_responses.py
c1470,3010,3,2.533333302,2.666666746,unverified,extracted_unverified,false,false,403c2a451b69a9bd5156b9e47e448abfa33a51ce5f502a0902f2d65b258833ef,,src/attack_timings.rs;docs/enemy-coverage.json;scripts/generate-attack-timings.py;scripts/attack_responses.py
c1470,3010,4,2.766666651,2.866666555,unverified,extracted_unverified,false,false,403c2a451b69a9bd5156b9e47e448abfa33a51ce5f502a0902f2d65b258833ef,,src/attack_timings.rs;docs/enemy-coverage.json;scripts/generate-attack-timings.py;scripts/attack_responses.py
c1470,3010,5,3.900000095,4.033333302,unverified,extracted_unverified,false,false,403c2a451b69a9bd5156b9e47e448abfa33a51ce5f502a0902f2d65b258833ef,,src/attack_timings.rs;docs/enemy-coverage.json;scripts/generate-attack-timings.py;scripts/attack_responses.py
c1470,3011,0,0.533333361,0.666666687,unverified,extracted_unverified,false,false,403c2a451b69a9bd5156b9e47e448abfa33a51ce5f502a0902f2d65b258833ef,,src/attack_timings.rs;docs/enemy-coverage.json;scripts/generate-attack-timings.py;scripts/attack_responses.py
c1470,3014,0,0.899999976,1.033333302,unverified,extracted_unverified,false,false,403c2a451b69a9bd5156b9e47e448abfa33a51ce5f502a0902f2d65b258833ef,,src/attack_timings.rs;docs/enemy-coverage.json;scripts/generate-attack-timings.py;scripts/attack_responses.py
c1470,3015,0,1.799999952,1.933333278,parry,classified_estimate,false,false,403c2a451b69a9bd5156b9e47e448abfa33a51ce5f502a0902f2d65b258833ef,,src/attack_timings.rs;docs/enemy-coverage.json;scripts/generate-attack-timings.py;scripts/attack_responses.py
c1470,3017,0,0.733333349,0.866666675,unverified,extracted_unverified,false,false,403c2a451b69a9bd5156b9e47e448abfa33a51ce5f502a0902f2d65b258833ef,,src/attack_timings.rs;docs/enemy-coverage.json;scripts/generate-attack-timings.py;scripts/attack_responses.py
c1470,3017,1,1.633333325,1.733333349,unverified,extracted_unverified,false,false,403c2a451b69a9bd5156b9e47e448abfa33a51ce5f502a0902f2d65b258833ef,,src/attack_timings.rs;docs/enemy-coverage.json;scripts/generate-attack-timings.py;scripts/attack_responses.py
c1470,3018,0,0.699999988,0.833333313,unverified,extracted_unverified,false,false,403c2a451b69a9bd5156b9e47e448abfa33a51ce5f502a0902f2d65b258833ef,,src/attack_timings.rs;docs/enemy-coverage.json;scripts/generate-attack-timings.py;scripts/attack_responses.py
c1470,3019,0,1.166666627,1.299999952,unverified,extracted_unverified,false,false,403c2a451b69a9bd5156b9e47e448abfa33a51ce5f502a0902f2d65b258833ef,,src/attack_timings.rs;docs/enemy-coverage.json;scripts/generate-attack-timings.py;scripts/attack_responses.py
c1470,3019,1,1.666666627,1.799999952,unverified,extracted_unverified,false,false,403c2a451b69a9bd5156b9e47e448abfa33a51ce5f502a0902f2d65b258833ef,,src/attack_timings.rs;docs/enemy-coverage.json;scripts/generate-attack-timings.py;scripts/attack_responses.py
c1470,3019,2,2.166666746,2.333333254,unverified,extracted_unverified,false,false,403c2a451b69a9bd5156b9e47e448abfa33a51ce5f502a0902f2d65b258833ef,,src/attack_timings.rs;docs/enemy-coverage.json;scripts/generate-attack-timings.py;scripts/attack_responses.py
c1470,3019,3,2.766666651,2.900000095,unverified,extracted_unverified,false,false,403c2a451b69a9bd5156b9e47e448abfa33a51ce5f502a0902f2d65b258833ef,,src/attack_timings.rs;docs/enemy-coverage.json;scripts/generate-attack-timings.py;scripts/attack_responses.py
c1470,3019,4,3.799999952,4.133333206,unverified,extracted_unverified,false,false,403c2a451b69a9bd5156b9e47e448abfa33a51ce5f502a0902f2d65b258833ef,,src/attack_timings.rs;docs/enemy-coverage.json;scripts/generate-attack-timings.py;scripts/attack_responses.py
c1470,3020,0,0.833333313,0.966666639,unverified,extracted_unverified,false,false,403c2a451b69a9bd5156b9e47e448abfa33a51ce5f502a0902f2d65b258833ef,,src/attack_timings.rs;docs/enemy-coverage.json;scripts/generate-attack-timings.py;scripts/attack_responses.py
c1470,3020,1,1.633333325,1.733333349,unverified,extracted_unverified,false,false,403c2a451b69a9bd5156b9e47e448abfa33a51ce5f502a0902f2d65b258833ef,,src/attack_timings.rs;docs/enemy-coverage.json;scripts/generate-attack-timings.py;scripts/attack_responses.py
c1470,3023,0,0.666666687,0.800000012,parry,classified_estimate,false,false,403c2a451b69a9bd5156b9e47e448abfa33a51ce5f502a0902f2d65b258833ef,,src/attack_timings.rs;docs/enemy-coverage.json;scripts/generate-attack-timings.py;scripts/attack_responses.py
c1470,3023,1,0.966666639,1.133333325,parry,classified_estimate,false,false,403c2a451b69a9bd5156b9e47e448abfa33a51ce5f502a0902f2d65b258833ef,,src/attack_timings.rs;docs/enemy-coverage.json;scripts/generate-attack-timings.py;scripts/attack_responses.py
c1470,3024,0,0.933333337,1.066666722,unverified,extracted_unverified,false,false,403c2a451b69a9bd5156b9e47e448abfa33a51ce5f502a0902f2d65b258833ef,,src/attack_timings.rs;docs/enemy-coverage.json;scripts/generate-attack-timings.py;scripts/attack_responses.py
c1470,3024,1,1.266666651,1.366666675,unverified,extracted_unverified,false,false,403c2a451b69a9bd5156b9e47e448abfa33a51ce5f502a0902f2d65b258833ef,,src/attack_timings.rs;docs/enemy-coverage.json;scripts/generate-attack-timings.py;scripts/attack_responses.py
c1470,3025,0,0.733333349,0.866666675,parry,classified_estimate,false,false,403c2a451b69a9bd5156b9e47e448abfa33a51ce5f502a0902f2d65b258833ef,,src/attack_timings.rs;docs/enemy-coverage.json;scripts/generate-attack-timings.py;scripts/attack_responses.py
c1470,3025,1,2.566666603,2.700000048,parry,classified_estimate,false,false,403c2a451b69a9bd5156b9e47e448abfa33a51ce5f502a0902f2d65b258833ef,,src/attack_timings.rs;docs/enemy-coverage.json;scripts/generate-attack-timings.py;scripts/attack_responses.py
c1470,3026,0,1.366666675,1.533333302,parry,classified_estimate,false,false,403c2a451b69a9bd5156b9e47e448abfa33a51ce5f502a0902f2d65b258833ef,,src/attack_timings.rs;docs/enemy-coverage.json;scripts/generate-attack-timings.py;scripts/attack_responses.py
c1470,3027,0,1.366666675,1.533333302,parry,classified_estimate,false,false,403c2a451b69a9bd5156b9e47e448abfa33a51ce5f502a0902f2d65b258833ef,,src/attack_timings.rs;docs/enemy-coverage.json;scripts/generate-attack-timings.py;scripts/attack_responses.py
c1470,3028,0,0.533333361,0.699999988,parry,classified_estimate,false,false,403c2a451b69a9bd5156b9e47e448abfa33a51ce5f502a0902f2d65b258833ef,,src/attack_timings.rs;docs/enemy-coverage.json;scripts/generate-attack-timings.py;scripts/attack_responses.py
c1470,3029,0,0.899999976,1.033333302,parry,classified_estimate,false,false,403c2a451b69a9bd5156b9e47e448abfa33a51ce5f502a0902f2d65b258833ef,,src/attack_timings.rs;docs/enemy-coverage.json;scripts/generate-attack-timings.py;scripts/attack_responses.py
c1470,3029,1,1.200000048,1.366666675,parry,classified_estimate,false,false,403c2a451b69a9bd5156b9e47e448abfa33a51ce5f502a0902f2d65b258833ef,,src/attack_timings.rs;docs/enemy-coverage.json;scripts/generate-attack-timings.py;scripts/attack_responses.py
c1470,3032,0,0.600000024,0.733333349,unverified,extracted_unverified,false,false,403c2a451b69a9bd5156b9e47e448abfa33a51ce5f502a0902f2d65b258833ef,,src/attack_timings.rs;docs/enemy-coverage.json;scripts/generate-attack-timings.py;scripts/attack_responses.py
c1470,3032,1,1.033333302,1.133333325,unverified,extracted_unverified,false,false,403c2a451b69a9bd5156b9e47e448abfa33a51ce5f502a0902f2d65b258833ef,,src/attack_timings.rs;docs/enemy-coverage.json;scripts/generate-attack-timings.py;scripts/attack_responses.py
c1470,3033,0,1.100000024,1.233333349,jump,classified_estimate,false,false,403c2a451b69a9bd5156b9e47e448abfa33a51ce5f502a0902f2d65b258833ef,14700160,src/attack_timings.rs;docs/enemy-coverage.json;docs/response-coverage.json;scripts/generate-attack-timings.py;scripts/attack_responses.py
c1470,3034,0,1.033333302,1.299999952,unverified,extracted_unverified,false,false,403c2a451b69a9bd5156b9e47e448abfa33a51ce5f502a0902f2d65b258833ef,,src/attack_timings.rs;docs/enemy-coverage.json;scripts/generate-attack-timings.py;scripts/attack_responses.py
c1470,3035,0,0.666666687,0.800000012,unverified,extracted_unverified,false,false,403c2a451b69a9bd5156b9e47e448abfa33a51ce5f502a0902f2d65b258833ef,,src/attack_timings.rs;docs/enemy-coverage.json;scripts/generate-attack-timings.py;scripts/attack_responses.py
c1470,3050,0,0.433333337,0.566666663,unverified,extracted_unverified,false,false,403c2a451b69a9bd5156b9e47e448abfa33a51ce5f502a0902f2d65b258833ef,,src/attack_timings.rs;docs/enemy-coverage.json;scripts/generate-attack-timings.py;scripts/attack_responses.py
c1470,3051,0,0.433333337,0.566666663,unverified,extracted_unverified,false,false,403c2a451b69a9bd5156b9e47e448abfa33a51ce5f502a0902f2d65b258833ef,,src/attack_timings.rs;docs/enemy-coverage.json;scripts/generate-attack-timings.py;scripts/attack_responses.py
c1470,3055,0,0.500000000,0.633333325,unverified,extracted_unverified,false,false,403c2a451b69a9bd5156b9e47e448abfa33a51ce5f502a0902f2d65b258833ef,,src/attack_timings.rs;docs/enemy-coverage.json;scripts/generate-attack-timings.py;scripts/attack_responses.py
c1470,3056,0,0.400000006,0.566666663,unverified,extracted_unverified,false,false,403c2a451b69a9bd5156b9e47e448abfa33a51ce5f502a0902f2d65b258833ef,,src/attack_timings.rs;docs/enemy-coverage.json;scripts/generate-attack-timings.py;scripts/attack_responses.py
c1470,3058,0,0.466666669,0.566666663,parry,classified_estimate,false,false,403c2a451b69a9bd5156b9e47e448abfa33a51ce5f502a0902f2d65b258833ef,,src/attack_timings.rs;docs/enemy-coverage.json;scripts/generate-attack-timings.py;scripts/attack_responses.py
c1470,3060,0,0.466666669,0.566666663,parry,classified_estimate,false,false,403c2a451b69a9bd5156b9e47e448abfa33a51ce5f502a0902f2d65b258833ef,,src/attack_timings.rs;docs/enemy-coverage.json;scripts/generate-attack-timings.py;scripts/attack_responses.py
c1470,3062,0,0.600000024,0.766666651,parry,classified_estimate,false,false,403c2a451b69a9bd5156b9e47e448abfa33a51ce5f502a0902f2d65b258833ef,,src/attack_timings.rs;docs/enemy-coverage.json;scripts/generate-attack-timings.py;scripts/attack_responses.py
c1470,3063,0,0.899999976,1.033333302,unverified,extracted_unverified,false,false,403c2a451b69a9bd5156b9e47e448abfa33a51ce5f502a0902f2d65b258833ef,,src/attack_timings.rs;docs/enemy-coverage.json;scripts/generate-attack-timings.py;scripts/attack_responses.py
c1470,3063,1,1.266666651,1.399999976,unverified,extracted_unverified,false,false,403c2a451b69a9bd5156b9e47e448abfa33a51ce5f502a0902f2d65b258833ef,,src/attack_timings.rs;docs/enemy-coverage.json;scripts/generate-attack-timings.py;scripts/attack_responses.py
c1470,3064,0,0.899999976,1.033333302,unverified,extracted_unverified,false,false,403c2a451b69a9bd5156b9e47e448abfa33a51ce5f502a0902f2d65b258833ef,,src/attack_timings.rs;docs/enemy-coverage.json;scripts/generate-attack-timings.py;scripts/attack_responses.py
c1470,3064,1,1.233333349,1.366666675,unverified,extracted_unverified,false,false,403c2a451b69a9bd5156b9e47e448abfa33a51ce5f502a0902f2d65b258833ef,,src/attack_timings.rs;docs/enemy-coverage.json;scripts/generate-attack-timings.py;scripts/attack_responses.py
c1470,3066,0,0.500000000,0.633333325,parry,classified_estimate,false,false,403c2a451b69a9bd5156b9e47e448abfa33a51ce5f502a0902f2d65b258833ef,,src/attack_timings.rs;docs/enemy-coverage.json;scripts/generate-attack-timings.py;scripts/attack_responses.py
c1470,3067,0,0.600000024,0.866666675,parry,classified_estimate,false,false,403c2a451b69a9bd5156b9e47e448abfa33a51ce5f502a0902f2d65b258833ef,,src/attack_timings.rs;docs/enemy-coverage.json;scripts/generate-attack-timings.py;scripts/attack_responses.py
c1470,3068,0,0.933333337,1.066666722,parry,classified_estimate,false,false,403c2a451b69a9bd5156b9e47e448abfa33a51ce5f502a0902f2d65b258833ef,,src/attack_timings.rs;docs/enemy-coverage.json;scripts/generate-attack-timings.py;scripts/attack_responses.py
c1470,3068,1,1.799999952,1.933333278,parry,classified_estimate,false,false,403c2a451b69a9bd5156b9e47e448abfa33a51ce5f502a0902f2d65b258833ef,,src/attack_timings.rs;docs/enemy-coverage.json;scripts/generate-attack-timings.py;scripts/attack_responses.py
c1470,3069,0,0.933333337,1.066666722,parry,classified_estimate,false,false,403c2a451b69a9bd5156b9e47e448abfa33a51ce5f502a0902f2d65b258833ef,,src/attack_timings.rs;docs/enemy-coverage.json;scripts/generate-attack-timings.py;scripts/attack_responses.py
c1470,3069,1,1.733333349,1.933333278,parry,classified_estimate,false,false,403c2a451b69a9bd5156b9e47e448abfa33a51ce5f502a0902f2d65b258833ef,,src/attack_timings.rs;docs/enemy-coverage.json;scripts/generate-attack-timings.py;scripts/attack_responses.py
c1470,3222,0,0.033333335,0.200000003,unverified,extracted_unverified,false,false,403c2a451b69a9bd5156b9e47e448abfa33a51ce5f502a0902f2d65b258833ef,,src/attack_timings.rs;docs/enemy-coverage.json;scripts/generate-attack-timings.py;scripts/attack_responses.py
c1500,3000,0,0.600000024,0.766666651,parry,classified_estimate,false,false,0912f2edddca492982a8d753d446d111dc3ff94fd0b8e567f4692317858dbcad,,src/attack_timings.rs;docs/enemy-coverage.json;scripts/generate-attack-timings.py;scripts/attack_responses.py
c1500,3001,0,0.533333361,0.666666687,parry,classified_estimate,false,false,0912f2edddca492982a8d753d446d111dc3ff94fd0b8e567f4692317858dbcad,,src/attack_timings.rs;docs/enemy-coverage.json;scripts/generate-attack-timings.py;scripts/attack_responses.py
c1500,3002,0,0.600000024,0.733333349,parry,classified_estimate,false,false,0912f2edddca492982a8d753d446d111dc3ff94fd0b8e567f4692317858dbcad,,src/attack_timings.rs;docs/enemy-coverage.json;scripts/generate-attack-timings.py;scripts/attack_responses.py
c1500,3002,1,0.866666675,1.000000000,parry,classified_estimate,false,false,0912f2edddca492982a8d753d446d111dc3ff94fd0b8e567f4692317858dbcad,,src/attack_timings.rs;docs/enemy-coverage.json;scripts/generate-attack-timings.py;scripts/attack_responses.py
c1500,3002,2,1.233333349,1.333333373,parry,classified_estimate,false,false,0912f2edddca492982a8d753d446d111dc3ff94fd0b8e567f4692317858dbcad,,src/attack_timings.rs;docs/enemy-coverage.json;scripts/generate-attack-timings.py;scripts/attack_responses.py
c1500,3002,3,1.533333302,1.666666627,parry,classified_estimate,false,false,0912f2edddca492982a8d753d446d111dc3ff94fd0b8e567f4692317858dbcad,,src/attack_timings.rs;docs/enemy-coverage.json;scripts/generate-attack-timings.py;scripts/attack_responses.py
c1500,3002,4,1.933333278,2.066666603,parry,classified_estimate,false,false,0912f2edddca492982a8d753d446d111dc3ff94fd0b8e567f4692317858dbcad,,src/attack_timings.rs;docs/enemy-coverage.json;scripts/generate-attack-timings.py;scripts/attack_responses.py
c1500,3002,5,2.200000048,2.299999952,parry,classified_estimate,false,false,0912f2edddca492982a8d753d446d111dc3ff94fd0b8e567f4692317858dbcad,,src/attack_timings.rs;docs/enemy-coverage.json;scripts/generate-attack-timings.py;scripts/attack_responses.py
c1500,3002,6,2.566666603,2.666666746,parry,classified_estimate,false,false,0912f2edddca492982a8d753d446d111dc3ff94fd0b8e567f4692317858dbcad,,src/attack_timings.rs;docs/enemy-coverage.json;scripts/generate-attack-timings.py;scripts/attack_responses.py
c1500,3002,7,2.933333397,3.099999905,parry,classified_estimate,false,false,0912f2edddca492982a8d753d446d111dc3ff94fd0b8e567f4692317858dbcad,,src/attack_timings.rs;docs/enemy-coverage.json;scripts/generate-attack-timings.py;scripts/attack_responses.py
c1500,3002,8,3.666666746,3.766666651,parry,classified_estimate,false,false,0912f2edddca492982a8d753d446d111dc3ff94fd0b8e567f4692317858dbcad,,src/attack_timings.rs;docs/enemy-coverage.json;scripts/generate-attack-timings.py;scripts/attack_responses.py
c1500,3003,0,0.933333337,1.066666722,parry,classified_estimate,false,false,0912f2edddca492982a8d753d446d111dc3ff94fd0b8e567f4692317858dbcad,,src/attack_timings.rs;docs/enemy-coverage.json;scripts/generate-attack-timings.py;scripts/attack_responses.py
c1500,3004,0,0.933333337,1.066666722,parry,classified_estimate,false,false,0912f2edddca492982a8d753d446d111dc3ff94fd0b8e567f4692317858dbcad,,src/attack_timings.rs;docs/enemy-coverage.json;scripts/generate-attack-timings.py;scripts/attack_responses.py
c1500,3010,0,1.166666627,2.000000000,dodge,classified_estimate,false,false,0912f2edddca492982a8d753d446d111dc3ff94fd0b8e567f4692317858dbcad,15000230,src/attack_timings.rs;docs/enemy-coverage.json;docs/response-coverage.json;scripts/generate-attack-timings.py;scripts/attack_responses.py
c1500,3012,0,2.166666746,2.366666555,dodge,classified_estimate,false,false,0912f2edddca492982a8d753d446d111dc3ff94fd0b8e567f4692317858dbcad,15000270,src/attack_timings.rs;docs/enemy-coverage.json;docs/response-coverage.json;scripts/generate-attack-timings.py;scripts/attack_responses.py
c1500,100003000,0,1.133333325,1.333333373,parry,classified_estimate,false,false,0912f2edddca492982a8d753d446d111dc3ff94fd0b8e567f4692317858dbcad,,src/attack_timings.rs;docs/enemy-coverage.json;scripts/generate-attack-timings.py;scripts/attack_responses.py
c1500,100003010,0,1.100000024,1.299999952,parry,classified_estimate,false,false,0912f2edddca492982a8d753d446d111dc3ff94fd0b8e567f4692317858dbcad,,src/attack_timings.rs;docs/enemy-coverage.json;scripts/generate-attack-timings.py;scripts/attack_responses.py
c1500,100003011,0,1.066666722,1.200000048,unverified,extracted_unverified,false,false,0912f2edddca492982a8d753d446d111dc3ff94fd0b8e567f4692317858dbcad,,src/attack_timings.rs;docs/enemy-coverage.json;scripts/generate-attack-timings.py;scripts/attack_responses.py
c1500,100003013,0,1.666666627,1.799999952,unverified,extracted_unverified,false,false,0912f2edddca492982a8d753d446d111dc3ff94fd0b8e567f4692317858dbcad,,src/attack_timings.rs;docs/enemy-coverage.json;scripts/generate-attack-timings.py;scripts/attack_responses.py
c1500,100003014,0,1.666666627,1.799999952,unverified,extracted_unverified,false,false,0912f2edddca492982a8d753d446d111dc3ff94fd0b8e567f4692317858dbcad,,src/attack_timings.rs;docs/enemy-coverage.json;scripts/generate-attack-timings.py;scripts/attack_responses.py
c1500,100003015,0,0.666666687,1.333333373,dodge,classified_estimate,false,false,0912f2edddca492982a8d753d446d111dc3ff94fd0b8e567f4692317858dbcad,15000050,src/attack_timings.rs;docs/enemy-coverage.json;docs/response-coverage.json;scripts/generate-attack-timings.py;scripts/attack_responses.py
c1500,100003020,0,0.666666687,0.766666651,parry,classified_estimate,false,false,0912f2edddca492982a8d753d446d111dc3ff94fd0b8e567f4692317858dbcad,,src/attack_timings.rs;docs/enemy-coverage.json;scripts/generate-attack-timings.py;scripts/attack_responses.py
c1500,100003021,0,1.433333278,1.533333302,parry,classified_estimate,false,false,0912f2edddca492982a8d753d446d111dc3ff94fd0b8e567f4692317858dbcad,,src/attack_timings.rs;docs/enemy-coverage.json;scripts/generate-attack-timings.py;scripts/attack_responses.py
c1500,100003021,1,1.933333278,2.066666603,parry,classified_estimate,false,false,0912f2edddca492982a8d753d446d111dc3ff94fd0b8e567f4692317858dbcad,,src/attack_timings.rs;docs/enemy-coverage.json;scripts/generate-attack-timings.py;scripts/attack_responses.py
c1500,100003021,2,2.500000000,2.633333445,parry,classified_estimate,false,false,0912f2edddca492982a8d753d446d111dc3ff94fd0b8e567f4692317858dbcad,,src/attack_timings.rs;docs/enemy-coverage.json;scripts/generate-attack-timings.py;scripts/attack_responses.py
c1500,200003000,0,1.733333349,1.799999952,unverified,extracted_unverified,false,false,0912f2edddca492982a8d753d446d111dc3ff94fd0b8e567f4692317858dbcad,,src/attack_timings.rs;docs/enemy-coverage.json;scripts/generate-attack-timings.py;scripts/attack_responses.py
c1500,200003001,0,1.200000048,1.266666651,unverified,extracted_unverified,false,false,0912f2edddca492982a8d753d446d111dc3ff94fd0b8e567f4692317858dbcad,,src/attack_timings.rs;docs/enemy-coverage.json;scripts/generate-attack-timings.py;scripts/attack_responses.py
c1500,200003002,0,2.366666555,2.433333397,unverified,extracted_unverified,false,false,0912f2edddca492982a8d753d446d111dc3ff94fd0b8e567f4692317858dbcad,,src/attack_timings.rs;docs/enemy-coverage.json;scripts/generate-attack-timings.py;scripts/attack_responses.py
c1500,200003003,0,1.966666698,2.066666603,unverified,extracted_unverified,false,false,0912f2edddca492982a8d753d446d111dc3ff94fd0b8e567f4692317858dbcad,,src/attack_timings.rs;docs/enemy-coverage.json;scripts/generate-attack-timings.py;scripts/attack_responses.py
c1500,200003010,0,1.000000000,1.133333325,unverified,extracted_unverified,false,false,0912f2edddca492982a8d753d446d111dc3ff94fd0b8e567f4692317858dbcad,,src/attack_timings.rs;docs/enemy-coverage.json;scripts/generate-attack-timings.py;scripts/attack_responses.py
c1500,200003011,0,1.333333373,1.500000000,unverified,extracted_unverified,false,false,0912f2edddca492982a8d753d446d111dc3ff94fd0b8e567f4692317858dbcad,,src/attack_timings.rs;docs/enemy-coverage.json;scripts/generate-attack-timings.py;scripts/attack_responses.py
c1500,200003012,0,1.000000000,1.100000024,unverified,extracted_unverified,false,false,0912f2edddca492982a8d753d446d111dc3ff94fd0b8e567f4692317858dbcad,,src/attack_timings.rs;docs/enemy-coverage.json;scripts/generate-attack-timings.py;scripts/attack_responses.py
c1500,300003000,0,1.733333349,2.066666603,parry,classified_estimate,false,false,0912f2edddca492982a8d753d446d111dc3ff94fd0b8e567f4692317858dbcad,,src/attack_timings.rs;docs/enemy-coverage.json;scripts/generate-attack-timings.py;scripts/attack_responses.py
c1500,300003001,0,1.399999976,1.633333325,parry,classified_estimate,false,false,0912f2edddca492982a8d753d446d111dc3ff94fd0b8e567f4692317858dbcad,,src/attack_timings.rs;docs/enemy-coverage.json;scripts/generate-attack-timings.py;scripts/attack_responses.py
c1550,3000,0,0.800000012,0.866666675,unverified,extracted_unverified,false,false,346677a4768da8c5a5b95afcd75783e63c61c8e6835bb8d0a77b5824022bb5de,,src/attack_timings.rs;docs/enemy-coverage.json;scripts/generate-attack-timings.py;scripts/attack_responses.py
c1550,3001,0,0.766666651,0.866666675,parry,classified_estimate,false,false,346677a4768da8c5a5b95afcd75783e63c61c8e6835bb8d0a77b5824022bb5de,,src/attack_timings.rs;docs/enemy-coverage.json;scripts/generate-attack-timings.py;scripts/attack_responses.py
c1550,3001,1,1.366666675,1.466666698,parry,classified_estimate,false,false,346677a4768da8c5a5b95afcd75783e63c61c8e6835bb8d0a77b5824022bb5de,,src/attack_timings.rs;docs/enemy-coverage.json;scripts/generate-attack-timings.py;scripts/attack_responses.py
c1550,3003,0,0.800000012,0.899999976,unverified,extracted_unverified,false,false,346677a4768da8c5a5b95afcd75783e63c61c8e6835bb8d0a77b5824022bb5de,,src/attack_timings.rs;docs/enemy-coverage.json;scripts/generate-attack-timings.py;scripts/attack_responses.py
c1550,3004,0,0.633333325,0.766666651,parry,classified_estimate,false,false,346677a4768da8c5a5b95afcd75783e63c61c8e6835bb8d0a77b5824022bb5de,,src/attack_timings.rs;docs/enemy-coverage.json;scripts/generate-attack-timings.py;scripts/attack_responses.py
c1550,3004,1,0.899999976,1.066666722,parry,classified_estimate,false,false,346677a4768da8c5a5b95afcd75783e63c61c8e6835bb8d0a77b5824022bb5de,,src/attack_timings.rs;docs/enemy-coverage.json;scripts/generate-attack-timings.py;scripts/attack_responses.py
c1550,3005,0,1.133333325,1.266666651,parry,classified_estimate,false,false,346677a4768da8c5a5b95afcd75783e63c61c8e6835bb8d0a77b5824022bb5de,,src/attack_timings.rs;docs/enemy-coverage.json;scripts/generate-attack-timings.py;scripts/attack_responses.py
c1550,3008,0,0.633333325,0.733333349,parry,classified_estimate,false,false,346677a4768da8c5a5b95afcd75783e63c61c8e6835bb8d0a77b5824022bb5de,,src/attack_timings.rs;docs/enemy-coverage.json;scripts/generate-attack-timings.py;scripts/attack_responses.py
c1550,3008,1,1.266666651,1.366666675,parry,classified_estimate,false,false,346677a4768da8c5a5b95afcd75783e63c61c8e6835bb8d0a77b5824022bb5de,,src/attack_timings.rs;docs/enemy-coverage.json;scripts/generate-attack-timings.py;scripts/attack_responses.py
c1550,3009,0,1.200000048,1.333333373,parry,classified_estimate,false,false,346677a4768da8c5a5b95afcd75783e63c61c8e6835bb8d0a77b5824022bb5de,,src/attack_timings.rs;docs/enemy-coverage.json;scripts/generate-attack-timings.py;scripts/attack_responses.py
c1550,3011,0,0.633333325,0.766666651,parry,classified_estimate,false,false,346677a4768da8c5a5b95afcd75783e63c61c8e6835bb8d0a77b5824022bb5de,,src/attack_timings.rs;docs/enemy-coverage.json;scripts/generate-attack-timings.py;scripts/attack_responses.py
c1550,3011,1,0.899999976,1.066666722,parry,classified_estimate,false,false,346677a4768da8c5a5b95afcd75783e63c61c8e6835bb8d0a77b5824022bb5de,,src/attack_timings.rs;docs/enemy-coverage.json;scripts/generate-attack-timings.py;scripts/attack_responses.py
c1550,3013,0,0.633333325,0.699999988,parry,classified_estimate,false,false,346677a4768da8c5a5b95afcd75783e63c61c8e6835bb8d0a77b5824022bb5de,,src/attack_timings.rs;docs/enemy-coverage.json;scripts/generate-attack-timings.py;scripts/attack_responses.py
c1550,3015,0,0.166666672,0.600000024,unverified,extracted_unverified,false,false,346677a4768da8c5a5b95afcd75783e63c61c8e6835bb8d0a77b5824022bb5de,,src/attack_timings.rs;docs/enemy-coverage.json;scripts/generate-attack-timings.py;scripts/attack_responses.py
c1550,3016,0,0.533333361,0.666666687,parry,classified_estimate,false,false,346677a4768da8c5a5b95afcd75783e63c61c8e6835bb8d0a77b5824022bb5de,,src/attack_timings.rs;docs/enemy-coverage.json;scripts/generate-attack-timings.py;scripts/attack_responses.py
c1550,3018,0,0.533333361,0.733333349,parry,classified_estimate,false,false,346677a4768da8c5a5b95afcd75783e63c61c8e6835bb8d0a77b5824022bb5de,,src/attack_timings.rs;docs/enemy-coverage.json;scripts/generate-attack-timings.py;scripts/attack_responses.py
c1550,3019,0,0.400000006,0.500000000,parry,classified_estimate,false,false,346677a4768da8c5a5b95afcd75783e63c61c8e6835bb8d0a77b5824022bb5de,,src/attack_timings.rs;docs/enemy-coverage.json;scripts/generate-attack-timings.py;scripts/attack_responses.py
c1550,3020,0,1.033333302,1.166666627,unverified,extracted_unverified,false,false,346677a4768da8c5a5b95afcd75783e63c61c8e6835bb8d0a77b5824022bb5de,,src/attack_timings.rs;docs/enemy-coverage.json;scripts/generate-attack-timings.py;scripts/attack_responses.py
c1550,3021,0,0.800000012,0.966666639,unverified,extracted_unverified,false,false,346677a4768da8c5a5b95afcd75783e63c61c8e6835bb8d0a77b5824022bb5de,,src/attack_timings.rs;docs/enemy-coverage.json;scripts/generate-attack-timings.py;scripts/attack_responses.py
c1550,3021,1,2.133333445,2.333333254,unverified,extracted_unverified,false,false,346677a4768da8c5a5b95afcd75783e63c61c8e6835bb8d0a77b5824022bb5de,,src/attack_timings.rs;docs/enemy-coverage.json;scripts/generate-attack-timings.py;scripts/attack_responses.py
c1550,3023,0,0.533333361,0.666666687,parry,classified_estimate,false,false,346677a4768da8c5a5b95afcd75783e63c61c8e6835bb8d0a77b5824022bb5de,,src/attack_timings.rs;docs/enemy-coverage.json;scripts/generate-attack-timings.py;scripts/attack_responses.py
c1550,3024,0,0.966666639,1.133333325,unverified,extracted_unverified,false,false,346677a4768da8c5a5b95afcd75783e63c61c8e6835bb8d0a77b5824022bb5de,,src/attack_timings.rs;docs/enemy-coverage.json;scripts/generate-attack-timings.py;scripts/attack_responses.py
c1550,3025,0,0.466666669,0.633333325,parry,classified_estimate,false,false,346677a4768da8c5a5b95afcd75783e63c61c8e6835bb8d0a77b5824022bb5de,,src/attack_timings.rs;docs/enemy-coverage.json;scripts/generate-attack-timings.py;scripts/attack_responses.py
c1550,3026,0,2.200000048,2.266666651,unverified,extracted_unverified,false,false,346677a4768da8c5a5b95afcd75783e63c61c8e6835bb8d0a77b5824022bb5de,,src/attack_timings.rs;docs/enemy-coverage.json;scripts/generate-attack-timings.py;scripts/attack_responses.py
c1550,3028,0,1.033333302,1.166666627,unverified,extracted_unverified,false,false,346677a4768da8c5a5b95afcd75783e63c61c8e6835bb8d0a77b5824022bb5de,,src/attack_timings.rs;docs/enemy-coverage.json;scripts/generate-attack-timings.py;scripts/attack_responses.py
c1550,3029,0,2.166666746,2.266666651,unverified,extracted_unverified,false,false,346677a4768da8c5a5b95afcd75783e63c61c8e6835bb8d0a77b5824022bb5de,,src/attack_timings.rs;docs/enemy-coverage.json;scripts/generate-attack-timings.py;scripts/attack_responses.py
c1550,3036,0,0.266666681,0.366666675,parry,classified_estimate,false,false,346677a4768da8c5a5b95afcd75783e63c61c8e6835bb8d0a77b5824022bb5de,,src/attack_timings.rs;docs/enemy-coverage.json;scripts/generate-attack-timings.py;scripts/attack_responses.py
c1550,3037,0,1.033333302,1.166666627,unverified,extracted_unverified,false,false,346677a4768da8c5a5b95afcd75783e63c61c8e6835bb8d0a77b5824022bb5de,,src/attack_timings.rs;docs/enemy-coverage.json;scripts/generate-attack-timings.py;scripts/attack_responses.py
c1550,3061,0,0.633333325,0.766666651,parry,classified_estimate,false,false,346677a4768da8c5a5b95afcd75783e63c61c8e6835bb8d0a77b5824022bb5de,,src/attack_timings.rs;docs/enemy-coverage.json;scripts/generate-attack-timings.py;scripts/attack_responses.py
c1550,3061,1,1.399999976,1.500000000,parry,classified_estimate,false,false,346677a4768da8c5a5b95afcd75783e63c61c8e6835bb8d0a77b5824022bb5de,,src/attack_timings.rs;docs/enemy-coverage.json;scripts/generate-attack-timings.py;scripts/attack_responses.py
c1550,3065,0,0.633333325,0.766666651,parry,classified_estimate,false,false,346677a4768da8c5a5b95afcd75783e63c61c8e6835bb8d0a77b5824022bb5de,,src/attack_timings.rs;docs/enemy-coverage.json;scripts/generate-attack-timings.py;scripts/attack_responses.py
c1550,3065,1,1.166666627,1.266666651,parry,classified_estimate,false,false,346677a4768da8c5a5b95afcd75783e63c61c8e6835bb8d0a77b5824022bb5de,,src/attack_timings.rs;docs/enemy-coverage.json;scripts/generate-attack-timings.py;scripts/attack_responses.py
c1550,3070,0,0.800000012,0.966666639,unverified,extracted_unverified,false,false,346677a4768da8c5a5b95afcd75783e63c61c8e6835bb8d0a77b5824022bb5de,,src/attack_timings.rs;docs/enemy-coverage.json;scripts/generate-attack-timings.py;scripts/attack_responses.py
c1550,3070,1,2.133333445,2.333333254,unverified,extracted_unverified,false,false,346677a4768da8c5a5b95afcd75783e63c61c8e6835bb8d0a77b5824022bb5de,,src/attack_timings.rs;docs/enemy-coverage.json;scripts/generate-attack-timings.py;scripts/attack_responses.py
c1550,3071,0,0.533333361,0.666666687,parry,classified_estimate,false,false,346677a4768da8c5a5b95afcd75783e63c61c8e6835bb8d0a77b5824022bb5de,,src/attack_timings.rs;docs/enemy-coverage.json;scripts/generate-attack-timings.py;scripts/attack_responses.py
c1550,3072,0,0.333333343,0.466666669,parry,classified_estimate,false,false,346677a4768da8c5a5b95afcd75783e63c61c8e6835bb8d0a77b5824022bb5de,,src/attack_timings.rs;docs/enemy-coverage.json;scripts/generate-attack-timings.py;scripts/attack_responses.py
c1550,100003000,0,0.766666651,0.833333313,parry,classified_estimate,false,false,346677a4768da8c5a5b95afcd75783e63c61c8e6835bb8d0a77b5824022bb5de,,src/attack_timings.rs;docs/enemy-coverage.json;scripts/generate-attack-timings.py;scripts/attack_responses.py
c1550,100003001,0,0.400000006,0.533333361,parry,classified_estimate,false,false,346677a4768da8c5a5b95afcd75783e63c61c8e6835bb8d0a77b5824022bb5de,,src/attack_timings.rs;docs/enemy-coverage.json;scripts/generate-attack-timings.py;scripts/attack_responses.py
c1550,100003001,1,0.733333349,0.899999976,parry,classified_estimate,false,false,346677a4768da8c5a5b95afcd75783e63c61c8e6835bb8d0a77b5824022bb5de,,src/attack_timings.rs;docs/enemy-coverage.json;scripts/generate-attack-timings.py;scripts/attack_responses.py
c1550,100003002,0,0.533333361,0.666666687,unverified,extracted_unverified,false,false,346677a4768da8c5a5b95afcd75783e63c61c8e6835bb8d0a77b5824022bb5de,,src/attack_timings.rs;docs/enemy-coverage.json;scripts/generate-attack-timings.py;scripts/attack_responses.py
c1550,100003002,1,1.799999952,1.933333278,unverified,extracted_unverified,false,false,346677a4768da8c5a5b95afcd75783e63c61c8e6835bb8d0a77b5824022bb5de,,src/attack_timings.rs;docs/enemy-coverage.json;scripts/generate-attack-timings.py;scripts/attack_responses.py
c1550,100003003,0,0.433333337,0.666666687,parry,classified_estimate,false,false,346677a4768da8c5a5b95afcd75783e63c61c8e6835bb8d0a77b5824022bb5de,,src/attack_timings.rs;docs/enemy-coverage.json;scripts/generate-attack-timings.py;scripts/attack_responses.py
c1550,100003003,1,1.033333302,1.233333349,parry,classified_estimate,false,false,346677a4768da8c5a5b95afcd75783e63c61c8e6835bb8d0a77b5824022bb5de,,src/attack_timings.rs;docs/enemy-coverage.json;scripts/generate-attack-timings.py;scripts/attack_responses.py
c1550,100003005,0,0.899999976,1.033333302,parry,classified_estimate,false,false,346677a4768da8c5a5b95afcd75783e63c61c8e6835bb8d0a77b5824022bb5de,,src/attack_timings.rs;docs/enemy-coverage.json;scripts/generate-attack-timings.py;scripts/attack_responses.py
c1550,100003008,0,0.766666651,0.833333313,parry,classified_estimate,false,false,346677a4768da8c5a5b95afcd75783e63c61c8e6835bb8d0a77b5824022bb5de,,src/attack_timings.rs;docs/enemy-coverage.json;scripts/generate-attack-timings.py;scripts/attack_responses.py
c1550,100003009,0,0.400000006,0.500000000,parry,classified_estimate,false,false,346677a4768da8c5a5b95afcd75783e63c61c8e6835bb8d0a77b5824022bb5de,,src/attack_timings.rs;docs/enemy-coverage.json;scripts/generate-attack-timings.py;scripts/attack_responses.py
c1550,100003010,0,0.600000024,0.766666651,parry,classified_estimate,false,false,346677a4768da8c5a5b95afcd75783e63c61c8e6835bb8d0a77b5824022bb5de,,src/attack_timings.rs;docs/enemy-coverage.json;scripts/generate-attack-timings.py;scripts/attack_responses.py
c1550,100003011,0,1.066666722,1.200000048,unverified,extracted_unverified,false,false,346677a4768da8c5a5b95afcd75783e63c61c8e6835bb8d0a77b5824022bb5de,,src/attack_timings.rs;docs/enemy-coverage.json;scripts/generate-attack-timings.py;scripts/attack_responses.py
c1550,100003012,0,1.133333325,1.366666675,parry,classified_estimate,false,false,346677a4768da8c5a5b95afcd75783e63c61c8e6835bb8d0a77b5824022bb5de,,src/attack_timings.rs;docs/enemy-coverage.json;scripts/generate-attack-timings.py;scripts/attack_responses.py
c1550,100003072,0,0.333333343,0.466666669,parry,classified_estimate,false,false,346677a4768da8c5a5b95afcd75783e63c61c8e6835bb8d0a77b5824022bb5de,,src/attack_timings.rs;docs/enemy-coverage.json;scripts/generate-attack-timings.py;scripts/attack_responses.py
c1550,200003070,0,0.200000003,0.500000000,unverified,extracted_unverified,false,false,346677a4768da8c5a5b95afcd75783e63c61c8e6835bb8d0a77b5824022bb5de,,src/attack_timings.rs;docs/enemy-coverage.json;scripts/generate-attack-timings.py;scripts/attack_responses.py
c1550,200003071,0,1.100000024,1.266666651,unverified,extracted_unverified,false,false,346677a4768da8c5a5b95afcd75783e63c61c8e6835bb8d0a77b5824022bb5de,,src/attack_timings.rs;docs/enemy-coverage.json;scripts/generate-attack-timings.py;scripts/attack_responses.py
c1550,200503000,0,0.433333337,0.566666663,unverified,extracted_unverified,false,false,346677a4768da8c5a5b95afcd75783e63c61c8e6835bb8d0a77b5824022bb5de,,src/attack_timings.rs;docs/enemy-coverage.json;scripts/generate-attack-timings.py;scripts/attack_responses.py
c1550,200503001,0,0.833333313,1.033333302,unverified,extracted_unverified,false,false,346677a4768da8c5a5b95afcd75783e63c61c8e6835bb8d0a77b5824022bb5de,,src/attack_timings.rs;docs/enemy-coverage.json;scripts/generate-attack-timings.py;scripts/attack_responses.py
c1550,200503001,1,1.600000024,1.700000048,unverified,extracted_unverified,false,false,346677a4768da8c5a5b95afcd75783e63c61c8e6835bb8d0a77b5824022bb5de,,src/attack_timings.rs;docs/enemy-coverage.json;scripts/generate-attack-timings.py;scripts/attack_responses.py
c1550,200503002,0,0.699999988,0.800000012,unverified,extracted_unverified,false,false,346677a4768da8c5a5b95afcd75783e63c61c8e6835bb8d0a77b5824022bb5de,,src/attack_timings.rs;docs/enemy-coverage.json;scripts/generate-attack-timings.py;scripts/attack_responses.py
c1550,200503002,1,1.033333302,1.133333325,unverified,extracted_unverified,false,false,346677a4768da8c5a5b95afcd75783e63c61c8e6835bb8d0a77b5824022bb5de,,src/attack_timings.rs;docs/enemy-coverage.json;scripts/generate-attack-timings.py;scripts/attack_responses.py
c1550,200503002,2,1.366666675,1.466666698,unverified,extracted_unverified,false,false,346677a4768da8c5a5b95afcd75783e63c61c8e6835bb8d0a77b5824022bb5de,,src/attack_timings.rs;docs/enemy-coverage.json;scripts/generate-attack-timings.py;scripts/attack_responses.py
c1550,200503002,3,1.700000048,1.799999952,unverified,extracted_unverified,false,false,346677a4768da8c5a5b95afcd75783e63c61c8e6835bb8d0a77b5824022bb5de,,src/attack_timings.rs;docs/enemy-coverage.json;scripts/generate-attack-timings.py;scripts/attack_responses.py
c1550,200503002,4,2.066666603,2.166666746,unverified,extracted_unverified,false,false,346677a4768da8c5a5b95afcd75783e63c61c8e6835bb8d0a77b5824022bb5de,,src/attack_timings.rs;docs/enemy-coverage.json;scripts/generate-attack-timings.py;scripts/attack_responses.py
c1550,200503004,0,0.100000001,0.200000003,unverified,extracted_unverified,false,false,346677a4768da8c5a5b95afcd75783e63c61c8e6835bb8d0a77b5824022bb5de,,src/attack_timings.rs;docs/enemy-coverage.json;scripts/generate-attack-timings.py;scripts/attack_responses.py
c1550,200503008,0,0.200000003,0.500000000,unverified,extracted_unverified,false,false,346677a4768da8c5a5b95afcd75783e63c61c8e6835bb8d0a77b5824022bb5de,,src/attack_timings.rs;docs/enemy-coverage.json;scripts/generate-attack-timings.py;scripts/attack_responses.py
c1550,200503009,0,1.100000024,1.266666651,unverified,extracted_unverified,false,false,346677a4768da8c5a5b95afcd75783e63c61c8e6835bb8d0a77b5824022bb5de,,src/attack_timings.rs;docs/enemy-coverage.json;scripts/generate-attack-timings.py;scripts/attack_responses.py
c1550,300003015,0,0.166666672,0.600000024,unverified,extracted_unverified,false,false,346677a4768da8c5a5b95afcd75783e63c61c8e6835bb8d0a77b5824022bb5de,,src/attack_timings.rs;docs/enemy-coverage.json;scripts/generate-attack-timings.py;scripts/attack_responses.py
c1700,3000,0,1.433333278,1.533333302,unverified,extracted_unverified,false,false,c9e99fd370bca473c4f432f05e1cb278953817b37bb9fd406227e581639bb79d,,src/attack_timings.rs;docs/enemy-coverage.json;scripts/generate-attack-timings.py;scripts/attack_responses.py
c1700,3001,0,1.833333373,1.933333278,unverified,extracted_unverified,false,false,c9e99fd370bca473c4f432f05e1cb278953817b37bb9fd406227e581639bb79d,,src/attack_timings.rs;docs/enemy-coverage.json;scripts/generate-attack-timings.py;scripts/attack_responses.py
c1700,3004,0,0.699999988,0.966666639,unverified,extracted_unverified,false,false,c9e99fd370bca473c4f432f05e1cb278953817b37bb9fd406227e581639bb79d,,src/attack_timings.rs;docs/enemy-coverage.json;scripts/generate-attack-timings.py;scripts/attack_responses.py
c1700,3005,0,0.966666639,1.066666722,unverified,extracted_unverified,false,false,c9e99fd370bca473c4f432f05e1cb278953817b37bb9fd406227e581639bb79d,,src/attack_timings.rs;docs/enemy-coverage.json;scripts/generate-attack-timings.py;scripts/attack_responses.py
c1700,3006,0,0.666666687,0.766666651,unverified,extracted_unverified,false,false,c9e99fd370bca473c4f432f05e1cb278953817b37bb9fd406227e581639bb79d,,src/attack_timings.rs;docs/enemy-coverage.json;scripts/generate-attack-timings.py;scripts/attack_responses.py
c1700,3006,1,1.200000048,1.266666651,unverified,extracted_unverified,false,false,c9e99fd370bca473c4f432f05e1cb278953817b37bb9fd406227e581639bb79d,,src/attack_timings.rs;docs/enemy-coverage.json;scripts/generate-attack-timings.py;scripts/attack_responses.py
c1700,3007,0,0.933333337,1.033333302,unverified,extracted_unverified,false,false,c9e99fd370bca473c4f432f05e1cb278953817b37bb9fd406227e581639bb79d,,src/attack_timings.rs;docs/enemy-coverage.json;scripts/generate-attack-timings.py;scripts/attack_responses.py
c1700,3008,0,0.933333337,1.033333302,unverified,extracted_unverified,false,false,c9e99fd370bca473c4f432f05e1cb278953817b37bb9fd406227e581639bb79d,,src/attack_timings.rs;docs/enemy-coverage.json;scripts/generate-attack-timings.py;scripts/attack_responses.py
c1700,3010,0,1.100000024,1.233333349,unverified,extracted_unverified,false,false,c9e99fd370bca473c4f432f05e1cb278953817b37bb9fd406227e581639bb79d,,src/attack_timings.rs;docs/enemy-coverage.json;scripts/generate-attack-timings.py;scripts/attack_responses.py
c1700,3011,0,0.899999976,1.000000000,unverified,extracted_unverified,false,false,c9e99fd370bca473c4f432f05e1cb278953817b37bb9fd406227e581639bb79d,,src/attack_timings.rs;docs/enemy-coverage.json;scripts/generate-attack-timings.py;scripts/attack_responses.py
c1700,3012,0,0.899999976,0.966666639,parry,classified_estimate,false,false,c9e99fd370bca473c4f432f05e1cb278953817b37bb9fd406227e581639bb79d,,src/attack_timings.rs;docs/enemy-coverage.json;scripts/generate-attack-timings.py;scripts/attack_responses.py
c1700,3015,0,1.500000000,1.566666722,unverified,extracted_unverified,false,false,c9e99fd370bca473c4f432f05e1cb278953817b37bb9fd406227e581639bb79d,,src/attack_timings.rs;docs/enemy-coverage.json;scripts/generate-attack-timings.py;scripts/attack_responses.py
c1700,3016,0,1.033333302,1.100000024,unverified,extracted_unverified,false,false,c9e99fd370bca473c4f432f05e1cb278953817b37bb9fd406227e581639bb79d,,src/attack_timings.rs;docs/enemy-coverage.json;scripts/generate-attack-timings.py;scripts/attack_responses.py
c1700,3022,0,0.699999988,0.966666639,unverified,extracted_unverified,false,false,c9e99fd370bca473c4f432f05e1cb278953817b37bb9fd406227e581639bb79d,,src/attack_timings.rs;docs/enemy-coverage.json;scripts/generate-attack-timings.py;scripts/attack_responses.py
c1700,3050,0,0.933333337,1.066666722,unverified,extracted_unverified,false,false,c9e99fd370bca473c4f432f05e1cb278953817b37bb9fd406227e581639bb79d,,src/attack_timings.rs;docs/enemy-coverage.json;scripts/generate-attack-timings.py;scripts/attack_responses.py
c1700,3053,0,0.500000000,0.566666663,unverified,extracted_unverified,false,false,c9e99fd370bca473c4f432f05e1cb278953817b37bb9fd406227e581639bb79d,,src/attack_timings.rs;docs/enemy-coverage.json;scripts/generate-attack-timings.py;scripts/attack_responses.py
c1700,3053,1,0.600000024,0.633333325,unverified,extracted_unverified,false,false,c9e99fd370bca473c4f432f05e1cb278953817b37bb9fd406227e581639bb79d,,src/attack_timings.rs;docs/enemy-coverage.json;scripts/generate-attack-timings.py;scripts/attack_responses.py
c1700,3053,2,0.666666687,0.699999988,unverified,extracted_unverified,false,false,c9e99fd370bca473c4f432f05e1cb278953817b37bb9fd406227e581639bb79d,,src/attack_timings.rs;docs/enemy-coverage.json;scripts/generate-attack-timings.py;scripts/attack_responses.py
c1700,3053,3,0.733333349,0.766666651,unverified,extracted_unverified,false,false,c9e99fd370bca473c4f432f05e1cb278953817b37bb9fd406227e581639bb79d,,src/attack_timings.rs;docs/enemy-coverage.json;scripts/generate-attack-timings.py;scripts/attack_responses.py
c1700,3053,4,0.833333313,0.899999976,unverified,extracted_unverified,false,false,c9e99fd370bca473c4f432f05e1cb278953817b37bb9fd406227e581639bb79d,,src/attack_timings.rs;docs/enemy-coverage.json;scripts/generate-attack-timings.py;scripts/attack_responses.py
c1700,3055,0,0.733333349,0.800000012,unverified,extracted_unverified,false,false,c9e99fd370bca473c4f432f05e1cb278953817b37bb9fd406227e581639bb79d,,src/attack_timings.rs;docs/enemy-coverage.json;scripts/generate-attack-timings.py;scripts/attack_responses.py
c1700,3055,1,1.200000048,1.299999952,unverified,extracted_unverified,false,false,c9e99fd370bca473c4f432f05e1cb278953817b37bb9fd406227e581639bb79d,,src/attack_timings.rs;docs/enemy-coverage.json;scripts/generate-attack-timings.py;scripts/attack_responses.py
c1700,3056,0,0.899999976,0.966666639,unverified,extracted_unverified,false,false,c9e99fd370bca473c4f432f05e1cb278953817b37bb9fd406227e581639bb79d,,src/attack_timings.rs;docs/enemy-coverage.json;scripts/generate-attack-timings.py;scripts/attack_responses.py
c1700,3056,1,1.466666698,1.600000024,unverified,extracted_unverified,false,false,c9e99fd370bca473c4f432f05e1cb278953817b37bb9fd406227e581639bb79d,,src/attack_timings.rs;docs/enemy-coverage.json;scripts/generate-attack-timings.py;scripts/attack_responses.py
c1700,3061,0,0.733333349,0.833333313,unverified,extracted_unverified,false,false,c9e99fd370bca473c4f432f05e1cb278953817b37bb9fd406227e581639bb79d,,src/attack_timings.rs;docs/enemy-coverage.json;scripts/generate-attack-timings.py;scripts/attack_responses.py
c1700,3065,0,1.200000048,1.399999976,unverified,extracted_unverified,false,false,c9e99fd370bca473c4f432f05e1cb278953817b37bb9fd406227e581639bb79d,,src/attack_timings.rs;docs/enemy-coverage.json;scripts/generate-attack-timings.py;scripts/attack_responses.py
c1700,3066,0,0.866666675,0.966666639,unverified,extracted_unverified,false,false,c9e99fd370bca473c4f432f05e1cb278953817b37bb9fd406227e581639bb79d,,src/attack_timings.rs;docs/enemy-coverage.json;scripts/generate-attack-timings.py;scripts/attack_responses.py
c1700,3068,0,1.133333325,1.233333349,unverified,extracted_unverified,false,false,c9e99fd370bca473c4f432f05e1cb278953817b37bb9fd406227e581639bb79d,,src/attack_timings.rs;docs/enemy-coverage.json;scripts/generate-attack-timings.py;scripts/attack_responses.py
c1700,3076,0,1.033333302,1.100000024,unverified,extracted_unverified,false,false,c9e99fd370bca473c4f432f05e1cb278953817b37bb9fd406227e581639bb79d,,src/attack_timings.rs;docs/enemy-coverage.json;scripts/generate-attack-timings.py;scripts/attack_responses.py
c1700,100003005,0,0.966666639,1.066666722,parry,classified_estimate,false,false,c9e99fd370bca473c4f432f05e1cb278953817b37bb9fd406227e581639bb79d,,src/attack_timings.rs;docs/enemy-coverage.json;scripts/generate-attack-timings.py;scripts/attack_responses.py
c1700,100003006,0,0.666666687,0.766666651,unverified,extracted_unverified,false,false,c9e99fd370bca473c4f432f05e1cb278953817b37bb9fd406227e581639bb79d,,src/attack_timings.rs;docs/enemy-coverage.json;scripts/generate-attack-timings.py;scripts/attack_responses.py
c1700,100003006,1,1.100000024,1.200000048,unverified,extracted_unverified,false,false,c9e99fd370bca473c4f432f05e1cb278953817b37bb9fd406227e581639bb79d,,src/attack_timings.rs;docs/enemy-coverage.json;scripts/generate-attack-timings.py;scripts/attack_responses.py
c1700,100003007,0,0.933333337,1.033333302,unverified,extracted_unverified,false,false,c9e99fd370bca473c4f432f05e1cb278953817b37bb9fd406227e581639bb79d,,src/attack_timings.rs;docs/enemy-coverage.json;scripts/generate-attack-timings.py;scripts/attack_responses.py
c1700,100003020,0,0.300000012,0.400000006,unverified,extracted_unverified,false,false,c9e99fd370bca473c4f432f05e1cb278953817b37bb9fd406227e581639bb79d,,src/attack_timings.rs;docs/enemy-coverage.json;scripts/generate-attack-timings.py;scripts/attack_responses.py
c1700,100003020,1,0.600000024,0.699999988,unverified,extracted_unverified,false,false,c9e99fd370bca473c4f432f05e1cb278953817b37bb9fd406227e581639bb79d,,src/attack_timings.rs;docs/enemy-coverage.json;scripts/generate-attack-timings.py;scripts/attack_responses.py
c1700,100003021,0,1.066666722,1.200000048,unverified,extracted_unverified,false,false,c9e99fd370bca473c4f432f05e1cb278953817b37bb9fd406227e581639bb79d,,src/attack_timings.rs;docs/enemy-coverage.json;scripts/generate-attack-timings.py;scripts/attack_responses.py
c1700,100003022,0,1.066666722,1.200000048,unverified,extracted_unverified,false,false,c9e99fd370bca473c4f432f05e1cb278953817b37bb9fd406227e581639bb79d,,src/attack_timings.rs;docs/enemy-coverage.json;scripts/generate-attack-timings.py;scripts/attack_responses.py
c1700,100003024,0,1.033333302,1.100000024,unverified,extracted_unverified,false,false,c9e99fd370bca473c4f432f05e1cb278953817b37bb9fd406227e581639bb79d,,src/attack_timings.rs;docs/enemy-coverage.json;scripts/generate-attack-timings.py;scripts/attack_responses.py
c1700,100003024,1,1.399999976,1.466666698,unverified,extracted_unverified,false,false,c9e99fd370bca473c4f432f05e1cb278953817b37bb9fd406227e581639bb79d,,src/attack_timings.rs;docs/enemy-coverage.json;scripts/generate-attack-timings.py;scripts/attack_responses.py
c1700,100003025,0,0.733333349,0.833333313,parry,classified_estimate,false,false,c9e99fd370bca473c4f432f05e1cb278953817b37bb9fd406227e581639bb79d,,src/attack_timings.rs;docs/enemy-coverage.json;scripts/generate-attack-timings.py;scripts/attack_responses.py
c1700,100003025,1,1.066666722,1.133333325,parry,classified_estimate,false,false,c9e99fd370bca473c4f432f05e1cb278953817b37bb9fd406227e581639bb79d,,src/attack_timings.rs;docs/enemy-coverage.json;scripts/generate-attack-timings.py;scripts/attack_responses.py
c1700,100003027,0,1.100000024,1.166666627,unverified,extracted_unverified,false,false,c9e99fd370bca473c4f432f05e1cb278953817b37bb9fd406227e581639bb79d,,src/attack_timings.rs;docs/enemy-coverage.json;scripts/generate-attack-timings.py;scripts/attack_responses.py
c1700,100003027,1,1.433333278,1.500000000,unverified,extracted_unverified,false,false,c9e99fd370bca473c4f432f05e1cb278953817b37bb9fd406227e581639bb79d,,src/attack_timings.rs;docs/enemy-coverage.json;scripts/generate-attack-timings.py;scripts/attack_responses.py
c1700,100003028,0,0.733333349,0.800000012,parry,classified_estimate,false,false,c9e99fd370bca473c4f432f05e1cb278953817b37bb9fd406227e581639bb79d,,src/attack_timings.rs;docs/enemy-coverage.json;scripts/generate-attack-timings.py;scripts/attack_responses.py
c1700,100003028,1,1.066666722,1.133333325,parry,classified_estimate,false,false,c9e99fd370bca473c4f432f05e1cb278953817b37bb9fd406227e581639bb79d,,src/attack_timings.rs;docs/enemy-coverage.json;scripts/generate-attack-timings.py;scripts/attack_responses.py
c1700,100003030,0,1.033333302,1.133333325,unverified,extracted_unverified,false,false,c9e99fd370bca473c4f432f05e1cb278953817b37bb9fd406227e581639bb79d,,src/attack_timings.rs;docs/enemy-coverage.json;scripts/generate-attack-timings.py;scripts/attack_responses.py
c1700,100003030,1,1.533333302,1.600000024,unverified,extracted_unverified,false,false,c9e99fd370bca473c4f432f05e1cb278953817b37bb9fd406227e581639bb79d,,src/attack_timings.rs;docs/enemy-coverage.json;scripts/generate-attack-timings.py;scripts/attack_responses.py
c1700,100003030,2,1.633333325,1.733333349,unverified,extracted_unverified,false,false,c9e99fd370bca473c4f432f05e1cb278953817b37bb9fd406227e581639bb79d,,src/attack_timings.rs;docs/enemy-coverage.json;scripts/generate-attack-timings.py;scripts/attack_responses.py
c1700,100003030,3,2.133333445,2.200000048,unverified,extracted_unverified,false,false,c9e99fd370bca473c4f432f05e1cb278953817b37bb9fd406227e581639bb79d,,src/attack_timings.rs;docs/enemy-coverage.json;scripts/generate-attack-timings.py;scripts/attack_responses.py
c1700,100003031,0,0.533333361,0.600000024,parry,classified_estimate,false,false,c9e99fd370bca473c4f432f05e1cb278953817b37bb9fd406227e581639bb79d,,src/attack_timings.rs;docs/enemy-coverage.json;scripts/generate-attack-timings.py;scripts/attack_responses.py
c1700,100003031,1,0.933333337,1.000000000,parry,classified_estimate,false,false,c9e99fd370bca473c4f432f05e1cb278953817b37bb9fd406227e581639bb79d,,src/attack_timings.rs;docs/enemy-coverage.json;scripts/generate-attack-timings.py;scripts/attack_responses.py
c1700,100003038,0,0.266666681,0.400000006,parry,classified_estimate,false,false,c9e99fd370bca473c4f432f05e1cb278953817b37bb9fd406227e581639bb79d,,src/attack_timings.rs;docs/enemy-coverage.json;scripts/generate-attack-timings.py;scripts/attack_responses.py
c1700,100003046,0,0.533333361,0.600000024,unverified,extracted_unverified,false,false,c9e99fd370bca473c4f432f05e1cb278953817b37bb9fd406227e581639bb79d,,src/attack_timings.rs;docs/enemy-coverage.json;scripts/generate-attack-timings.py;scripts/attack_responses.py
c1700,100003046,1,0.800000012,0.866666675,unverified,extracted_unverified,false,false,c9e99fd370bca473c4f432f05e1cb278953817b37bb9fd406227e581639bb79d,,src/attack_timings.rs;docs/enemy-coverage.json;scripts/generate-attack-timings.py;scripts/attack_responses.py
c1700,100003050,0,0.933333337,1.066666722,parry,classified_estimate,false,false,c9e99fd370bca473c4f432f05e1cb278953817b37bb9fd406227e581639bb79d,,src/attack_timings.rs;docs/enemy-coverage.json;scripts/generate-attack-timings.py;scripts/attack_responses.py
c1700,100003053,0,0.833333313,0.899999976,unverified,extracted_unverified,false,false,c9e99fd370bca473c4f432f05e1cb278953817b37bb9fd406227e581639bb79d,,src/attack_timings.rs;docs/enemy-coverage.json;scripts/generate-attack-timings.py;scripts/attack_responses.py
c1700,100003055,0,0.733333349,0.800000012,unverified,extracted_unverified,false,false,c9e99fd370bca473c4f432f05e1cb278953817b37bb9fd406227e581639bb79d,,src/attack_timings.rs;docs/enemy-coverage.json;scripts/generate-attack-timings.py;scripts/attack_responses.py
c1700,100003055,1,1.200000048,1.299999952,unverified,extracted_unverified,false,false,c9e99fd370bca473c4f432f05e1cb278953817b37bb9fd406227e581639bb79d,,src/attack_timings.rs;docs/enemy-coverage.json;scripts/generate-attack-timings.py;scripts/attack_responses.py
c1700,100003056,0,0.899999976,1.033333302,unverified,extracted_unverified,false,false,c9e99fd370bca473c4f432f05e1cb278953817b37bb9fd406227e581639bb79d,,src/attack_timings.rs;docs/enemy-coverage.json;scripts/generate-attack-timings.py;scripts/attack_responses.py
c1700,100003056,1,1.466666698,1.600000024,unverified,extracted_unverified,false,false,c9e99fd370bca473c4f432f05e1cb278953817b37bb9fd406227e581639bb79d,,src/attack_timings.rs;docs/enemy-coverage.json;scripts/generate-attack-timings.py;scripts/attack_responses.py
c1700,100003057,0,0.966666639,1.066666722,unverified,extracted_unverified,false,false,c9e99fd370bca473c4f432f05e1cb278953817b37bb9fd406227e581639bb79d,,src/attack_timings.rs;docs/enemy-coverage.json;scripts/generate-attack-timings.py;scripts/attack_responses.py
c1700,100003057,1,1.466666698,1.533333302,unverified,extracted_unverified,false,false,c9e99fd370bca473c4f432f05e1cb278953817b37bb9fd406227e581639bb79d,,src/attack_timings.rs;docs/enemy-coverage.json;scripts/generate-attack-timings.py;scripts/attack_responses.py
c1700,100003057,2,1.566666722,1.633333325,unverified,extracted_unverified,false,false,c9e99fd370bca473c4f432f05e1cb278953817b37bb9fd406227e581639bb79d,,src/attack_timings.rs;docs/enemy-coverage.json;scripts/generate-attack-timings.py;scripts/attack_responses.py
c1700,100003057,3,2.066666603,2.133333445,unverified,extracted_unverified,false,false,c9e99fd370bca473c4f432f05e1cb278953817b37bb9fd406227e581639bb79d,,src/attack_timings.rs;docs/enemy-coverage.json;scripts/generate-attack-timings.py;scripts/attack_responses.py
c1700,100003059,0,0.666666687,0.733333349,unverified,extracted_unverified,false,false,c9e99fd370bca473c4f432f05e1cb278953817b37bb9fd406227e581639bb79d,,src/attack_timings.rs;docs/enemy-coverage.json;scripts/generate-attack-timings.py;scripts/attack_responses.py
c1700,100003059,1,1.000000000,1.066666722,unverified,extracted_unverified,false,false,c9e99fd370bca473c4f432f05e1cb278953817b37bb9fd406227e581639bb79d,,src/attack_timings.rs;docs/enemy-coverage.json;scripts/generate-attack-timings.py;scripts/attack_responses.py
c1700,100003061,0,0.733333349,0.833333313,unverified,extracted_unverified,false,false,c9e99fd370bca473c4f432f05e1cb278953817b37bb9fd406227e581639bb79d,,src/attack_timings.rs;docs/enemy-coverage.json;scripts/generate-attack-timings.py;scripts/attack_responses.py
c1700,100003063,0,0.933333337,1.033333302,unverified,extracted_unverified,false,false,c9e99fd370bca473c4f432f05e1cb278953817b37bb9fd406227e581639bb79d,,src/attack_timings.rs;docs/enemy-coverage.json;scripts/generate-attack-timings.py;scripts/attack_responses.py
c1700,100003063,1,1.299999952,1.366666675,unverified,extracted_unverified,false,false,c9e99fd370bca473c4f432f05e1cb278953817b37bb9fd406227e581639bb79d,,src/attack_timings.rs;docs/enemy-coverage.json;scripts/generate-attack-timings.py;scripts/attack_responses.py
c1700,100003066,0,0.866666675,0.966666639,parry,classified_estimate,false,false,c9e99fd370bca473c4f432f05e1cb278953817b37bb9fd406227e581639bb79d,,src/attack_timings.rs;docs/enemy-coverage.json;scripts/generate-attack-timings.py;scripts/attack_responses.py
c1700,100003067,0,0.600000024,0.699999988,unverified,extracted_unverified,false,false,c9e99fd370bca473c4f432f05e1cb278953817b37bb9fd406227e581639bb79d,,src/attack_timings.rs;docs/enemy-coverage.json;scripts/generate-attack-timings.py;scripts/attack_responses.py
c1700,100003067,1,0.866666675,0.966666639,unverified,extracted_unverified,false,false,c9e99fd370bca473c4f432f05e1cb278953817b37bb9fd406227e581639bb79d,,src/attack_timings.rs;docs/enemy-coverage.json;scripts/generate-attack-timings.py;scripts/attack_responses.py
c1700,100003080,0,0.433333337,0.566666663,parry,classified_estimate,false,false,c9e99fd370bca473c4f432f05e1cb278953817b37bb9fd406227e581639bb79d,,src/attack_timings.rs;docs/enemy-coverage.json;scripts/generate-attack-timings.py;scripts/attack_responses.py
c1700,100003085,0,0.433333337,0.566666663,parry,classified_estimate,false,false,c9e99fd370bca473c4f432f05e1cb278953817b37bb9fd406227e581639bb79d,,src/attack_timings.rs;docs/enemy-coverage.json;scripts/generate-attack-timings.py;scripts/attack_responses.py
c1700,200003015,0,1.233333349,1.399999976,parry,classified_estimate,false,false,c9e99fd370bca473c4f432f05e1cb278953817b37bb9fd406227e581639bb79d,,src/attack_timings.rs;docs/enemy-coverage.json;scripts/generate-attack-timings.py;scripts/attack_responses.py
c1700,200003016,0,0.899999976,1.033333302,unverified,extracted_unverified,false,false,c9e99fd370bca473c4f432f05e1cb278953817b37bb9fd406227e581639bb79d,,src/attack_timings.rs;docs/enemy-coverage.json;scripts/generate-attack-timings.py;scripts/attack_responses.py
c1700,200003016,1,2.266666651,2.400000095,unverified,extracted_unverified,false,false,c9e99fd370bca473c4f432f05e1cb278953817b37bb9fd406227e581639bb79d,,src/attack_timings.rs;docs/enemy-coverage.json;scripts/generate-attack-timings.py;scripts/attack_responses.py
c1700,200003017,0,1.166666627,1.333333373,parry,classified_estimate,false,false,c9e99fd370bca473c4f432f05e1cb278953817b37bb9fd406227e581639bb79d,,src/attack_timings.rs;docs/enemy-coverage.json;scripts/generate-attack-timings.py;scripts/attack_responses.py
c1700,200003022,0,0.899999976,1.033333302,unverified,extracted_unverified,false,false,c9e99fd370bca473c4f432f05e1cb278953817b37bb9fd406227e581639bb79d,,src/attack_timings.rs;docs/enemy-coverage.json;scripts/generate-attack-timings.py;scripts/attack_responses.py
c1700,200003022,1,2.266666651,2.400000095,unverified,extracted_unverified,false,false,c9e99fd370bca473c4f432f05e1cb278953817b37bb9fd406227e581639bb79d,,src/attack_timings.rs;docs/enemy-coverage.json;scripts/generate-attack-timings.py;scripts/attack_responses.py
c1700,300003006,0,1.333333373,1.433333278,unverified,extracted_unverified,false,false,c9e99fd370bca473c4f432f05e1cb278953817b37bb9fd406227e581639bb79d,,src/attack_timings.rs;docs/enemy-coverage.json;scripts/generate-attack-timings.py;scripts/attack_responses.py
c5000,3000,0,1.966666698,2.200000048,parry,classified_estimate,false,false,37980f422ed2faa58942d7eab4bc4a7ff51f2618f7e5afd4773f4965e47a654a,,src/attack_timings.rs;docs/enemy-coverage.json;scripts/generate-attack-timings.py;scripts/attack_responses.py
c5000,3001,0,3.299999952,3.599999905,unverified,extracted_unverified,false,false,37980f422ed2faa58942d7eab4bc4a7ff51f2618f7e5afd4773f4965e47a654a,,src/attack_timings.rs;docs/enemy-coverage.json;scripts/generate-attack-timings.py;scripts/attack_responses.py
c5000,3002,0,1.766666651,1.833333373,unverified,extracted_unverified,false,false,37980f422ed2faa58942d7eab4bc4a7ff51f2618f7e5afd4773f4965e47a654a,,src/attack_timings.rs;docs/enemy-coverage.json;scripts/generate-attack-timings.py;scripts/attack_responses.py
c5000,3003,0,1.200000048,1.366666675,parry,classified_estimate,false,false,37980f422ed2faa58942d7eab4bc4a7ff51f2618f7e5afd4773f4965e47a654a,,src/attack_timings.rs;docs/enemy-coverage.json;scripts/generate-attack-timings.py;scripts/attack_responses.py
c5000,3004,0,0.699999988,0.933333337,parry,classified_estimate,false,false,37980f422ed2faa58942d7eab4bc4a7ff51f2618f7e5afd4773f4965e47a654a,,src/attack_timings.rs;docs/enemy-coverage.json;scripts/generate-attack-timings.py;scripts/attack_responses.py
c5000,3005,0,0.899999976,1.333333373,unverified,extracted_unverified,false,false,37980f422ed2faa58942d7eab4bc4a7ff51f2618f7e5afd4773f4965e47a654a,,src/attack_timings.rs;docs/enemy-coverage.json;scripts/generate-attack-timings.py;scripts/attack_responses.py
c5000,3006,0,0.966666639,1.233333349,parry,classified_estimate,false,false,37980f422ed2faa58942d7eab4bc4a7ff51f2618f7e5afd4773f4965e47a654a,,src/attack_timings.rs;docs/enemy-coverage.json;scripts/generate-attack-timings.py;scripts/attack_responses.py
c5000,3007,0,0.633333325,1.100000024,unverified,extracted_unverified,false,false,37980f422ed2faa58942d7eab4bc4a7ff51f2618f7e5afd4773f4965e47a654a,,src/attack_timings.rs;docs/enemy-coverage.json;scripts/generate-attack-timings.py;scripts/attack_responses.py
c5000,3008,0,0.766666651,0.899999976,unverified,extracted_unverified,false,false,37980f422ed2faa58942d7eab4bc4a7ff51f2618f7e5afd4773f4965e47a654a,,src/attack_timings.rs;docs/enemy-coverage.json;scripts/generate-attack-timings.py;scripts/attack_responses.py
c5000,3009,0,0.933333337,1.033333302,unverified,extracted_unverified,false,false,37980f422ed2faa58942d7eab4bc4a7ff51f2618f7e5afd4773f4965e47a654a,,src/attack_timings.rs;docs/enemy-coverage.json;scripts/generate-attack-timings.py;scripts/attack_responses.py
c5000,3010,0,1.366666675,1.733333349,jump,classified_estimate,false,false,37980f422ed2faa58942d7eab4bc4a7ff51f2618f7e5afd4773f4965e47a654a,50000100;50001100,src/attack_timings.rs;docs/enemy-coverage.json;docs/response-coverage.json;scripts/generate-attack-timings.py;scripts/attack_responses.py
c5000,3011,0,1.100000024,1.399999976,unverified,extracted_unverified,false,false,37980f422ed2faa58942d7eab4bc4a7ff51f2618f7e5afd4773f4965e47a654a,,src/attack_timings.rs;docs/enemy-coverage.json;scripts/generate-attack-timings.py;scripts/attack_responses.py
c5000,3012,0,1.166666627,1.366666675,parry,classified_estimate,false,false,37980f422ed2faa58942d7eab4bc4a7ff51f2618f7e5afd4773f4965e47a654a,,src/attack_timings.rs;docs/enemy-coverage.json;scripts/generate-attack-timings.py;scripts/attack_responses.py
c5000,3013,0,0.766666651,0.966666639,parry,classified_estimate,false,false,37980f422ed2faa58942d7eab4bc4a7ff51f2618f7e5afd4773f4965e47a654a,,src/attack_timings.rs;docs/enemy-coverage.json;scripts/generate-attack-timings.py;scripts/attack_responses.py
c5000,3014,0,1.100000024,1.366666675,jump,classified_estimate,false,false,37980f422ed2faa58942d7eab4bc4a7ff51f2618f7e5afd4773f4965e47a654a,50000140;50001140,src/attack_timings.rs;docs/enemy-coverage.json;docs/response-coverage.json;scripts/generate-attack-timings.py;scripts/attack_responses.py
c5000,3015,0,0.966666639,1.200000048,unverified,extracted_unverified,false,false,37980f422ed2faa58942d7eab4bc4a7ff51f2618f7e5afd4773f4965e47a654a,,src/attack_timings.rs;docs/enemy-coverage.json;scripts/generate-attack-timings.py;scripts/attack_responses.py
c5000,3016,0,0.933333337,1.133333325,parry,classified_estimate,false,false,37980f422ed2faa58942d7eab4bc4a7ff51f2618f7e5afd4773f4965e47a654a,,src/attack_timings.rs;docs/enemy-coverage.json;scripts/generate-attack-timings.py;scripts/attack_responses.py
c5000,3018,0,0.733333349,0.899999976,parry,classified_estimate,false,false,37980f422ed2faa58942d7eab4bc4a7ff51f2618f7e5afd4773f4965e47a654a,,src/attack_timings.rs;docs/enemy-coverage.json;scripts/generate-attack-timings.py;scripts/attack_responses.py
c5000,3021,0,0.366666675,0.666666687,unverified,extracted_unverified,false,false,37980f422ed2faa58942d7eab4bc4a7ff51f2618f7e5afd4773f4965e47a654a,,src/attack_timings.rs;docs/enemy-coverage.json;scripts/generate-attack-timings.py;scripts/attack_responses.py
c5000,3022,0,1.133333325,1.366666675,unverified,extracted_unverified,false,false,37980f422ed2faa58942d7eab4bc4a7ff51f2618f7e5afd4773f4965e47a654a,,src/attack_timings.rs;docs/enemy-coverage.json;scripts/generate-attack-timings.py;scripts/attack_responses.py
c5000,3023,0,1.333333373,1.433333278,unverified,extracted_unverified,false,false,37980f422ed2faa58942d7eab4bc4a7ff51f2618f7e5afd4773f4965e47a654a,,src/attack_timings.rs;docs/enemy-coverage.json;scripts/generate-attack-timings.py;scripts/attack_responses.py
c5000,3024,0,1.133333325,1.399999976,unverified,extracted_unverified,false,false,37980f422ed2faa58942d7eab4bc4a7ff51f2618f7e5afd4773f4965e47a654a,,src/attack_timings.rs;docs/enemy-coverage.json;scripts/generate-attack-timings.py;scripts/attack_responses.py
c5000,3025,0,1.399999976,2.200000048,unverified,extracted_unverified,false,false,37980f422ed2faa58942d7eab4bc4a7ff51f2618f7e5afd4773f4965e47a654a,,src/attack_timings.rs;docs/enemy-coverage.json;scripts/generate-attack-timings.py;scripts/attack_responses.py
c5000,3026,0,1.166666627,1.433333278,unverified,extracted_unverified,false,false,37980f422ed2faa58942d7eab4bc4a7ff51f2618f7e5afd4773f4965e47a654a,,src/attack_timings.rs;docs/enemy-coverage.json;scripts/generate-attack-timings.py;scripts/attack_responses.py
c5000,3027,0,0.800000012,1.333333373,unverified,extracted_unverified,false,false,37980f422ed2faa58942d7eab4bc4a7ff51f2618f7e5afd4773f4965e47a654a,,src/attack_timings.rs;docs/enemy-coverage.json;scripts/generate-attack-timings.py;scripts/attack_responses.py
c5000,3028,0,0.733333349,1.033333302,unverified,extracted_unverified,false,false,37980f422ed2faa58942d7eab4bc4a7ff51f2618f7e5afd4773f4965e47a654a,,src/attack_timings.rs;docs/enemy-coverage.json;scripts/generate-attack-timings.py;scripts/attack_responses.py
c5000,3028,1,1.299999952,1.566666722,unverified,extracted_unverified,false,false,37980f422ed2faa58942d7eab4bc4a7ff51f2618f7e5afd4773f4965e47a654a,,src/attack_timings.rs;docs/enemy-coverage.json;scripts/generate-attack-timings.py;scripts/attack_responses.py
c5000,3029,0,0.400000006,0.666666687,unverified,extracted_unverified,false,false,37980f422ed2faa58942d7eab4bc4a7ff51f2618f7e5afd4773f4965e47a654a,,src/attack_timings.rs;docs/enemy-coverage.json;scripts/generate-attack-timings.py;scripts/attack_responses.py
c5000,3035,0,1.666666627,2.033333302,unverified,extracted_unverified,false,false,37980f422ed2faa58942d7eab4bc4a7ff51f2618f7e5afd4773f4965e47a654a,,src/attack_timings.rs;docs/enemy-coverage.json;scripts/generate-attack-timings.py;scripts/attack_responses.py
c5000,3035,1,2.333333254,2.700000048,unverified,extracted_unverified,false,false,37980f422ed2faa58942d7eab4bc4a7ff51f2618f7e5afd4773f4965e47a654a,,src/attack_timings.rs;docs/enemy-coverage.json;scripts/generate-attack-timings.py;scripts/attack_responses.py
c5000,3035,2,2.900000095,3.266666651,unverified,extracted_unverified,false,false,37980f422ed2faa58942d7eab4bc4a7ff51f2618f7e5afd4773f4965e47a654a,,src/attack_timings.rs;docs/enemy-coverage.json;scripts/generate-attack-timings.py;scripts/attack_responses.py
c5000,3036,0,0.533333361,0.800000012,parry,classified_estimate,false,false,37980f422ed2faa58942d7eab4bc4a7ff51f2618f7e5afd4773f4965e47a654a,,src/attack_timings.rs;docs/enemy-coverage.json;scripts/generate-attack-timings.py;scripts/attack_responses.py
c5000,3037,0,0.466666669,0.833333313,unverified,extracted_unverified,false,false,37980f422ed2faa58942d7eab4bc4a7ff51f2618f7e5afd4773f4965e47a654a,,src/attack_timings.rs;docs/enemy-coverage.json;scripts/generate-attack-timings.py;scripts/attack_responses.py
c5000,3038,0,1.366666675,1.533333302,unverified,extracted_unverified,false,false,37980f422ed2faa58942d7eab4bc4a7ff51f2618f7e5afd4773f4965e47a654a,,src/attack_timings.rs;docs/enemy-coverage.json;scripts/generate-attack-timings.py;scripts/attack_responses.py
c5000,3039,0,0.600000024,0.833333313,unverified,extracted_unverified,false,false,37980f422ed2faa58942d7eab4bc4a7ff51f2618f7e5afd4773f4965e47a654a,,src/attack_timings.rs;docs/enemy-coverage.json;scripts/generate-attack-timings.py;scripts/attack_responses.py
c5000,3050,0,0.533333361,0.866666675,unverified,extracted_unverified,false,false,37980f422ed2faa58942d7eab4bc4a7ff51f2618f7e5afd4773f4965e47a654a,,src/attack_timings.rs;docs/enemy-coverage.json;scripts/generate-attack-timings.py;scripts/attack_responses.py
c5000,3051,0,0.500000000,0.833333313,unverified,extracted_unverified,false,false,37980f422ed2faa58942d7eab4bc4a7ff51f2618f7e5afd4773f4965e47a654a,,src/attack_timings.rs;docs/enemy-coverage.json;scripts/generate-attack-timings.py;scripts/attack_responses.py
c5000,3055,0,0.533333361,0.866666675,unverified,extracted_unverified,false,false,37980f422ed2faa58942d7eab4bc4a7ff51f2618f7e5afd4773f4965e47a654a,,src/attack_timings.rs;docs/enemy-coverage.json;scripts/generate-attack-timings.py;scripts/attack_responses.py
c5000,3056,0,0.566666663,0.899999976,unverified,extracted_unverified,false,false,37980f422ed2faa58942d7eab4bc4a7ff51f2618f7e5afd4773f4965e47a654a,,src/attack_timings.rs;docs/enemy-coverage.json;scripts/generate-attack-timings.py;scripts/attack_responses.py
c5000,3060,0,0.733333349,1.000000000,unverified,extracted_unverified,false,false,37980f422ed2faa58942d7eab4bc4a7ff51f2618f7e5afd4773f4965e47a654a,,src/attack_timings.rs;docs/enemy-coverage.json;scripts/generate-attack-timings.py;scripts/attack_responses.py
c5000,3061,0,0.766666651,1.033333302,unverified,extracted_unverified,false,false,37980f422ed2faa58942d7eab4bc4a7ff51f2618f7e5afd4773f4965e47a654a,,src/attack_timings.rs;docs/enemy-coverage.json;scripts/generate-attack-timings.py;scripts/attack_responses.py
c5000,3062,0,0.899999976,1.200000048,unverified,extracted_unverified,false,false,37980f422ed2faa58942d7eab4bc4a7ff51f2618f7e5afd4773f4965e47a654a,,src/attack_timings.rs;docs/enemy-coverage.json;scripts/generate-attack-timings.py;scripts/attack_responses.py
c5000,3063,0,0.766666651,1.033333302,unverified,extracted_unverified,false,false,37980f422ed2faa58942d7eab4bc4a7ff51f2618f7e5afd4773f4965e47a654a,,src/attack_timings.rs;docs/enemy-coverage.json;scripts/generate-attack-timings.py;scripts/attack_responses.py
c5000,3063,1,1.299999952,1.566666722,unverified,extracted_unverified,false,false,37980f422ed2faa58942d7eab4bc4a7ff51f2618f7e5afd4773f4965e47a654a,,src/attack_timings.rs;docs/enemy-coverage.json;scripts/generate-attack-timings.py;scripts/attack_responses.py
c5000,3064,0,0.866666675,1.100000024,unverified,extracted_unverified,false,false,37980f422ed2faa58942d7eab4bc4a7ff51f2618f7e5afd4773f4965e47a654a,,src/attack_timings.rs;docs/enemy-coverage.json;scripts/generate-attack-timings.py;scripts/attack_responses.py
c5000,3064,1,2.266666651,2.433333397,unverified,extracted_unverified,false,false,37980f422ed2faa58942d7eab4bc4a7ff51f2618f7e5afd4773f4965e47a654a,,src/attack_timings.rs;docs/enemy-coverage.json;scripts/generate-attack-timings.py;scripts/attack_responses.py
c5000,3065,0,0.633333325,1.033333302,unverified,extracted_unverified,false,false,37980f422ed2faa58942d7eab4bc4a7ff51f2618f7e5afd4773f4965e47a654a,,src/attack_timings.rs;docs/enemy-coverage.json;scripts/generate-attack-timings.py;scripts/attack_responses.py
c5000,3066,0,0.666666687,0.966666639,unverified,extracted_unverified,false,false,37980f422ed2faa58942d7eab4bc4a7ff51f2618f7e5afd4773f4965e47a654a,,src/attack_timings.rs;docs/enemy-coverage.json;scripts/generate-attack-timings.py;scripts/attack_responses.py
c5000,3067,0,1.133333325,1.500000000,jump,classified_estimate,false,false,37980f422ed2faa58942d7eab4bc4a7ff51f2618f7e5afd4773f4965e47a654a,50000670;50001670,src/attack_timings.rs;docs/enemy-coverage.json;docs/response-coverage.json;scripts/generate-attack-timings.py;scripts/attack_responses.py
c5000,3069,0,1.166666627,1.433333278,unverified,extracted_unverified,false,false,37980f422ed2faa58942d7eab4bc4a7ff51f2618f7e5afd4773f4965e47a654a,,src/attack_timings.rs;docs/enemy-coverage.json;scripts/generate-attack-timings.py;scripts/attack_responses.py
c5000,3069,1,2.366666555,2.599999905,jump,classified_estimate,false,false,37980f422ed2faa58942d7eab4bc4a7ff51f2618f7e5afd4773f4965e47a654a,50000691;50001691,src/attack_timings.rs;docs/enemy-coverage.json;docs/response-coverage.json;scripts/generate-attack-timings.py;scripts/attack_responses.py
c5000,3069,2,3.133333445,3.333333254,unverified,extracted_unverified,false,false,37980f422ed2faa58942d7eab4bc4a7ff51f2618f7e5afd4773f4965e47a654a,,src/attack_timings.rs;docs/enemy-coverage.json;scripts/generate-attack-timings.py;scripts/attack_responses.py
c5000,3071,0,0.666666687,0.966666639,unverified,extracted_unverified,false,false,37980f422ed2faa58942d7eab4bc4a7ff51f2618f7e5afd4773f4965e47a654a,,src/attack_timings.rs;docs/enemy-coverage.json;scripts/generate-attack-timings.py;scripts/attack_responses.py
c5000,3072,0,0.899999976,1.200000048,unverified,extracted_unverified,false,false,37980f422ed2faa58942d7eab4bc4a7ff51f2618f7e5afd4773f4965e47a654a,,src/attack_timings.rs;docs/enemy-coverage.json;scripts/generate-attack-timings.py;scripts/attack_responses.py
c5000,3076,0,0.733333349,1.000000000,unverified,extracted_unverified,false,false,37980f422ed2faa58942d7eab4bc4a7ff51f2618f7e5afd4773f4965e47a654a,,src/attack_timings.rs;docs/enemy-coverage.json;scripts/generate-attack-timings.py;scripts/attack_responses.py
c5000,3077,0,0.899999976,1.066666722,unverified,extracted_unverified,false,false,37980f422ed2faa58942d7eab4bc4a7ff51f2618f7e5afd4773f4965e47a654a,,src/attack_timings.rs;docs/enemy-coverage.json;scripts/generate-attack-timings.py;scripts/attack_responses.py
c5000,20006,0,1.966666698,2.266666651,parry,classified_estimate,false,false,37980f422ed2faa58942d7eab4bc4a7ff51f2618f7e5afd4773f4965e47a654a,,src/attack_timings.rs;docs/enemy-coverage.json;scripts/generate-attack-timings.py;scripts/attack_responses.py
c5000,100003001,0,3.299999952,3.599999905,unverified,extracted_unverified,false,false,37980f422ed2faa58942d7eab4bc4a7ff51f2618f7e5afd4773f4965e47a654a,,src/attack_timings.rs;docs/enemy-coverage.json;scripts/generate-attack-timings.py;scripts/attack_responses.py
c5000,100003002,0,1.766666651,1.833333373,unverified,extracted_unverified,false,false,37980f422ed2faa58942d7eab4bc4a7ff51f2618f7e5afd4773f4965e47a654a,,src/attack_timings.rs;docs/enemy-coverage.json;scripts/generate-attack-timings.py;scripts/attack_responses.py
c5000,100003003,0,1.200000048,1.366666675,parry,classified_estimate,false,false,37980f422ed2faa58942d7eab4bc4a7ff51f2618f7e5afd4773f4965e47a654a,,src/attack_timings.rs;docs/enemy-coverage.json;scripts/generate-attack-timings.py;scripts/attack_responses.py
c5000,100003004,0,0.666666687,0.933333337,parry,classified_estimate,false,false,37980f422ed2faa58942d7eab4bc4a7ff51f2618f7e5afd4773f4965e47a654a,,src/attack_timings.rs;docs/enemy-coverage.json;scripts/generate-attack-timings.py;scripts/attack_responses.py
c5000,100003005,0,0.933333337,1.333333373,unverified,extracted_unverified,false,false,37980f422ed2faa58942d7eab4bc4a7ff51f2618f7e5afd4773f4965e47a654a,,src/attack_timings.rs;docs/enemy-coverage.json;scripts/generate-attack-timings.py;scripts/attack_responses.py
c5000,100003007,0,0.633333325,0.933333337,unverified,extracted_unverified,false,false,37980f422ed2faa58942d7eab4bc4a7ff51f2618f7e5afd4773f4965e47a654a,,src/attack_timings.rs;docs/enemy-coverage.json;scripts/generate-attack-timings.py;scripts/attack_responses.py
c5000,100003008,0,0.766666651,0.866666675,unverified,extracted_unverified,false,false,37980f422ed2faa58942d7eab4bc4a7ff51f2618f7e5afd4773f4965e47a654a,,src/attack_timings.rs;docs/enemy-coverage.json;scripts/generate-attack-timings.py;scripts/attack_responses.py
c5000,100003009,0,0.933333337,1.033333302,unverified,extracted_unverified,false,false,37980f422ed2faa58942d7eab4bc4a7ff51f2618f7e5afd4773f4965e47a654a,,src/attack_timings.rs;docs/enemy-coverage.json;scripts/generate-attack-timings.py;scripts/attack_responses.py
c5000,100003021,0,0.366666675,0.666666687,unverified,extracted_unverified,false,false,37980f422ed2faa58942d7eab4bc4a7ff51f2618f7e5afd4773f4965e47a654a,,src/attack_timings.rs;docs/enemy-coverage.json;scripts/generate-attack-timings.py;scripts/attack_responses.py
c5000,100003022,0,1.166666627,1.366666675,unverified,extracted_unverified,false,false,37980f422ed2faa58942d7eab4bc4a7ff51f2618f7e5afd4773f4965e47a654a,,src/attack_timings.rs;docs/enemy-coverage.json;scripts/generate-attack-timings.py;scripts/attack_responses.py
c5000,100003024,0,1.133333325,1.399999976,unverified,extracted_unverified,false,false,37980f422ed2faa58942d7eab4bc4a7ff51f2618f7e5afd4773f4965e47a654a,,src/attack_timings.rs;docs/enemy-coverage.json;scripts/generate-attack-timings.py;scripts/attack_responses.py
c5000,100003025,0,1.399999976,2.200000048,unverified,extracted_unverified,false,false,37980f422ed2faa58942d7eab4bc4a7ff51f2618f7e5afd4773f4965e47a654a,,src/attack_timings.rs;docs/enemy-coverage.json;scripts/generate-attack-timings.py;scripts/attack_responses.py
c5000,100003026,0,1.166666627,1.433333278,unverified,extracted_unverified,false,false,37980f422ed2faa58942d7eab4bc4a7ff51f2618f7e5afd4773f4965e47a654a,,src/attack_timings.rs;docs/enemy-coverage.json;scripts/generate-attack-timings.py;scripts/attack_responses.py
c5000,100003027,0,0.800000012,1.333333373,unverified,extracted_unverified,false,false,37980f422ed2faa58942d7eab4bc4a7ff51f2618f7e5afd4773f4965e47a654a,,src/attack_timings.rs;docs/enemy-coverage.json;scripts/generate-attack-timings.py;scripts/attack_responses.py
c5000,100003035,0,1.666666627,2.033333302,unverified,extracted_unverified,false,false,37980f422ed2faa58942d7eab4bc4a7ff51f2618f7e5afd4773f4965e47a654a,,src/attack_timings.rs;docs/enemy-coverage.json;scripts/generate-attack-timings.py;scripts/attack_responses.py
c5000,100003035,1,2.333333254,2.700000048,unverified,extracted_unverified,false,false,37980f422ed2faa58942d7eab4bc4a7ff51f2618f7e5afd4773f4965e47a654a,,src/attack_timings.rs;docs/enemy-coverage.json;scripts/generate-attack-timings.py;scripts/attack_responses.py
c5000,100003035,2,2.900000095,3.266666651,unverified,extracted_unverified,false,false,37980f422ed2faa58942d7eab4bc4a7ff51f2618f7e5afd4773f4965e47a654a,,src/attack_timings.rs;docs/enemy-coverage.json;scripts/generate-attack-timings.py;scripts/attack_responses.py
c5000,100003036,0,0.533333361,0.800000012,unverified,extracted_unverified,false,false,37980f422ed2faa58942d7eab4bc4a7ff51f2618f7e5afd4773f4965e47a654a,,src/attack_timings.rs;docs/enemy-coverage.json;scripts/generate-attack-timings.py;scripts/attack_responses.py
c5000,100003037,0,0.466666669,0.833333313,unverified,extracted_unverified,false,false,37980f422ed2faa58942d7eab4bc4a7ff51f2618f7e5afd4773f4965e47a654a,,src/attack_timings.rs;docs/enemy-coverage.json;scripts/generate-attack-timings.py;scripts/attack_responses.py
c5000,100003038,0,1.366666675,1.533333302,unverified,extracted_unverified,false,false,37980f422ed2faa58942d7eab4bc4a7ff51f2618f7e5afd4773f4965e47a654a,,src/attack_timings.rs;docs/enemy-coverage.json;scripts/generate-attack-timings.py;scripts/attack_responses.py
c5000,100003039,0,1.166666627,1.433333278,jump,classified_estimate,false,false,37980f422ed2faa58942d7eab4bc4a7ff51f2618f7e5afd4773f4965e47a654a,50000390,src/attack_timings.rs;docs/enemy-coverage.json;docs/response-coverage.json;scripts/generate-attack-timings.py;scripts/attack_responses.py
c5000,100003050,0,0.533333361,0.866666675,unverified,extracted_unverified,false,false,37980f422ed2faa58942d7eab4bc4a7ff51f2618f7e5afd4773f4965e47a654a,,src/attack_timings.rs;docs/enemy-coverage.json;scripts/generate-attack-timings.py;scripts/attack_responses.py
c5000,100003051,0,0.500000000,0.833333313,unverified,extracted_unverified,false,false,37980f422ed2faa58942d7eab4bc4a7ff51f2618f7e5afd4773f4965e47a654a,,src/attack_timings.rs;docs/enemy-coverage.json;scripts/generate-attack-timings.py;scripts/attack_responses.py
c5000,100003055,0,0.566666663,0.866666675,unverified,extracted_unverified,false,false,37980f422ed2faa58942d7eab4bc4a7ff51f2618f7e5afd4773f4965e47a654a,,src/attack_timings.rs;docs/enemy-coverage.json;scripts/generate-attack-timings.py;scripts/attack_responses.py
c5000,100003056,0,0.633333325,0.899999976,unverified,extracted_unverified,false,false,37980f422ed2faa58942d7eab4bc4a7ff51f2618f7e5afd4773f4965e47a654a,,src/attack_timings.rs;docs/enemy-coverage.json;scripts/generate-attack-timings.py;scripts/attack_responses.py
c5000,100003060,0,0.733333349,1.000000000,unverified,extracted_unverified,false,false,37980f422ed2faa58942d7eab4bc4a7ff51f2618f7e5afd4773f4965e47a654a,,src/attack_timings.rs;docs/enemy-coverage.json;scripts/generate-attack-timings.py;scripts/attack_responses.py
c5000,100003061,0,0.733333349,1.033333302,unverified,extracted_unverified,false,false,37980f422ed2faa58942d7eab4bc4a7ff51f2618f7e5afd4773f4965e47a654a,,src/attack_timings.rs;docs/enemy-coverage.json;scripts/generate-attack-timings.py;scripts/attack_responses.py
c5000,100003062,0,0.933333337,1.200000048,unverified,extracted_unverified,false,false,37980f422ed2faa58942d7eab4bc4a7ff51f2618f7e5afd4773f4965e47a654a,,src/attack_timings.rs;docs/enemy-coverage.json;scripts/generate-attack-timings.py;scripts/attack_responses.py
c5000,100003063,0,0.833333313,1.033333302,unverified,extracted_unverified,false,false,37980f422ed2faa58942d7eab4bc4a7ff51f2618f7e5afd4773f4965e47a654a,,src/attack_timings.rs;docs/enemy-coverage.json;scripts/generate-attack-timings.py;scripts/attack_responses.py
c5000,100003063,1,1.299999952,1.566666722,unverified,extracted_unverified,false,false,37980f422ed2faa58942d7eab4bc4a7ff51f2618f7e5afd4773f4965e47a654a,,src/attack_timings.rs;docs/enemy-coverage.json;scripts/generate-attack-timings.py;scripts/attack_responses.py
c5000,100003064,0,0.833333313,1.133333325,unverified,extracted_unverified,false,false,37980f422ed2faa58942d7eab4bc4a7ff51f2618f7e5afd4773f4965e47a654a,,src/attack_timings.rs;docs/enemy-coverage.json;scripts/generate-attack-timings.py;scripts/attack_responses.py
c5000,100003064,1,2.266666651,2.500000000,unverified,extracted_unverified,false,false,37980f422ed2faa58942d7eab4bc4a7ff51f2618f7e5afd4773f4965e47a654a,,src/attack_timings.rs;docs/enemy-coverage.json;scripts/generate-attack-timings.py;scripts/attack_responses.py
c5000,100003065,0,0.733333349,1.033333302,unverified,extracted_unverified,false,false,37980f422ed2faa58942d7eab4bc4a7ff51f2618f7e5afd4773f4965e47a654a,,src/attack_timings.rs;docs/enemy-coverage.json;scripts/generate-attack-timings.py;scripts/attack_responses.py
c5000,100003066,0,0.733333349,1.033333302,unverified,extracted_unverified,false,false,37980f422ed2faa58942d7eab4bc4a7ff51f2618f7e5afd4773f4965e47a654a,,src/attack_timings.rs;docs/enemy-coverage.json;scripts/generate-attack-timings.py;scripts/attack_responses.py
c5000,100003067,0,1.100000024,1.466666698,jump,classified_estimate,false,false,37980f422ed2faa58942d7eab4bc4a7ff51f2618f7e5afd4773f4965e47a654a,50000675,src/attack_timings.rs;docs/enemy-coverage.json;docs/response-coverage.json;scripts/generate-attack-timings.py;scripts/attack_responses.py
c5000,100003068,0,0.766666651,1.000000000,unverified,extracted_unverified,false,false,37980f422ed2faa58942d7eab4bc4a7ff51f2618f7e5afd4773f4965e47a654a,,src/attack_timings.rs;docs/enemy-coverage.json;scripts/generate-attack-timings.py;scripts/attack_responses.py
c5000,100003068,1,1.466666698,1.700000048,unverified,extracted_unverified,false,false,37980f422ed2faa58942d7eab4bc4a7ff51f2618f7e5afd4773f4965e47a654a,,src/attack_timings.rs;docs/enemy-coverage.json;scripts/generate-attack-timings.py;scripts/attack_responses.py
c5000,100003068,2,2.599999905,2.833333254,unverified,extracted_unverified,false,false,37980f422ed2faa58942d7eab4bc4a7ff51f2618f7e5afd4773f4965e47a654a,,src/attack_timings.rs;docs/enemy-coverage.json;scripts/generate-attack-timings.py;scripts/attack_responses.py
c5000,100003069,0,1.200000048,1.433333278,unverified,extracted_unverified,false,false,37980f422ed2faa58942d7eab4bc4a7ff51f2618f7e5afd4773f4965e47a654a,,src/attack_timings.rs;docs/enemy-coverage.json;scripts/generate-attack-timings.py;scripts/attack_responses.py
c5000,100003069,1,2.366666555,2.599999905,jump,classified_estimate,false,false,37980f422ed2faa58942d7eab4bc4a7ff51f2618f7e5afd4773f4965e47a654a,50000696,src/attack_timings.rs;docs/enemy-coverage.json;docs/response-coverage.json;scripts/generate-attack-timings.py;scripts/attack_responses.py
c5000,100003069,2,3.133333445,3.333333254,unverified,extracted_unverified,false,false,37980f422ed2faa58942d7eab4bc4a7ff51f2618f7e5afd4773f4965e47a654a,,src/attack_timings.rs;docs/enemy-coverage.json;scripts/generate-attack-timings.py;scripts/attack_responses.py
c5000,200003001,0,3.299999952,3.599999905,unverified,extracted_unverified,false,false,37980f422ed2faa58942d7eab4bc4a7ff51f2618f7e5afd4773f4965e47a654a,,src/attack_timings.rs;docs/enemy-coverage.json;scripts/generate-attack-timings.py;scripts/attack_responses.py
c5000,200003003,0,1.200000048,1.366666675,unverified,extracted_unverified,false,false,37980f422ed2faa58942d7eab4bc4a7ff51f2618f7e5afd4773f4965e47a654a,,src/attack_timings.rs;docs/enemy-coverage.json;scripts/generate-attack-timings.py;scripts/attack_responses.py
c5000,200003006,0,1.000000000,1.233333349,unverified,extracted_unverified,false,false,37980f422ed2faa58942d7eab4bc4a7ff51f2618f7e5afd4773f4965e47a654a,,src/attack_timings.rs;docs/enemy-coverage.json;scripts/generate-attack-timings.py;scripts/attack_responses.py
c5000,200003011,0,1.166666627,1.399999976,unverified,extracted_unverified,false,false,37980f422ed2faa58942d7eab4bc4a7ff51f2618f7e5afd4773f4965e47a654a,,src/attack_timings.rs;docs/enemy-coverage.json;scripts/generate-attack-timings.py;scripts/attack_responses.py
c5000,200003013,0,0.833333313,1.033333302,unverified,extracted_unverified,false,false,37980f422ed2faa58942d7eab4bc4a7ff51f2618f7e5afd4773f4965e47a654a,,src/attack_timings.rs;docs/enemy-coverage.json;scripts/generate-attack-timings.py;scripts/attack_responses.py
c5000,200003021,0,0.366666675,0.666666687,unverified,extracted_unverified,false,false,37980f422ed2faa58942d7eab4bc4a7ff51f2618f7e5afd4773f4965e47a654a,,src/attack_timings.rs;docs/enemy-coverage.json;scripts/generate-attack-timings.py;scripts/attack_responses.py
c5000,200003022,0,1.166666627,1.366666675,unverified,extracted_unverified,false,false,37980f422ed2faa58942d7eab4bc4a7ff51f2618f7e5afd4773f4965e47a654a,,src/attack_timings.rs;docs/enemy-coverage.json;scripts/generate-attack-timings.py;scripts/attack_responses.py
c5000,200003023,0,1.333333373,1.399999976,unverified,extracted_unverified,false,false,37980f422ed2faa58942d7eab4bc4a7ff51f2618f7e5afd4773f4965e47a654a,,src/attack_timings.rs;docs/enemy-coverage.json;scripts/generate-attack-timings.py;scripts/attack_responses.py
c5000,200003024,0,1.133333325,1.399999976,unverified,extracted_unverified,false,false,37980f422ed2faa58942d7eab4bc4a7ff51f2618f7e5afd4773f4965e47a654a,,src/attack_timings.rs;docs/enemy-coverage.json;scripts/generate-attack-timings.py;scripts/attack_responses.py
c5000,200003025,0,1.399999976,2.200000048,unverified,extracted_unverified,false,false,37980f422ed2faa58942d7eab4bc4a7ff51f2618f7e5afd4773f4965e47a654a,,src/attack_timings.rs;docs/enemy-coverage.json;scripts/generate-attack-timings.py;scripts/attack_responses.py
c5000,200003026,0,1.166666627,1.433333278,unverified,extracted_unverified,false,false,37980f422ed2faa58942d7eab4bc4a7ff51f2618f7e5afd4773f4965e47a654a,,src/attack_timings.rs;docs/enemy-coverage.json;scripts/generate-attack-timings.py;scripts/attack_responses.py
c5000,200003035,0,1.666666627,2.033333302,unverified,extracted_unverified,false,false,37980f422ed2faa58942d7eab4bc4a7ff51f2618f7e5afd4773f4965e47a654a,,src/attack_timings.rs;docs/enemy-coverage.json;scripts/generate-attack-timings.py;scripts/attack_responses.py
c5000,200003035,1,2.333333254,2.700000048,unverified,extracted_unverified,false,false,37980f422ed2faa58942d7eab4bc4a7ff51f2618f7e5afd4773f4965e47a654a,,src/attack_timings.rs;docs/enemy-coverage.json;scripts/generate-attack-timings.py;scripts/attack_responses.py
c5000,200003035,2,2.900000095,3.266666651,unverified,extracted_unverified,false,false,37980f422ed2faa58942d7eab4bc4a7ff51f2618f7e5afd4773f4965e47a654a,,src/attack_timings.rs;docs/enemy-coverage.json;scripts/generate-attack-timings.py;scripts/attack_responses.py
c5000,200003036,0,0.533333361,0.800000012,unverified,extracted_unverified,false,false,37980f422ed2faa58942d7eab4bc4a7ff51f2618f7e5afd4773f4965e47a654a,,src/attack_timings.rs;docs/enemy-coverage.json;scripts/generate-attack-timings.py;scripts/attack_responses.py
c5000,200003037,0,0.466666669,0.833333313,unverified,extracted_unverified,false,false,37980f422ed2faa58942d7eab4bc4a7ff51f2618f7e5afd4773f4965e47a654a,,src/attack_timings.rs;docs/enemy-coverage.json;scripts/generate-attack-timings.py;scripts/attack_responses.py
c5010,100012900,0,4.133333206,6.900000095,unverified,extracted_unverified,false,false,57b02c89d714c4b27d75bd52d892ee11666f65dfff4702ff481cb9b02b24c99d,,src/attack_timings.rs;docs/enemy-coverage.json;scripts/generate-attack-timings.py;scripts/attack_responses.py
c5010,100020001,0,0.000000000,2.000000000,unverified,extracted_unverified,false,false,57b02c89d714c4b27d75bd52d892ee11666f65dfff4702ff481cb9b02b24c99d,,src/attack_timings.rs;docs/enemy-coverage.json;scripts/generate-attack-timings.py;scripts/attack_responses.py
c5010,100020003,0,4.133333206,6.900000095,unverified,extracted_unverified,false,false,57b02c89d714c4b27d75bd52d892ee11666f65dfff4702ff481cb9b02b24c99d,,src/attack_timings.rs;docs/enemy-coverage.json;scripts/generate-attack-timings.py;scripts/attack_responses.py
c5010,100020004,0,0.000000000,0.833333313,unverified,extracted_unverified,false,false,57b02c89d714c4b27d75bd52d892ee11666f65dfff4702ff481cb9b02b24c99d,,src/attack_timings.rs;docs/enemy-coverage.json;scripts/generate-attack-timings.py;scripts/attack_responses.py
c5010,100020004,1,2.833333254,3.333333254,unverified,extracted_unverified,false,false,57b02c89d714c4b27d75bd52d892ee11666f65dfff4702ff481cb9b02b24c99d,,src/attack_timings.rs;docs/enemy-coverage.json;scripts/generate-attack-timings.py;scripts/attack_responses.py
c5010,100020004,2,5.933333397,6.833333492,unverified,extracted_unverified,false,false,57b02c89d714c4b27d75bd52d892ee11666f65dfff4702ff481cb9b02b24c99d,,src/attack_timings.rs;docs/enemy-coverage.json;scripts/generate-attack-timings.py;scripts/attack_responses.py
c5010,100020005,0,0.000000000,3.466666698,unverified,extracted_unverified,false,false,57b02c89d714c4b27d75bd52d892ee11666f65dfff4702ff481cb9b02b24c99d,,src/attack_timings.rs;docs/enemy-coverage.json;scripts/generate-attack-timings.py;scripts/attack_responses.py
c5010,100020021,0,0.000000000,2.666666746,unverified,extracted_unverified,false,false,57b02c89d714c4b27d75bd52d892ee11666f65dfff4702ff481cb9b02b24c99d,,src/attack_timings.rs;docs/enemy-coverage.json;scripts/generate-attack-timings.py;scripts/attack_responses.py
c5010,100020026,0,0.000000000,3.466666698,unverified,extracted_unverified,false,false,57b02c89d714c4b27d75bd52d892ee11666f65dfff4702ff481cb9b02b24c99d,,src/attack_timings.rs;docs/enemy-coverage.json;scripts/generate-attack-timings.py;scripts/attack_responses.py
c5010,100020028,0,0.000000000,1.600000024,unverified,extracted_unverified,false,false,57b02c89d714c4b27d75bd52d892ee11666f65dfff4702ff481cb9b02b24c99d,,src/attack_timings.rs;docs/enemy-coverage.json;scripts/generate-attack-timings.py;scripts/attack_responses.py
c5010,100020030,0,0.000000000,2.000000000,unverified,extracted_unverified,false,false,57b02c89d714c4b27d75bd52d892ee11666f65dfff4702ff481cb9b02b24c99d,,src/attack_timings.rs;docs/enemy-coverage.json;scripts/generate-attack-timings.py;scripts/attack_responses.py
c5010,100020031,0,0.000000000,2.000000000,unverified,extracted_unverified,false,false,57b02c89d714c4b27d75bd52d892ee11666f65dfff4702ff481cb9b02b24c99d,,src/attack_timings.rs;docs/enemy-coverage.json;scripts/generate-attack-timings.py;scripts/attack_responses.py
c5010,100020032,0,0.000000000,1.833333373,unverified,extracted_unverified,false,false,57b02c89d714c4b27d75bd52d892ee11666f65dfff4702ff481cb9b02b24c99d,,src/attack_timings.rs;docs/enemy-coverage.json;scripts/generate-attack-timings.py;scripts/attack_responses.py
c5010,100020033,0,0.000000000,1.666666627,unverified,extracted_unverified,false,false,57b02c89d714c4b27d75bd52d892ee11666f65dfff4702ff481cb9b02b24c99d,,src/attack_timings.rs;docs/enemy-coverage.json;scripts/generate-attack-timings.py;scripts/attack_responses.py
c5010,100020034,0,0.000000000,1.500000000,unverified,extracted_unverified,false,false,57b02c89d714c4b27d75bd52d892ee11666f65dfff4702ff481cb9b02b24c99d,,src/attack_timings.rs;docs/enemy-coverage.json;scripts/generate-attack-timings.py;scripts/attack_responses.py
c5010,100020035,0,0.000000000,2.033333302,unverified,extracted_unverified,false,false,57b02c89d714c4b27d75bd52d892ee11666f65dfff4702ff481cb9b02b24c99d,,src/attack_timings.rs;docs/enemy-coverage.json;scripts/generate-attack-timings.py;scripts/attack_responses.py
c5010,100020036,0,0.000000000,1.833333373,unverified,extracted_unverified,false,false,57b02c89d714c4b27d75bd52d892ee11666f65dfff4702ff481cb9b02b24c99d,,src/attack_timings.rs;docs/enemy-coverage.json;scripts/generate-attack-timings.py;scripts/attack_responses.py
c5010,100020037,0,0.000000000,3.466666698,unverified,extracted_unverified,false,false,57b02c89d714c4b27d75bd52d892ee11666f65dfff4702ff481cb9b02b24c99d,,src/attack_timings.rs;docs/enemy-coverage.json;scripts/generate-attack-timings.py;scripts/attack_responses.py
c5010,100020038,0,0.000000000,2.166666746,unverified,extracted_unverified,false,false,57b02c89d714c4b27d75bd52d892ee11666f65dfff4702ff481cb9b02b24c99d,,src/attack_timings.rs;docs/enemy-coverage.json;scripts/generate-attack-timings.py;scripts/attack_responses.py
c5010,100020039,0,0.000000000,2.666666746,unverified,extracted_unverified,false,false,57b02c89d714c4b27d75bd52d892ee11666f65dfff4702ff481cb9b02b24c99d,,src/attack_timings.rs;docs/enemy-coverage.json;scripts/generate-attack-timings.py;scripts/attack_responses.py
c5010,100021003,0,0.000000000,3.333333254,unverified,extracted_unverified,false,false,57b02c89d714c4b27d75bd52d892ee11666f65dfff4702ff481cb9b02b24c99d,,src/attack_timings.rs;docs/enemy-coverage.json;scripts/generate-attack-timings.py;scripts/attack_responses.py
c5010,200020005,0,2.233333349,3.400000095,unverified,extracted_unverified,false,false,57b02c89d714c4b27d75bd52d892ee11666f65dfff4702ff481cb9b02b24c99d,,src/attack_timings.rs;docs/enemy-coverage.json;scripts/generate-attack-timings.py;scripts/attack_responses.py
c5010,200020006,0,0.000000000,1.500000000,unverified,extracted_unverified,false,false,57b02c89d714c4b27d75bd52d892ee11666f65dfff4702ff481cb9b02b24c99d,,src/attack_timings.rs;docs/enemy-coverage.json;scripts/generate-attack-timings.py;scripts/attack_responses.py
c5010,200020007,0,1.100000024,2.333333254,unverified,extracted_unverified,false,false,57b02c89d714c4b27d75bd52d892ee11666f65dfff4702ff481cb9b02b24c99d,,src/attack_timings.rs;docs/enemy-coverage.json;scripts/generate-attack-timings.py;scripts/attack_responses.py
c5010,200020007,1,3.033333302,3.966666698,unverified,extracted_unverified,false,false,57b02c89d714c4b27d75bd52d892ee11666f65dfff4702ff481cb9b02b24c99d,,src/attack_timings.rs;docs/enemy-coverage.json;scripts/generate-attack-timings.py;scripts/attack_responses.py
c5010,200020008,0,0.000000000,4.466666698,unverified,extracted_unverified,false,false,57b02c89d714c4b27d75bd52d892ee11666f65dfff4702ff481cb9b02b24c99d,,src/attack_timings.rs;docs/enemy-coverage.json;scripts/generate-attack-timings.py;scripts/attack_responses.py
c5010,200020011,0,0.000000000,3.466666698,unverified,extracted_unverified,false,false,57b02c89d714c4b27d75bd52d892ee11666f65dfff4702ff481cb9b02b24c99d,,src/attack_timings.rs;docs/enemy-coverage.json;scripts/generate-attack-timings.py;scripts/attack_responses.py
c5010,200020012,0,0.000000000,3.466666698,unverified,extracted_unverified,false,false,57b02c89d714c4b27d75bd52d892ee11666f65dfff4702ff481cb9b02b24c99d,,src/attack_timings.rs;docs/enemy-coverage.json;scripts/generate-attack-timings.py;scripts/attack_responses.py
c5010,200020013,0,0.200000003,0.766666651,unverified,extracted_unverified,false,false,57b02c89d714c4b27d75bd52d892ee11666f65dfff4702ff481cb9b02b24c99d,,src/attack_timings.rs;docs/enemy-coverage.json;scripts/generate-attack-timings.py;scripts/attack_responses.py
c5010,200020014,0,0.733333349,1.299999952,unverified,extracted_unverified,false,false,57b02c89d714c4b27d75bd52d892ee11666f65dfff4702ff481cb9b02b24c99d,,src/attack_timings.rs;docs/enemy-coverage.json;scripts/generate-attack-timings.py;scripts/attack_responses.py
c5010,200020015,0,1.233333349,2.766666651,unverified,extracted_unverified,false,false,57b02c89d714c4b27d75bd52d892ee11666f65dfff4702ff481cb9b02b24c99d,,src/attack_timings.rs;docs/enemy-coverage.json;scripts/generate-attack-timings.py;scripts/attack_responses.py
c5010,200020016,0,0.866666675,2.900000095,unverified,extracted_unverified,false,false,57b02c89d714c4b27d75bd52d892ee11666f65dfff4702ff481cb9b02b24c99d,,src/attack_timings.rs;docs/enemy-coverage.json;scripts/generate-attack-timings.py;scripts/attack_responses.py
c5010,200020017,0,0.000000000,3.566666603,unverified,extracted_unverified,false,false,57b02c89d714c4b27d75bd52d892ee11666f65dfff4702ff481cb9b02b24c99d,,src/attack_timings.rs;docs/enemy-coverage.json;scripts/generate-attack-timings.py;scripts/attack_responses.py
c5010,200020018,0,0.899999976,1.299999952,unverified,extracted_unverified,false,false,57b02c89d714c4b27d75bd52d892ee11666f65dfff4702ff481cb9b02b24c99d,,src/attack_timings.rs;docs/enemy-coverage.json;scripts/generate-attack-timings.py;scripts/attack_responses.py
c5010,200020021,0,0.000000000,3.466666698,unverified,extracted_unverified,false,false,57b02c89d714c4b27d75bd52d892ee11666f65dfff4702ff481cb9b02b24c99d,,src/attack_timings.rs;docs/enemy-coverage.json;scripts/generate-attack-timings.py;scripts/attack_responses.py
c5010,200020022,0,0.000000000,3.466666698,unverified,extracted_unverified,false,false,57b02c89d714c4b27d75bd52d892ee11666f65dfff4702ff481cb9b02b24c99d,,src/attack_timings.rs;docs/enemy-coverage.json;scripts/generate-attack-timings.py;scripts/attack_responses.py
c5010,200020026,0,0.000000000,2.166666746,unverified,extracted_unverified,false,false,57b02c89d714c4b27d75bd52d892ee11666f65dfff4702ff481cb9b02b24c99d,,src/attack_timings.rs;docs/enemy-coverage.json;scripts/generate-attack-timings.py;scripts/attack_responses.py
c5010,200020030,0,0.800000012,0.966666639,unverified,extracted_unverified,false,false,57b02c89d714c4b27d75bd52d892ee11666f65dfff4702ff481cb9b02b24c99d,,src/attack_timings.rs;docs/enemy-coverage.json;scripts/generate-attack-timings.py;scripts/attack_responses.py
c5010,200020030,1,1.700000048,1.966666698,unverified,extracted_unverified,false,false,57b02c89d714c4b27d75bd52d892ee11666f65dfff4702ff481cb9b02b24c99d,,src/attack_timings.rs;docs/enemy-coverage.json;scripts/generate-attack-timings.py;scripts/attack_responses.py
c5010,200020035,0,0.600000024,1.033333302,unverified,extracted_unverified,false,false,57b02c89d714c4b27d75bd52d892ee11666f65dfff4702ff481cb9b02b24c99d,,src/attack_timings.rs;docs/enemy-coverage.json;scripts/generate-attack-timings.py;scripts/attack_responses.py
c5010,200020035,1,2.133333445,2.966666698,unverified,extracted_unverified,false,false,57b02c89d714c4b27d75bd52d892ee11666f65dfff4702ff481cb9b02b24c99d,,src/attack_timings.rs;docs/enemy-coverage.json;scripts/generate-attack-timings.py;scripts/attack_responses.py
c5010,200020036,0,0.500000000,1.033333302,unverified,extracted_unverified,false,false,57b02c89d714c4b27d75bd52d892ee11666f65dfff4702ff481cb9b02b24c99d,,src/attack_timings.rs;docs/enemy-coverage.json;scripts/generate-attack-timings.py;scripts/attack_responses.py
c5010,200020036,1,2.200000048,2.966666698,unverified,extracted_unverified,false,false,57b02c89d714c4b27d75bd52d892ee11666f65dfff4702ff481cb9b02b24c99d,,src/attack_timings.rs;docs/enemy-coverage.json;scripts/generate-attack-timings.py;scripts/attack_responses.py
c5010,200020037,0,0.000000000,3.566666603,unverified,extracted_unverified,false,false,57b02c89d714c4b27d75bd52d892ee11666f65dfff4702ff481cb9b02b24c99d,,src/attack_timings.rs;docs/enemy-coverage.json;scripts/generate-attack-timings.py;scripts/attack_responses.py
c5010,300020011,0,0.333333343,4.800000191,unverified,extracted_unverified,false,false,57b02c89d714c4b27d75bd52d892ee11666f65dfff4702ff481cb9b02b24c99d,,src/attack_timings.rs;docs/enemy-coverage.json;scripts/generate-attack-timings.py;scripts/attack_responses.py
c5010,300020015,0,0.766666651,1.299999952,unverified,extracted_unverified,false,false,57b02c89d714c4b27d75bd52d892ee11666f65dfff4702ff481cb9b02b24c99d,,src/attack_timings.rs;docs/enemy-coverage.json;scripts/generate-attack-timings.py;scripts/attack_responses.py
c5010,300020017,0,1.066666722,1.933333278,unverified,extracted_unverified,false,false,57b02c89d714c4b27d75bd52d892ee11666f65dfff4702ff481cb9b02b24c99d,,src/attack_timings.rs;docs/enemy-coverage.json;scripts/generate-attack-timings.py;scripts/attack_responses.py
c5010,300020017,1,3.099999905,4.133333206,unverified,extracted_unverified,false,false,57b02c89d714c4b27d75bd52d892ee11666f65dfff4702ff481cb9b02b24c99d,,src/attack_timings.rs;docs/enemy-coverage.json;scripts/generate-attack-timings.py;scripts/attack_responses.py
c5010,300020017,2,4.933333397,5.433333397,unverified,extracted_unverified,false,false,57b02c89d714c4b27d75bd52d892ee11666f65dfff4702ff481cb9b02b24c99d,,src/attack_timings.rs;docs/enemy-coverage.json;scripts/generate-attack-timings.py;scripts/attack_responses.py
c5010,300020019,0,1.733333349,1.966666698,unverified,extracted_unverified,false,false,57b02c89d714c4b27d75bd52d892ee11666f65dfff4702ff481cb9b02b24c99d,,src/attack_timings.rs;docs/enemy-coverage.json;scripts/generate-attack-timings.py;scripts/attack_responses.py
c5010,300020020,0,2.000000000,2.266666651,unverified,extracted_unverified,false,false,57b02c89d714c4b27d75bd52d892ee11666f65dfff4702ff481cb9b02b24c99d,,src/attack_timings.rs;docs/enemy-coverage.json;scripts/generate-attack-timings.py;scripts/attack_responses.py
c5010,300020022,0,0.666666687,0.933333337,unverified,extracted_unverified,false,false,57b02c89d714c4b27d75bd52d892ee11666f65dfff4702ff481cb9b02b24c99d,,src/attack_timings.rs;docs/enemy-coverage.json;scripts/generate-attack-timings.py;scripts/attack_responses.py
c5010,300020023,0,0.833333313,1.366666675,unverified,extracted_unverified,false,false,57b02c89d714c4b27d75bd52d892ee11666f65dfff4702ff481cb9b02b24c99d,,src/attack_timings.rs;docs/enemy-coverage.json;scripts/generate-attack-timings.py;scripts/attack_responses.py
c5020,402,0,0.433333337,0.800000012,unverified,extracted_unverified,false,false,8ccdf9e2c8da507dcb90cb6f51e2f8843c7741e871acf0f353c2bbc490d5bb1a,,src/attack_timings.rs;docs/enemy-coverage.json;scripts/generate-attack-timings.py;scripts/attack_responses.py
c5020,3000,0,1.066666722,1.299999952,parry,classified_estimate,false,false,8ccdf9e2c8da507dcb90cb6f51e2f8843c7741e871acf0f353c2bbc490d5bb1a,,src/attack_timings.rs;docs/enemy-coverage.json;scripts/generate-attack-timings.py;scripts/attack_responses.py
c5020,3000,1,2.233333349,2.466666698,parry,classified_estimate,false,false,8ccdf9e2c8da507dcb90cb6f51e2f8843c7741e871acf0f353c2bbc490d5bb1a,,src/attack_timings.rs;docs/enemy-coverage.json;scripts/generate-attack-timings.py;scripts/attack_responses.py
c5020,3001,0,1.000000000,1.233333349,parry,classified_estimate,false,false,8ccdf9e2c8da507dcb90cb6f51e2f8843c7741e871acf0f353c2bbc490d5bb1a,,src/attack_timings.rs;docs/enemy-coverage.json;scripts/generate-attack-timings.py;scripts/attack_responses.py
c5020,3002,0,0.866666675,1.299999952,unverified,extracted_unverified,false,false,8ccdf9e2c8da507dcb90cb6f51e2f8843c7741e871acf0f353c2bbc490d5bb1a,,src/attack_timings.rs;docs/enemy-coverage.json;scripts/generate-attack-timings.py;scripts/attack_responses.py
c5020,3003,0,1.166666627,1.366666675,unverified,extracted_unverified,false,false,8ccdf9e2c8da507dcb90cb6f51e2f8843c7741e871acf0f353c2bbc490d5bb1a,,src/attack_timings.rs;docs/enemy-coverage.json;scripts/generate-attack-timings.py;scripts/attack_responses.py
c5020,3004,0,1.033333302,1.566666722,unverified,extracted_unverified,false,false,8ccdf9e2c8da507dcb90cb6f51e2f8843c7741e871acf0f353c2bbc490d5bb1a,,src/attack_timings.rs;docs/enemy-coverage.json;scripts/generate-attack-timings.py;scripts/attack_responses.py
c5020,3010,0,1.299999952,1.633333325,unverified,extracted_unverified,false,false,8ccdf9e2c8da507dcb90cb6f51e2f8843c7741e871acf0f353c2bbc490d5bb1a,,src/attack_timings.rs;docs/enemy-coverage.json;scripts/generate-attack-timings.py;scripts/attack_responses.py
c5020,3015,0,1.000000000,1.233333349,parry,classified_estimate,false,false,8ccdf9e2c8da507dcb90cb6f51e2f8843c7741e871acf0f353c2bbc490d5bb1a,,src/attack_timings.rs;docs/enemy-coverage.json;scripts/generate-attack-timings.py;scripts/attack_responses.py
c5020,20004,0,0.433333337,0.800000012,unverified,extracted_unverified,false,false,8ccdf9e2c8da507dcb90cb6f51e2f8843c7741e871acf0f353c2bbc490d5bb1a,,src/attack_timings.rs;docs/enemy-coverage.json;scripts/generate-attack-timings.py;scripts/attack_responses.py
c5020,100003000,0,1.066666722,1.299999952,unverified,extracted_unverified,false,false,8ccdf9e2c8da507dcb90cb6f51e2f8843c7741e871acf0f353c2bbc490d5bb1a,,src/attack_timings.rs;docs/enemy-coverage.json;scripts/generate-attack-timings.py;scripts/attack_responses.py
c5020,100003000,1,2.233333349,2.466666698,unverified,extracted_unverified,false,false,8ccdf9e2c8da507dcb90cb6f51e2f8843c7741e871acf0f353c2bbc490d5bb1a,,src/attack_timings.rs;docs/enemy-coverage.json;scripts/generate-attack-timings.py;scripts/attack_responses.py
c5020,100003001,0,1.000000000,1.233333349,parry,classified_estimate,false,false,8ccdf9e2c8da507dcb90cb6f51e2f8843c7741e871acf0f353c2bbc490d5bb1a,,src/attack_timings.rs;docs/enemy-coverage.json;scripts/generate-attack-timings.py;scripts/attack_responses.py
c5020,100003002,0,0.100000001,1.299999952,unverified,extracted_unverified,false,false,8ccdf9e2c8da507dcb90cb6f51e2f8843c7741e871acf0f353c2bbc490d5bb1a,,src/attack_timings.rs;docs/enemy-coverage.json;scripts/generate-attack-timings.py;scripts/attack_responses.py
c5020,100003003,0,0.666666687,1.366666675,unverified,extracted_unverified,false,false,8ccdf9e2c8da507dcb90cb6f51e2f8843c7741e871acf0f353c2bbc490d5bb1a,,src/attack_timings.rs;docs/enemy-coverage.json;scripts/generate-attack-timings.py;scripts/attack_responses.py
c5020,100003004,0,0.100000001,1.566666722,unverified,extracted_unverified,false,false,8ccdf9e2c8da507dcb90cb6f51e2f8843c7741e871acf0f353c2bbc490d5bb1a,,src/attack_timings.rs;docs/enemy-coverage.json;scripts/generate-attack-timings.py;scripts/attack_responses.py
c5020,100003005,0,0.566666663,0.633333325,dodge,classified_estimate,false,false,8ccdf9e2c8da507dcb90cb6f51e2f8843c7741e871acf0f353c2bbc490d5bb1a,50200510,src/attack_timings.rs;docs/enemy-coverage.json;docs/response-coverage.json;scripts/generate-attack-timings.py;scripts/attack_responses.py
c5020,100003006,0,0.866666675,1.200000048,unverified,extracted_unverified,false,false,8ccdf9e2c8da507dcb90cb6f51e2f8843c7741e871acf0f353c2bbc490d5bb1a,,src/attack_timings.rs;docs/enemy-coverage.json;scripts/generate-attack-timings.py;scripts/attack_responses.py
c5020,100003007,0,2.166666746,2.266666651,dodge,classified_estimate,false,false,8ccdf9e2c8da507dcb90cb6f51e2f8843c7741e871acf0f353c2bbc490d5bb1a,50200540;50200911,src/attack_timings.rs;docs/enemy-coverage.json;docs/response-coverage.json;scripts/generate-attack-timings.py;scripts/attack_responses.py
c5020,100003008,0,1.000000000,1.100000024,dodge,classified_estimate,false,false,8ccdf9e2c8da507dcb90cb6f51e2f8843c7741e871acf0f353c2bbc490d5bb1a,50200550;50200911,src/attack_timings.rs;docs/enemy-coverage.json;docs/response-coverage.json;scripts/generate-attack-timings.py;scripts/attack_responses.py
c5020,100003011,0,0.899999976,1.266666651,unverified,extracted_unverified,false,false,8ccdf9e2c8da507dcb90cb6f51e2f8843c7741e871acf0f353c2bbc490d5bb1a,,src/attack_timings.rs;docs/enemy-coverage.json;scripts/generate-attack-timings.py;scripts/attack_responses.py
c5020,100003013,0,1.133333325,1.366666675,dodge,classified_estimate,false,false,8ccdf9e2c8da507dcb90cb6f51e2f8843c7741e871acf0f353c2bbc490d5bb1a,50200581;50200912,src/attack_timings.rs;docs/enemy-coverage.json;docs/response-coverage.json;scripts/generate-attack-timings.py;scripts/attack_responses.py
c5020,100003014,0,1.333333373,1.466666698,dodge,classified_estimate,false,false,8ccdf9e2c8da507dcb90cb6f51e2f8843c7741e871acf0f353c2bbc490d5bb1a,50200580;50200581;50200911;50200912,src/attack_timings.rs;docs/enemy-coverage.json;docs/response-coverage.json;scripts/generate-attack-timings.py;scripts/attack_responses.py
c5020,100003015,0,1.000000000,1.233333349,parry,classified_estimate,false,false,8ccdf9e2c8da507dcb90cb6f51e2f8843c7741e871acf0f353c2bbc490d5bb1a,,src/attack_timings.rs;docs/enemy-coverage.json;scripts/generate-attack-timings.py;scripts/attack_responses.py
c5020,100003016,0,0.766666651,1.033333302,unverified,extracted_unverified,false,false,8ccdf9e2c8da507dcb90cb6f51e2f8843c7741e871acf0f353c2bbc490d5bb1a,,src/attack_timings.rs;docs/enemy-coverage.json;scripts/generate-attack-timings.py;scripts/attack_responses.py
c5020,100003017,0,0.766666651,1.233333349,unverified,extracted_unverified,false,false,8ccdf9e2c8da507dcb90cb6f51e2f8843c7741e871acf0f353c2bbc490d5bb1a,,src/attack_timings.rs;docs/enemy-coverage.json;scripts/generate-attack-timings.py;scripts/attack_responses.py
c5040,0,0,0.000000000,0.866666675,unverified,extracted_unverified,false,false,52945e4bb1c1e17c581fb45a518b52aeb32fb4e3c19ca63252c9356cc02db96b,,src/attack_timings.rs;docs/enemy-coverage.json;scripts/generate-attack-timings.py;scripts/attack_responses.py
c5040,0,1,1.000000000,1.866666675,unverified,extracted_unverified,false,false,52945e4bb1c1e17c581fb45a518b52aeb32fb4e3c19ca63252c9356cc02db96b,,src/attack_timings.rs;docs/enemy-coverage.json;scripts/generate-attack-timings.py;scripts/attack_responses.py
c5040,0,2,2.000000000,2.866666555,unverified,extracted_unverified,false,false,52945e4bb1c1e17c581fb45a518b52aeb32fb4e3c19ca63252c9356cc02db96b,,src/attack_timings.rs;docs/enemy-coverage.json;scripts/generate-attack-timings.py;scripts/attack_responses.py
c5040,0,3,3.000000000,3.866666555,unverified,extracted_unverified,false,false,52945e4bb1c1e17c581fb45a518b52aeb32fb4e3c19ca63252c9356cc02db96b,,src/attack_timings.rs;docs/enemy-coverage.json;scripts/generate-attack-timings.py;scripts/attack_responses.py
c5040,0,4,4.000000000,4.866666794,unverified,extracted_unverified,false,false,52945e4bb1c1e17c581fb45a518b52aeb32fb4e3c19ca63252c9356cc02db96b,,src/attack_timings.rs;docs/enemy-coverage.json;scripts/generate-attack-timings.py;scripts/attack_responses.py
c5040,0,5,5.000000000,5.866666794,unverified,extracted_unverified,false,false,52945e4bb1c1e17c581fb45a518b52aeb32fb4e3c19ca63252c9356cc02db96b,,src/attack_timings.rs;docs/enemy-coverage.json;scripts/generate-attack-timings.py;scripts/attack_responses.py
c5040,0,6,6.000000000,6.866666794,unverified,extracted_unverified,false,false,52945e4bb1c1e17c581fb45a518b52aeb32fb4e3c19ca63252c9356cc02db96b,,src/attack_timings.rs;docs/enemy-coverage.json;scripts/generate-attack-timings.py;scripts/attack_responses.py
c5040,0,7,7.000000000,7.866666794,unverified,extracted_unverified,false,false,52945e4bb1c1e17c581fb45a518b52aeb32fb4e3c19ca63252c9356cc02db96b,,src/attack_timings.rs;docs/enemy-coverage.json;scripts/generate-attack-timings.py;scripts/attack_responses.py
c5040,0,8,8.000000000,8.866666794,unverified,extracted_unverified,false,false,52945e4bb1c1e17c581fb45a518b52aeb32fb4e3c19ca63252c9356cc02db96b,,src/attack_timings.rs;docs/enemy-coverage.json;scripts/generate-attack-timings.py;scripts/attack_responses.py
c5040,0,9,9.000000000,9.866666794,unverified,extracted_unverified,false,false,52945e4bb1c1e17c581fb45a518b52aeb32fb4e3c19ca63252c9356cc02db96b,,src/attack_timings.rs;docs/enemy-coverage.json;scripts/generate-attack-timings.py;scripts/attack_responses.py
c5040,0,10,11.000000000,11.966666222,unverified,extracted_unverified,false,false,52945e4bb1c1e17c581fb45a518b52aeb32fb4e3c19ca63252c9356cc02db96b,,src/attack_timings.rs;docs/enemy-coverage.json;scripts/generate-attack-timings.py;scripts/attack_responses.py
c5040,0,11,12.000000000,12.966666222,unverified,extracted_unverified,false,false,52945e4bb1c1e17c581fb45a518b52aeb32fb4e3c19ca63252c9356cc02db96b,,src/attack_timings.rs;docs/enemy-coverage.json;scripts/generate-attack-timings.py;scripts/attack_responses.py
c5040,0,12,13.000000000,13.966666222,unverified,extracted_unverified,false,false,52945e4bb1c1e17c581fb45a518b52aeb32fb4e3c19ca63252c9356cc02db96b,,src/attack_timings.rs;docs/enemy-coverage.json;scripts/generate-attack-timings.py;scripts/attack_responses.py
c5040,0,13,14.000000000,14.966666222,unverified,extracted_unverified,false,false,52945e4bb1c1e17c581fb45a518b52aeb32fb4e3c19ca63252c9356cc02db96b,,src/attack_timings.rs;docs/enemy-coverage.json;scripts/generate-attack-timings.py;scripts/attack_responses.py
c5040,0,14,15.000000000,15.966666222,unverified,extracted_unverified,false,false,52945e4bb1c1e17c581fb45a518b52aeb32fb4e3c19ca63252c9356cc02db96b,,src/attack_timings.rs;docs/enemy-coverage.json;scripts/generate-attack-timings.py;scripts/attack_responses.py
c5040,0,15,16.000000000,16.966667175,unverified,extracted_unverified,false,false,52945e4bb1c1e17c581fb45a518b52aeb32fb4e3c19ca63252c9356cc02db96b,,src/attack_timings.rs;docs/enemy-coverage.json;scripts/generate-attack-timings.py;scripts/attack_responses.py
c5040,0,16,17.000000000,17.966667175,unverified,extracted_unverified,false,false,52945e4bb1c1e17c581fb45a518b52aeb32fb4e3c19ca63252c9356cc02db96b,,src/attack_timings.rs;docs/enemy-coverage.json;scripts/generate-attack-timings.py;scripts/attack_responses.py
c5040,0,17,18.000000000,18.966667175,unverified,extracted_unverified,false,false,52945e4bb1c1e17c581fb45a518b52aeb32fb4e3c19ca63252c9356cc02db96b,,src/attack_timings.rs;docs/enemy-coverage.json;scripts/generate-attack-timings.py;scripts/attack_responses.py
c5040,0,18,19.000000000,19.966667175,unverified,extracted_unverified,false,false,52945e4bb1c1e17c581fb45a518b52aeb32fb4e3c19ca63252c9356cc02db96b,,src/attack_timings.rs;docs/enemy-coverage.json;scripts/generate-attack-timings.py;scripts/attack_responses.py
c5040,0,19,20.000000000,20.966667175,unverified,extracted_unverified,false,false,52945e4bb1c1e17c581fb45a518b52aeb32fb4e3c19ca63252c9356cc02db96b,,src/attack_timings.rs;docs/enemy-coverage.json;scripts/generate-attack-timings.py;scripts/attack_responses.py
c5050,3000,0,2.500000000,5.533333302,unverified,extracted_unverified,false,false,af130b45944c0eae8a18aff9ef094ed15e2becd1facc98d1224ffff45075b64f,,src/attack_timings.rs;docs/enemy-coverage.json;scripts/generate-attack-timings.py;scripts/attack_responses.py
c5050,3001,0,2.900000095,4.266666889,unverified,extracted_unverified,false,false,af130b45944c0eae8a18aff9ef094ed15e2becd1facc98d1224ffff45075b64f,,src/attack_timings.rs;docs/enemy-coverage.json;scripts/generate-attack-timings.py;scripts/attack_responses.py
c5050,3004,0,2.033333302,2.266666651,unverified,extracted_unverified,false,false,af130b45944c0eae8a18aff9ef094ed15e2becd1facc98d1224ffff45075b64f,,src/attack_timings.rs;docs/enemy-coverage.json;scripts/generate-attack-timings.py;scripts/attack_responses.py
c5050,3004,1,3.833333254,4.066666603,unverified,extracted_unverified,false,false,af130b45944c0eae8a18aff9ef094ed15e2becd1facc98d1224ffff45075b64f,,src/attack_timings.rs;docs/enemy-coverage.json;scripts/generate-attack-timings.py;scripts/attack_responses.py
c5050,3005,0,1.666666627,2.500000000,unverified,extracted_unverified,false,false,af130b45944c0eae8a18aff9ef094ed15e2becd1facc98d1224ffff45075b64f,,src/attack_timings.rs;docs/enemy-coverage.json;scripts/generate-attack-timings.py;scripts/attack_responses.py
c5050,3006,0,1.666666627,2.500000000,unverified,extracted_unverified,false,false,af130b45944c0eae8a18aff9ef094ed15e2becd1facc98d1224ffff45075b64f,,src/attack_timings.rs;docs/enemy-coverage.json;scripts/generate-attack-timings.py;scripts/attack_responses.py
c5050,3007,0,1.933333278,2.766666651,unverified,extracted_unverified,false,false,af130b45944c0eae8a18aff9ef094ed15e2becd1facc98d1224ffff45075b64f,,src/attack_timings.rs;docs/enemy-coverage.json;scripts/generate-attack-timings.py;scripts/attack_responses.py
c5050,3007,1,3.866666555,4.699999809,unverified,extracted_unverified,false,false,af130b45944c0eae8a18aff9ef094ed15e2becd1facc98d1224ffff45075b64f,,src/attack_timings.rs;docs/enemy-coverage.json;scripts/generate-attack-timings.py;scripts/attack_responses.py
c5050,3007,2,6.266666889,7.099999905,unverified,extracted_unverified,false,false,af130b45944c0eae8a18aff9ef094ed15e2becd1facc98d1224ffff45075b64f,,src/attack_timings.rs;docs/enemy-coverage.json;scripts/generate-attack-timings.py;scripts/attack_responses.py
c5050,3012,0,3.333333254,4.666666508,unverified,extracted_unverified,false,false,af130b45944c0eae8a18aff9ef094ed15e2becd1facc98d1224ffff45075b64f,,src/attack_timings.rs;docs/enemy-coverage.json;scripts/generate-attack-timings.py;scripts/attack_responses.py
c5050,3013,0,3.333333254,4.666666508,unverified,extracted_unverified,false,false,af130b45944c0eae8a18aff9ef094ed15e2becd1facc98d1224ffff45075b64f,,src/attack_timings.rs;docs/enemy-coverage.json;scripts/generate-attack-timings.py;scripts/attack_responses.py
c5050,3017,0,1.333333373,4.133333206,unverified,extracted_unverified,false,false,af130b45944c0eae8a18aff9ef094ed15e2becd1facc98d1224ffff45075b64f,,src/attack_timings.rs;docs/enemy-coverage.json;scripts/generate-attack-timings.py;scripts/attack_responses.py
c5050,3018,0,1.333333373,4.133333206,unverified,extracted_unverified,false,false,af130b45944c0eae8a18aff9ef094ed15e2becd1facc98d1224ffff45075b64f,,src/attack_timings.rs;docs/enemy-coverage.json;scripts/generate-attack-timings.py;scripts/attack_responses.py
c5060,3000,0,0.566666663,0.699999988,parry,classified_estimate,false,false,1b7b0da6f19324c75f0b0ac400ea1131004c449ec31b922d807337cd61afb183,,src/attack_timings.rs;docs/enemy-coverage.json;scripts/generate-attack-timings.py;scripts/attack_responses.py
c5060,3001,0,0.333333343,0.466666669,parry,classified_estimate,false,false,1b7b0da6f19324c75f0b0ac400ea1131004c449ec31b922d807337cd61afb183,,src/attack_timings.rs;docs/enemy-coverage.json;scripts/generate-attack-timings.py;scripts/attack_responses.py
c5060,3002,0,0.699999988,0.833333313,unverified,extracted_unverified,false,false,1b7b0da6f19324c75f0b0ac400ea1131004c449ec31b922d807337cd61afb183,,src/attack_timings.rs;docs/enemy-coverage.json;scripts/generate-attack-timings.py;scripts/attack_responses.py
c5060,3003,0,0.966666639,1.100000024,unverified,extracted_unverified,false,false,1b7b0da6f19324c75f0b0ac400ea1131004c449ec31b922d807337cd61afb183,,src/attack_timings.rs;docs/enemy-coverage.json;scripts/generate-attack-timings.py;scripts/attack_responses.py
c5060,3004,0,0.866666675,1.000000000,jump,classified_estimate,false,false,1b7b0da6f19324c75f0b0ac400ea1131004c449ec31b922d807337cd61afb183,50600120;50601120,src/attack_timings.rs;docs/enemy-coverage.json;docs/response-coverage.json;scripts/generate-attack-timings.py;scripts/attack_responses.py
c5060,3005,0,0.466666669,0.600000024,unverified,extracted_unverified,false,false,1b7b0da6f19324c75f0b0ac400ea1131004c449ec31b922d807337cd61afb183,,src/attack_timings.rs;docs/enemy-coverage.json;scripts/generate-attack-timings.py;scripts/attack_responses.py
c5060,3008,0,0.633333325,0.699999988,unverified,extracted_unverified,false,false,1b7b0da6f19324c75f0b0ac400ea1131004c449ec31b922d807337cd61afb183,,src/attack_timings.rs;docs/enemy-coverage.json;scripts/generate-attack-timings.py;scripts/attack_responses.py
c5060,3008,1,1.000000000,1.133333325,unverified,extracted_unverified,false,false,1b7b0da6f19324c75f0b0ac400ea1131004c449ec31b922d807337cd61afb183,,src/attack_timings.rs;docs/enemy-coverage.json;scripts/generate-attack-timings.py;scripts/attack_responses.py
c5060,3011,0,0.800000012,0.933333337,parry,classified_estimate,false,false,1b7b0da6f19324c75f0b0ac400ea1131004c449ec31b922d807337cd61afb183,,src/attack_timings.rs;docs/enemy-coverage.json;scripts/generate-attack-timings.py;scripts/attack_responses.py
c5060,3012,0,0.466666669,0.600000024,parry,classified_estimate,false,false,1b7b0da6f19324c75f0b0ac400ea1131004c449ec31b922d807337cd61afb183,,src/attack_timings.rs;docs/enemy-coverage.json;scripts/generate-attack-timings.py;scripts/attack_responses.py
c5060,3013,0,0.533333361,0.633333325,unverified,extracted_unverified,false,false,1b7b0da6f19324c75f0b0ac400ea1131004c449ec31b922d807337cd61afb183,,src/attack_timings.rs;docs/enemy-coverage.json;scripts/generate-attack-timings.py;scripts/attack_responses.py
c5060,3013,1,0.899999976,1.033333302,unverified,extracted_unverified,false,false,1b7b0da6f19324c75f0b0ac400ea1131004c449ec31b922d807337cd61afb183,,src/attack_timings.rs;docs/enemy-coverage.json;scripts/generate-attack-timings.py;scripts/attack_responses.py
c5060,3015,0,0.833333313,1.033333302,unverified,extracted_unverified,false,false,1b7b0da6f19324c75f0b0ac400ea1131004c449ec31b922d807337cd61afb183,,src/attack_timings.rs;docs/enemy-coverage.json;scripts/generate-attack-timings.py;scripts/attack_responses.py
c5060,3016,0,0.466666669,0.600000024,parry,classified_estimate,false,false,1b7b0da6f19324c75f0b0ac400ea1131004c449ec31b922d807337cd61afb183,,src/attack_timings.rs;docs/enemy-coverage.json;scripts/generate-attack-timings.py;scripts/attack_responses.py
c5060,3016,1,0.733333349,0.899999976,parry,classified_estimate,false,false,1b7b0da6f19324c75f0b0ac400ea1131004c449ec31b922d807337cd61afb183,,src/attack_timings.rs;docs/enemy-coverage.json;scripts/generate-attack-timings.py;scripts/attack_responses.py
c5060,3017,0,1.133333325,1.266666651,unverified,extracted_unverified,false,false,1b7b0da6f19324c75f0b0ac400ea1131004c449ec31b922d807337cd61afb183,,src/attack_timings.rs;docs/enemy-coverage.json;scripts/generate-attack-timings.py;scripts/attack_responses.py
c5060,3018,0,1.133333325,1.433333278,unverified,extracted_unverified,false,false,1b7b0da6f19324c75f0b0ac400ea1131004c449ec31b922d807337cd61afb183,,src/attack_timings.rs;docs/enemy-coverage.json;scripts/generate-attack-timings.py;scripts/attack_responses.py
c5060,3019,0,0.766666651,0.899999976,unverified,extracted_unverified,false,false,1b7b0da6f19324c75f0b0ac400ea1131004c449ec31b922d807337cd61afb183,,src/attack_timings.rs;docs/enemy-coverage.json;scripts/generate-attack-timings.py;scripts/attack_responses.py
c5060,3024,0,0.800000012,0.933333337,jump,classified_estimate,false,false,1b7b0da6f19324c75f0b0ac400ea1131004c449ec31b922d807337cd61afb183,50600120;50601120,src/attack_timings.rs;docs/enemy-coverage.json;docs/response-coverage.json;scripts/generate-attack-timings.py;scripts/attack_responses.py
c5060,3026,0,1.600000024,1.733333349,unverified,extracted_unverified,false,false,1b7b0da6f19324c75f0b0ac400ea1131004c449ec31b922d807337cd61afb183,,src/attack_timings.rs;docs/enemy-coverage.json;scripts/generate-attack-timings.py;scripts/attack_responses.py
c5060,3027,0,1.666666627,1.799999952,unverified,extracted_unverified,false,false,1b7b0da6f19324c75f0b0ac400ea1131004c449ec31b922d807337cd61afb183,,src/attack_timings.rs;docs/enemy-coverage.json;scripts/generate-attack-timings.py;scripts/attack_responses.py
c5060,3028,0,0.500000000,0.733333349,unverified,extracted_unverified,false,false,1b7b0da6f19324c75f0b0ac400ea1131004c449ec31b922d807337cd61afb183,,src/attack_timings.rs;docs/enemy-coverage.json;scripts/generate-attack-timings.py;scripts/attack_responses.py
c5060,3029,0,0.966666639,1.100000024,unverified,extracted_unverified,false,false,1b7b0da6f19324c75f0b0ac400ea1131004c449ec31b922d807337cd61afb183,,src/attack_timings.rs;docs/enemy-coverage.json;scripts/generate-attack-timings.py;scripts/attack_responses.py
c5060,3033,0,1.333333373,1.866666675,unverified,extracted_unverified,false,false,1b7b0da6f19324c75f0b0ac400ea1131004c449ec31b922d807337cd61afb183,,src/attack_timings.rs;docs/enemy-coverage.json;scripts/generate-attack-timings.py;scripts/attack_responses.py
c5060,3034,0,0.366666675,0.466666669,unverified,extracted_unverified,false,false,1b7b0da6f19324c75f0b0ac400ea1131004c449ec31b922d807337cd61afb183,,src/attack_timings.rs;docs/enemy-coverage.json;scripts/generate-attack-timings.py;scripts/attack_responses.py
c5060,3034,1,1.333333373,1.433333278,unverified,extracted_unverified,false,false,1b7b0da6f19324c75f0b0ac400ea1131004c449ec31b922d807337cd61afb183,,src/attack_timings.rs;docs/enemy-coverage.json;scripts/generate-attack-timings.py;scripts/attack_responses.py
c5060,3034,2,1.733333349,1.833333373,unverified,extracted_unverified,false,false,1b7b0da6f19324c75f0b0ac400ea1131004c449ec31b922d807337cd61afb183,,src/attack_timings.rs;docs/enemy-coverage.json;scripts/generate-attack-timings.py;scripts/attack_responses.py
c5060,3035,0,0.699999988,0.899999976,unverified,extracted_unverified,false,false,1b7b0da6f19324c75f0b0ac400ea1131004c449ec31b922d807337cd61afb183,,src/attack_timings.rs;docs/enemy-coverage.json;scripts/generate-attack-timings.py;scripts/attack_responses.py
c5060,3036,0,0.566666663,0.766666651,unverified,extracted_unverified,false,false,1b7b0da6f19324c75f0b0ac400ea1131004c449ec31b922d807337cd61afb183,,src/attack_timings.rs;docs/enemy-coverage.json;scripts/generate-attack-timings.py;scripts/attack_responses.py
c5060,3037,0,1.000000000,1.133333325,dodge,classified_estimate,false,false,1b7b0da6f19324c75f0b0ac400ea1131004c449ec31b922d807337cd61afb183,50600800;50601800,src/attack_timings.rs;docs/enemy-coverage.json;docs/response-coverage.json;scripts/generate-attack-timings.py;scripts/attack_responses.py
c5060,3038,0,0.966666639,1.133333325,unverified,extracted_unverified,false,false,1b7b0da6f19324c75f0b0ac400ea1131004c449ec31b922d807337cd61afb183,,src/attack_timings.rs;docs/enemy-coverage.json;scripts/generate-attack-timings.py;scripts/attack_responses.py
c5060,3039,0,0.966666639,1.100000024,unverified,extracted_unverified,false,false,1b7b0da6f19324c75f0b0ac400ea1131004c449ec31b922d807337cd61afb183,,src/attack_timings.rs;docs/enemy-coverage.json;scripts/generate-attack-timings.py;scripts/attack_responses.py
c5060,3039,1,1.233333349,1.399999976,unverified,extracted_unverified,false,false,1b7b0da6f19324c75f0b0ac400ea1131004c449ec31b922d807337cd61afb183,,src/attack_timings.rs;docs/enemy-coverage.json;scripts/generate-attack-timings.py;scripts/attack_responses.py
c5060,3040,0,0.566666663,0.766666651,dodge,classified_estimate,false,false,1b7b0da6f19324c75f0b0ac400ea1131004c449ec31b922d807337cd61afb183,50600800;50601800,src/attack_timings.rs;docs/enemy-coverage.json;docs/response-coverage.json;scripts/generate-attack-timings.py;scripts/attack_responses.py
c5060,3041,0,0.066666670,0.233333334,dodge,classified_estimate,false,false,1b7b0da6f19324c75f0b0ac400ea1131004c449ec31b922d807337cd61afb183,50600810;50601810,src/attack_timings.rs;docs/enemy-coverage.json;docs/response-coverage.json;scripts/generate-attack-timings.py;scripts/attack_responses.py
c5060,3044,0,1.066666722,1.200000048,parry,classified_estimate,false,false,1b7b0da6f19324c75f0b0ac400ea1131004c449ec31b922d807337cd61afb183,,src/attack_timings.rs;docs/enemy-coverage.json;scripts/generate-attack-timings.py;scripts/attack_responses.py
c5060,3044,1,1.333333373,1.500000000,parry,classified_estimate,false,false,1b7b0da6f19324c75f0b0ac400ea1131004c449ec31b922d807337cd61afb183,,src/attack_timings.rs;docs/enemy-coverage.json;scripts/generate-attack-timings.py;scripts/attack_responses.py
c5060,3044,2,2.266666651,2.433333397,parry,classified_estimate,false,false,1b7b0da6f19324c75f0b0ac400ea1131004c449ec31b922d807337cd61afb183,,src/attack_timings.rs;docs/enemy-coverage.json;scripts/generate-attack-timings.py;scripts/attack_responses.py
c5060,3044,3,3.000000000,3.166666746,parry,classified_estimate,false,false,1b7b0da6f19324c75f0b0ac400ea1131004c449ec31b922d807337cd61afb183,,src/attack_timings.rs;docs/enemy-coverage.json;scripts/generate-attack-timings.py;scripts/attack_responses.py
c5060,3044,4,4.333333492,4.533333302,parry,classified_estimate,false,false,1b7b0da6f19324c75f0b0ac400ea1131004c449ec31b922d807337cd61afb183,,src/attack_timings.rs;docs/enemy-coverage.json;scripts/generate-attack-timings.py;scripts/attack_responses.py
c5060,3046,0,0.733333349,0.933333337,unverified,extracted_unverified,false,false,1b7b0da6f19324c75f0b0ac400ea1131004c449ec31b922d807337cd61afb183,,src/attack_timings.rs;docs/enemy-coverage.json;scripts/generate-attack-timings.py;scripts/attack_responses.py
c5060,3047,0,1.133333325,1.266666651,unverified,extracted_unverified,false,false,1b7b0da6f19324c75f0b0ac400ea1131004c449ec31b922d807337cd61afb183,,src/attack_timings.rs;docs/enemy-coverage.json;scripts/generate-attack-timings.py;scripts/attack_responses.py
c5060,3048,0,0.533333361,0.666666687,parry,classified_estimate,false,false,1b7b0da6f19324c75f0b0ac400ea1131004c449ec31b922d807337cd61afb183,,src/attack_timings.rs;docs/enemy-coverage.json;scripts/generate-attack-timings.py;scripts/attack_responses.py
c5060,3048,1,1.233333349,1.366666675,parry,classified_estimate,false,false,1b7b0da6f19324c75f0b0ac400ea1131004c449ec31b922d807337cd61afb183,,src/attack_timings.rs;docs/enemy-coverage.json;scripts/generate-attack-timings.py;scripts/attack_responses.py
c5060,3060,0,0.566666663,0.699999988,parry,classified_estimate,false,false,1b7b0da6f19324c75f0b0ac400ea1131004c449ec31b922d807337cd61afb183,,src/attack_timings.rs;docs/enemy-coverage.json;scripts/generate-attack-timings.py;scripts/attack_responses.py
c5060,3061,0,0.433333337,0.566666663,parry,classified_estimate,false,false,1b7b0da6f19324c75f0b0ac400ea1131004c449ec31b922d807337cd61afb183,,src/attack_timings.rs;docs/enemy-coverage.json;scripts/generate-attack-timings.py;scripts/attack_responses.py
c5060,3063,0,0.466666669,0.633333325,parry,classified_estimate,false,false,1b7b0da6f19324c75f0b0ac400ea1131004c449ec31b922d807337cd61afb183,,src/attack_timings.rs;docs/enemy-coverage.json;scripts/generate-attack-timings.py;scripts/attack_responses.py
c5060,3063,1,0.766666651,0.933333337,parry,classified_estimate,false,false,1b7b0da6f19324c75f0b0ac400ea1131004c449ec31b922d807337cd61afb183,,src/attack_timings.rs;docs/enemy-coverage.json;scripts/generate-attack-timings.py;scripts/attack_responses.py
c5060,3065,0,0.533333361,0.666666687,parry,classified_estimate,false,false,1b7b0da6f19324c75f0b0ac400ea1131004c449ec31b922d807337cd61afb183,,src/attack_timings.rs;docs/enemy-coverage.json;scripts/generate-attack-timings.py;scripts/attack_responses.py
c5060,3066,0,0.433333337,0.566666663,parry,classified_estimate,false,false,1b7b0da6f19324c75f0b0ac400ea1131004c449ec31b922d807337cd61afb183,,src/attack_timings.rs;docs/enemy-coverage.json;scripts/generate-attack-timings.py;scripts/attack_responses.py
c5060,3068,0,0.466666669,0.533333361,unverified,extracted_unverified,false,false,1b7b0da6f19324c75f0b0ac400ea1131004c449ec31b922d807337cd61afb183,,src/attack_timings.rs;docs/enemy-coverage.json;scripts/generate-attack-timings.py;scripts/attack_responses.py
c5060,3068,1,0.833333313,0.966666639,unverified,extracted_unverified,false,false,1b7b0da6f19324c75f0b0ac400ea1131004c449ec31b922d807337cd61afb183,,src/attack_timings.rs;docs/enemy-coverage.json;scripts/generate-attack-timings.py;scripts/attack_responses.py
c5060,3090,0,0.733333349,0.866666675,jump,classified_estimate,false,false,1b7b0da6f19324c75f0b0ac400ea1131004c449ec31b922d807337cd61afb183,50600300;50601300,src/attack_timings.rs;docs/enemy-coverage.json;docs/response-coverage.json;scripts/generate-attack-timings.py;scripts/attack_responses.py
c5060,3091,0,1.600000024,1.733333349,unverified,extracted_unverified,false,false,1b7b0da6f19324c75f0b0ac400ea1131004c449ec31b922d807337cd61afb183,,src/attack_timings.rs;docs/enemy-coverage.json;scripts/generate-attack-timings.py;scripts/attack_responses.py
c5060,3092,0,1.133333325,1.233333349,unverified,extracted_unverified,false,false,1b7b0da6f19324c75f0b0ac400ea1131004c449ec31b922d807337cd61afb183,,src/attack_timings.rs;docs/enemy-coverage.json;scripts/generate-attack-timings.py;scripts/attack_responses.py
c5060,3093,0,1.633333325,1.766666651,unverified,extracted_unverified,false,false,1b7b0da6f19324c75f0b0ac400ea1131004c449ec31b922d807337cd61afb183,,src/attack_timings.rs;docs/enemy-coverage.json;scripts/generate-attack-timings.py;scripts/attack_responses.py
c5060,3093,1,3.500000000,3.599999905,unverified,extracted_unverified,false,false,1b7b0da6f19324c75f0b0ac400ea1131004c449ec31b922d807337cd61afb183,,src/attack_timings.rs;docs/enemy-coverage.json;scripts/generate-attack-timings.py;scripts/attack_responses.py
c5060,4110,0,1.366666675,1.566666722,unverified,extracted_unverified,false,false,1b7b0da6f19324c75f0b0ac400ea1131004c449ec31b922d807337cd61afb183,,src/attack_timings.rs;docs/enemy-coverage.json;scripts/generate-attack-timings.py;scripts/attack_responses.py
c5060,20005,0,3.400000095,3.533333302,unverified,extracted_unverified,false,false,1b7b0da6f19324c75f0b0ac400ea1131004c449ec31b922d807337cd61afb183,,src/attack_timings.rs;docs/enemy-coverage.json;scripts/generate-attack-timings.py;scripts/attack_responses.py
c5070,3004,0,1.500000000,2.166666746,jump,classified_estimate,false,false,11ca231389c29a1a67e6dadc6e5dcb2014a84e11f42cbf486217476c1fb43cf2,50700130,src/attack_timings.rs;docs/enemy-coverage.json;docs/response-coverage.json;scripts/generate-attack-timings.py;scripts/attack_responses.py
c5070,3005,0,1.066666722,1.633333325,unverified,extracted_unverified,false,false,11ca231389c29a1a67e6dadc6e5dcb2014a84e11f42cbf486217476c1fb43cf2,,src/attack_timings.rs;docs/enemy-coverage.json;scripts/generate-attack-timings.py;scripts/attack_responses.py
c5070,3012,0,1.500000000,2.166666746,unverified,extracted_unverified,false,false,11ca231389c29a1a67e6dadc6e5dcb2014a84e11f42cbf486217476c1fb43cf2,,src/attack_timings.rs;docs/enemy-coverage.json;scripts/generate-attack-timings.py;scripts/attack_responses.py
c5080,3000,0,0.800000012,0.966666639,unverified,extracted_unverified,false,false,27cc8e608bbcfd35956ef2b085788184ac476d437f6ebf8c18b53fdf98b1a0f9,,src/attack_timings.rs;docs/enemy-coverage.json;scripts/generate-attack-timings.py;scripts/attack_responses.py
c5080,3000,1,2.066666603,2.166666746,unverified,extracted_unverified,false,false,27cc8e608bbcfd35956ef2b085788184ac476d437f6ebf8c18b53fdf98b1a0f9,,src/attack_timings.rs;docs/enemy-coverage.json;scripts/generate-attack-timings.py;scripts/attack_responses.py
c5080,3001,0,1.333333373,1.433333278,unverified,extracted_unverified,false,false,27cc8e608bbcfd35956ef2b085788184ac476d437f6ebf8c18b53fdf98b1a0f9,,src/attack_timings.rs;docs/enemy-coverage.json;scripts/generate-attack-timings.py;scripts/attack_responses.py
c5080,3002,0,1.333333373,1.466666698,unverified,extracted_unverified,false,false,27cc8e608bbcfd35956ef2b085788184ac476d437f6ebf8c18b53fdf98b1a0f9,,src/attack_timings.rs;docs/enemy-coverage.json;scripts/generate-attack-timings.py;scripts/attack_responses.py
c5080,3003,0,0.800000012,1.133333325,unverified,extracted_unverified,false,false,27cc8e608bbcfd35956ef2b085788184ac476d437f6ebf8c18b53fdf98b1a0f9,,src/attack_timings.rs;docs/enemy-coverage.json;scripts/generate-attack-timings.py;scripts/attack_responses.py
c5080,3004,0,1.000000000,3.099999905,unverified,extracted_unverified,false,false,27cc8e608bbcfd35956ef2b085788184ac476d437f6ebf8c18b53fdf98b1a0f9,,src/attack_timings.rs;docs/enemy-coverage.json;scripts/generate-attack-timings.py;scripts/attack_responses.py
c5080,3005,0,0.000000000,1.166666627,unverified,extracted_unverified,false,false,27cc8e608bbcfd35956ef2b085788184ac476d437f6ebf8c18b53fdf98b1a0f9,,src/attack_timings.rs;docs/enemy-coverage.json;scripts/generate-attack-timings.py;scripts/attack_responses.py
c5080,3005,1,1.399999976,1.700000048,unverified,extracted_unverified,false,false,27cc8e608bbcfd35956ef2b085788184ac476d437f6ebf8c18b53fdf98b1a0f9,,src/attack_timings.rs;docs/enemy-coverage.json;scripts/generate-attack-timings.py;scripts/attack_responses.py
c5080,3006,0,1.666666627,1.766666651,unverified,extracted_unverified,false,false,27cc8e608bbcfd35956ef2b085788184ac476d437f6ebf8c18b53fdf98b1a0f9,,src/attack_timings.rs;docs/enemy-coverage.json;scripts/generate-attack-timings.py;scripts/attack_responses.py
c5080,3007,0,0.633333325,0.733333349,unverified,extracted_unverified,false,false,27cc8e608bbcfd35956ef2b085788184ac476d437f6ebf8c18b53fdf98b1a0f9,,src/attack_timings.rs;docs/enemy-coverage.json;scripts/generate-attack-timings.py;scripts/attack_responses.py
c5080,3008,0,1.266666651,1.433333278,unverified,extracted_unverified,false,false,27cc8e608bbcfd35956ef2b085788184ac476d437f6ebf8c18b53fdf98b1a0f9,,src/attack_timings.rs;docs/enemy-coverage.json;scripts/generate-attack-timings.py;scripts/attack_responses.py
c5080,3008,1,2.299999952,2.466666698,unverified,extracted_unverified,false,false,27cc8e608bbcfd35956ef2b085788184ac476d437f6ebf8c18b53fdf98b1a0f9,,src/attack_timings.rs;docs/enemy-coverage.json;scripts/generate-attack-timings.py;scripts/attack_responses.py
c5080,3009,0,1.533333302,1.766666651,unverified,extracted_unverified,false,false,27cc8e608bbcfd35956ef2b085788184ac476d437f6ebf8c18b53fdf98b1a0f9,,src/attack_timings.rs;docs/enemy-coverage.json;scripts/generate-attack-timings.py;scripts/attack_responses.py
c5080,3010,0,1.266666651,1.399999976,unverified,extracted_unverified,false,false,27cc8e608bbcfd35956ef2b085788184ac476d437f6ebf8c18b53fdf98b1a0f9,,src/attack_timings.rs;docs/enemy-coverage.json;scripts/generate-attack-timings.py;scripts/attack_responses.py
c5080,3010,1,2.200000048,3.000000000,unverified,extracted_unverified,false,false,27cc8e608bbcfd35956ef2b085788184ac476d437f6ebf8c18b53fdf98b1a0f9,,src/attack_timings.rs;docs/enemy-coverage.json;scripts/generate-attack-timings.py;scripts/attack_responses.py
c5080,3010,2,3.033333302,3.799999952,unverified,extracted_unverified,false,false,27cc8e608bbcfd35956ef2b085788184ac476d437f6ebf8c18b53fdf98b1a0f9,,src/attack_timings.rs;docs/enemy-coverage.json;scripts/generate-attack-timings.py;scripts/attack_responses.py
c5080,3010,3,3.833333254,4.599999905,unverified,extracted_unverified,false,false,27cc8e608bbcfd35956ef2b085788184ac476d437f6ebf8c18b53fdf98b1a0f9,,src/attack_timings.rs;docs/enemy-coverage.json;scripts/generate-attack-timings.py;scripts/attack_responses.py
c5080,3011,0,0.466666669,0.666666687,unverified,extracted_unverified,false,false,27cc8e608bbcfd35956ef2b085788184ac476d437f6ebf8c18b53fdf98b1a0f9,,src/attack_timings.rs;docs/enemy-coverage.json;scripts/generate-attack-timings.py;scripts/attack_responses.py
c5080,3012,0,0.000000000,0.533333361,unverified,extracted_unverified,false,false,27cc8e608bbcfd35956ef2b085788184ac476d437f6ebf8c18b53fdf98b1a0f9,,src/attack_timings.rs;docs/enemy-coverage.json;scripts/generate-attack-timings.py;scripts/attack_responses.py
c5080,3012,1,0.600000024,1.133333325,unverified,extracted_unverified,false,false,27cc8e608bbcfd35956ef2b085788184ac476d437f6ebf8c18b53fdf98b1a0f9,,src/attack_timings.rs;docs/enemy-coverage.json;scripts/generate-attack-timings.py;scripts/attack_responses.py
c5080,3013,0,0.400000006,0.600000024,unverified,extracted_unverified,false,false,27cc8e608bbcfd35956ef2b085788184ac476d437f6ebf8c18b53fdf98b1a0f9,,src/attack_timings.rs;docs/enemy-coverage.json;scripts/generate-attack-timings.py;scripts/attack_responses.py
c5080,3014,0,0.000000000,2.333333254,unverified,extracted_unverified,false,false,27cc8e608bbcfd35956ef2b085788184ac476d437f6ebf8c18b53fdf98b1a0f9,,src/attack_timings.rs;docs/enemy-coverage.json;scripts/generate-attack-timings.py;scripts/attack_responses.py
c5080,3015,0,0.400000006,0.733333349,unverified,extracted_unverified,false,false,27cc8e608bbcfd35956ef2b085788184ac476d437f6ebf8c18b53fdf98b1a0f9,,src/attack_timings.rs;docs/enemy-coverage.json;scripts/generate-attack-timings.py;scripts/attack_responses.py
c5080,3016,0,0.000000000,0.800000012,unverified,extracted_unverified,false,false,27cc8e608bbcfd35956ef2b085788184ac476d437f6ebf8c18b53fdf98b1a0f9,,src/attack_timings.rs;docs/enemy-coverage.json;scripts/generate-attack-timings.py;scripts/attack_responses.py
c5080,3017,0,0.000000000,0.333333343,unverified,extracted_unverified,false,false,27cc8e608bbcfd35956ef2b085788184ac476d437f6ebf8c18b53fdf98b1a0f9,,src/attack_timings.rs;docs/enemy-coverage.json;scripts/generate-attack-timings.py;scripts/attack_responses.py
c5080,3018,0,1.399999976,3.233333349,dodge,classified_estimate,false,false,27cc8e608bbcfd35956ef2b085788184ac476d437f6ebf8c18b53fdf98b1a0f9,50800180,src/attack_timings.rs;docs/enemy-coverage.json;docs/response-coverage.json;scripts/generate-attack-timings.py;scripts/attack_responses.py
c5080,3019,0,0.000000000,1.233333349,dodge,classified_estimate,false,false,27cc8e608bbcfd35956ef2b085788184ac476d437f6ebf8c18b53fdf98b1a0f9,50800180,src/attack_timings.rs;docs/enemy-coverage.json;docs/response-coverage.json;scripts/generate-attack-timings.py;scripts/attack_responses.py
c5080,3020,0,0.000000000,0.533333361,unverified,extracted_unverified,false,false,27cc8e608bbcfd35956ef2b085788184ac476d437f6ebf8c18b53fdf98b1a0f9,,src/attack_timings.rs;docs/enemy-coverage.json;scripts/generate-attack-timings.py;scripts/attack_responses.py
c5080,3020,1,0.600000024,1.133333325,unverified,extracted_unverified,false,false,27cc8e608bbcfd35956ef2b085788184ac476d437f6ebf8c18b53fdf98b1a0f9,,src/attack_timings.rs;docs/enemy-coverage.json;scripts/generate-attack-timings.py;scripts/attack_responses.py
c5080,3021,0,0.000000000,0.800000012,unverified,extracted_unverified,false,false,27cc8e608bbcfd35956ef2b085788184ac476d437f6ebf8c18b53fdf98b1a0f9,,src/attack_timings.rs;docs/enemy-coverage.json;scripts/generate-attack-timings.py;scripts/attack_responses.py
c5080,3022,0,1.666666627,1.766666651,unverified,extracted_unverified,false,false,27cc8e608bbcfd35956ef2b085788184ac476d437f6ebf8c18b53fdf98b1a0f9,,src/attack_timings.rs;docs/enemy-coverage.json;scripts/generate-attack-timings.py;scripts/attack_responses.py
c5080,3024,0,0.000000000,2.233333349,unverified,extracted_unverified,false,false,27cc8e608bbcfd35956ef2b085788184ac476d437f6ebf8c18b53fdf98b1a0f9,,src/attack_timings.rs;docs/enemy-coverage.json;scripts/generate-attack-timings.py;scripts/attack_responses.py
c5080,3026,0,0.699999988,0.766666651,unverified,extracted_unverified,false,false,27cc8e608bbcfd35956ef2b085788184ac476d437f6ebf8c18b53fdf98b1a0f9,,src/attack_timings.rs;docs/enemy-coverage.json;scripts/generate-attack-timings.py;scripts/attack_responses.py
c5080,3027,0,0.666666687,0.833333313,unverified,extracted_unverified,false,false,27cc8e608bbcfd35956ef2b085788184ac476d437f6ebf8c18b53fdf98b1a0f9,,src/attack_timings.rs;docs/enemy-coverage.json;scripts/generate-attack-timings.py;scripts/attack_responses.py
c5080,3029,0,0.866666675,1.033333302,unverified,extracted_unverified,false,false,27cc8e608bbcfd35956ef2b085788184ac476d437f6ebf8c18b53fdf98b1a0f9,,src/attack_timings.rs;docs/enemy-coverage.json;scripts/generate-attack-timings.py;scripts/attack_responses.py
c5080,3030,0,0.400000006,1.700000048,unverified,extracted_unverified,false,false,27cc8e608bbcfd35956ef2b085788184ac476d437f6ebf8c18b53fdf98b1a0f9,,src/attack_timings.rs;docs/enemy-coverage.json;scripts/generate-attack-timings.py;scripts/attack_responses.py
c5080,3031,0,0.000000000,0.800000012,unverified,extracted_unverified,false,false,27cc8e608bbcfd35956ef2b085788184ac476d437f6ebf8c18b53fdf98b1a0f9,,src/attack_timings.rs;docs/enemy-coverage.json;scripts/generate-attack-timings.py;scripts/attack_responses.py
c5080,3032,0,0.000000000,3.733333349,unverified,extracted_unverified,false,false,27cc8e608bbcfd35956ef2b085788184ac476d437f6ebf8c18b53fdf98b1a0f9,,src/attack_timings.rs;docs/enemy-coverage.json;scripts/generate-attack-timings.py;scripts/attack_responses.py
c5080,3033,0,0.000000000,4.866666794,unverified,extracted_unverified,false,false,27cc8e608bbcfd35956ef2b085788184ac476d437f6ebf8c18b53fdf98b1a0f9,,src/attack_timings.rs;docs/enemy-coverage.json;scripts/generate-attack-timings.py;scripts/attack_responses.py
c5080,3036,0,0.000000000,0.899999976,unverified,extracted_unverified,false,false,27cc8e608bbcfd35956ef2b085788184ac476d437f6ebf8c18b53fdf98b1a0f9,,src/attack_timings.rs;docs/enemy-coverage.json;scripts/generate-attack-timings.py;scripts/attack_responses.py
c5080,3038,0,0.000000000,1.299999952,unverified,extracted_unverified,false,false,27cc8e608bbcfd35956ef2b085788184ac476d437f6ebf8c18b53fdf98b1a0f9,,src/attack_timings.rs;docs/enemy-coverage.json;scripts/generate-attack-timings.py;scripts/attack_responses.py
c5080,3039,0,0.000000000,1.366666675,unverified,extracted_unverified,false,false,27cc8e608bbcfd35956ef2b085788184ac476d437f6ebf8c18b53fdf98b1a0f9,,src/attack_timings.rs;docs/enemy-coverage.json;scripts/generate-attack-timings.py;scripts/attack_responses.py
c5080,3039,1,1.799999952,1.966666698,unverified,extracted_unverified,false,false,27cc8e608bbcfd35956ef2b085788184ac476d437f6ebf8c18b53fdf98b1a0f9,,src/attack_timings.rs;docs/enemy-coverage.json;scripts/generate-attack-timings.py;scripts/attack_responses.py
c5080,3041,0,0.000000000,3.733333349,unverified,extracted_unverified,false,false,27cc8e608bbcfd35956ef2b085788184ac476d437f6ebf8c18b53fdf98b1a0f9,,src/attack_timings.rs;docs/enemy-coverage.json;scripts/generate-attack-timings.py;scripts/attack_responses.py
c5080,3042,0,0.000000000,4.866666794,unverified,extracted_unverified,false,false,27cc8e608bbcfd35956ef2b085788184ac476d437f6ebf8c18b53fdf98b1a0f9,,src/attack_timings.rs;docs/enemy-coverage.json;scripts/generate-attack-timings.py;scripts/attack_responses.py
c5080,3043,0,0.000000000,1.066666722,unverified,extracted_unverified,false,false,27cc8e608bbcfd35956ef2b085788184ac476d437f6ebf8c18b53fdf98b1a0f9,,src/attack_timings.rs;docs/enemy-coverage.json;scripts/generate-attack-timings.py;scripts/attack_responses.py
c5080,3044,0,0.966666639,1.100000024,unverified,extracted_unverified,false,false,27cc8e608bbcfd35956ef2b085788184ac476d437f6ebf8c18b53fdf98b1a0f9,,src/attack_timings.rs;docs/enemy-coverage.json;scripts/generate-attack-timings.py;scripts/attack_responses.py
c5080,3045,0,0.000000000,1.366666675,unverified,extracted_unverified,false,false,27cc8e608bbcfd35956ef2b085788184ac476d437f6ebf8c18b53fdf98b1a0f9,,src/attack_timings.rs;docs/enemy-coverage.json;scripts/generate-attack-timings.py;scripts/attack_responses.py
c5080,3045,1,1.466666698,1.600000024,unverified,extracted_unverified,false,false,27cc8e608bbcfd35956ef2b085788184ac476d437f6ebf8c18b53fdf98b1a0f9,,src/attack_timings.rs;docs/enemy-coverage.json;scripts/generate-attack-timings.py;scripts/attack_responses.py
c5080,3046,0,0.833333313,1.633333325,unverified,extracted_unverified,false,false,27cc8e608bbcfd35956ef2b085788184ac476d437f6ebf8c18b53fdf98b1a0f9,,src/attack_timings.rs;docs/enemy-coverage.json;scripts/generate-attack-timings.py;scripts/attack_responses.py
c5080,3046,1,1.666666627,2.433333397,unverified,extracted_unverified,false,false,27cc8e608bbcfd35956ef2b085788184ac476d437f6ebf8c18b53fdf98b1a0f9,,src/attack_timings.rs;docs/enemy-coverage.json;scripts/generate-attack-timings.py;scripts/attack_responses.py
c5080,3046,2,2.466666698,3.233333349,unverified,extracted_unverified,false,false,27cc8e608bbcfd35956ef2b085788184ac476d437f6ebf8c18b53fdf98b1a0f9,,src/attack_timings.rs;docs/enemy-coverage.json;scripts/generate-attack-timings.py;scripts/attack_responses.py
c5080,3046,3,3.266666651,3.900000095,unverified,extracted_unverified,false,false,27cc8e608bbcfd35956ef2b085788184ac476d437f6ebf8c18b53fdf98b1a0f9,,src/attack_timings.rs;docs/enemy-coverage.json;scripts/generate-attack-timings.py;scripts/attack_responses.py
c5080,3063,0,1.200000048,1.333333373,unverified,extracted_unverified,false,false,27cc8e608bbcfd35956ef2b085788184ac476d437f6ebf8c18b53fdf98b1a0f9,,src/attack_timings.rs;docs/enemy-coverage.json;scripts/generate-attack-timings.py;scripts/attack_responses.py
c5080,3064,0,0.733333349,0.933333337,unverified,extracted_unverified,false,false,27cc8e608bbcfd35956ef2b085788184ac476d437f6ebf8c18b53fdf98b1a0f9,,src/attack_timings.rs;docs/enemy-coverage.json;scripts/generate-attack-timings.py;scripts/attack_responses.py
c5080,3066,0,1.500000000,1.633333325,unverified,extracted_unverified,false,false,27cc8e608bbcfd35956ef2b085788184ac476d437f6ebf8c18b53fdf98b1a0f9,,src/attack_timings.rs;docs/enemy-coverage.json;scripts/generate-attack-timings.py;scripts/attack_responses.py
c5080,3068,0,1.000000000,1.133333325,unverified,extracted_unverified,false,false,27cc8e608bbcfd35956ef2b085788184ac476d437f6ebf8c18b53fdf98b1a0f9,,src/attack_timings.rs;docs/enemy-coverage.json;scripts/generate-attack-timings.py;scripts/attack_responses.py
c5080,3068,1,1.500000000,3.166666746,unverified,extracted_unverified,false,false,27cc8e608bbcfd35956ef2b085788184ac476d437f6ebf8c18b53fdf98b1a0f9,,src/attack_timings.rs;docs/enemy-coverage.json;scripts/generate-attack-timings.py;scripts/attack_responses.py
c5080,3070,0,1.399999976,1.600000024,unverified,extracted_unverified,false,false,27cc8e608bbcfd35956ef2b085788184ac476d437f6ebf8c18b53fdf98b1a0f9,,src/attack_timings.rs;docs/enemy-coverage.json;scripts/generate-attack-timings.py;scripts/attack_responses.py
c5080,3082,0,1.299999952,1.399999976,unverified,extracted_unverified,false,false,27cc8e608bbcfd35956ef2b085788184ac476d437f6ebf8c18b53fdf98b1a0f9,,src/attack_timings.rs;docs/enemy-coverage.json;scripts/generate-attack-timings.py;scripts/attack_responses.py
c5080,3083,0,0.566666663,0.766666651,unverified,extracted_unverified,false,false,27cc8e608bbcfd35956ef2b085788184ac476d437f6ebf8c18b53fdf98b1a0f9,,src/attack_timings.rs;docs/enemy-coverage.json;scripts/generate-attack-timings.py;scripts/attack_responses.py
c5080,3084,0,1.333333373,1.600000024,unverified,extracted_unverified,false,false,27cc8e608bbcfd35956ef2b085788184ac476d437f6ebf8c18b53fdf98b1a0f9,,src/attack_timings.rs;docs/enemy-coverage.json;scripts/generate-attack-timings.py;scripts/attack_responses.py
c5080,3085,0,1.399999976,1.533333302,unverified,extracted_unverified,false,false,27cc8e608bbcfd35956ef2b085788184ac476d437f6ebf8c18b53fdf98b1a0f9,,src/attack_timings.rs;docs/enemy-coverage.json;scripts/generate-attack-timings.py;scripts/attack_responses.py
c5080,3085,1,1.966666698,2.099999905,unverified,extracted_unverified,false,false,27cc8e608bbcfd35956ef2b085788184ac476d437f6ebf8c18b53fdf98b1a0f9,,src/attack_timings.rs;docs/enemy-coverage.json;scripts/generate-attack-timings.py;scripts/attack_responses.py
c5080,3086,0,0.466666669,0.566666663,unverified,extracted_unverified,false,false,27cc8e608bbcfd35956ef2b085788184ac476d437f6ebf8c18b53fdf98b1a0f9,,src/attack_timings.rs;docs/enemy-coverage.json;scripts/generate-attack-timings.py;scripts/attack_responses.py
c5080,3086,1,1.666666627,1.766666651,unverified,extracted_unverified,false,false,27cc8e608bbcfd35956ef2b085788184ac476d437f6ebf8c18b53fdf98b1a0f9,,src/attack_timings.rs;docs/enemy-coverage.json;scripts/generate-attack-timings.py;scripts/attack_responses.py
c5080,3089,0,0.766666651,1.166666627,unverified,extracted_unverified,false,false,27cc8e608bbcfd35956ef2b085788184ac476d437f6ebf8c18b53fdf98b1a0f9,,src/attack_timings.rs;docs/enemy-coverage.json;scripts/generate-attack-timings.py;scripts/attack_responses.py
c5080,3089,1,2.633333445,2.866666555,unverified,extracted_unverified,false,false,27cc8e608bbcfd35956ef2b085788184ac476d437f6ebf8c18b53fdf98b1a0f9,,src/attack_timings.rs;docs/enemy-coverage.json;scripts/generate-attack-timings.py;scripts/attack_responses.py
c5080,3090,0,1.100000024,1.200000048,unverified,extracted_unverified,false,false,27cc8e608bbcfd35956ef2b085788184ac476d437f6ebf8c18b53fdf98b1a0f9,,src/attack_timings.rs;docs/enemy-coverage.json;scripts/generate-attack-timings.py;scripts/attack_responses.py
c5080,3091,0,1.299999952,1.566666722,unverified,extracted_unverified,false,false,27cc8e608bbcfd35956ef2b085788184ac476d437f6ebf8c18b53fdf98b1a0f9,,src/attack_timings.rs;docs/enemy-coverage.json;scripts/generate-attack-timings.py;scripts/attack_responses.py
c5080,3096,0,1.100000024,1.266666651,unverified,extracted_unverified,false,false,27cc8e608bbcfd35956ef2b085788184ac476d437f6ebf8c18b53fdf98b1a0f9,,src/attack_timings.rs;docs/enemy-coverage.json;scripts/generate-attack-timings.py;scripts/attack_responses.py
c5080,3096,1,1.500000000,1.600000024,unverified,extracted_unverified,false,false,27cc8e608bbcfd35956ef2b085788184ac476d437f6ebf8c18b53fdf98b1a0f9,,src/attack_timings.rs;docs/enemy-coverage.json;scripts/generate-attack-timings.py;scripts/attack_responses.py
c5080,3096,2,1.833333373,1.933333278,unverified,extracted_unverified,false,false,27cc8e608bbcfd35956ef2b085788184ac476d437f6ebf8c18b53fdf98b1a0f9,,src/attack_timings.rs;docs/enemy-coverage.json;scripts/generate-attack-timings.py;scripts/attack_responses.py
c5080,3096,3,2.500000000,2.733333349,unverified,extracted_unverified,false,false,27cc8e608bbcfd35956ef2b085788184ac476d437f6ebf8c18b53fdf98b1a0f9,,src/attack_timings.rs;docs/enemy-coverage.json;scripts/generate-attack-timings.py;scripts/attack_responses.py
c5080,3097,0,0.000000000,1.299999952,unverified,extracted_unverified,false,false,27cc8e608bbcfd35956ef2b085788184ac476d437f6ebf8c18b53fdf98b1a0f9,,src/attack_timings.rs;docs/enemy-coverage.json;scripts/generate-attack-timings.py;scripts/attack_responses.py
c5080,5010,0,0.000000000,0.633333325,unverified,extracted_unverified,false,false,27cc8e608bbcfd35956ef2b085788184ac476d437f6ebf8c18b53fdf98b1a0f9,,src/attack_timings.rs;docs/enemy-coverage.json;scripts/generate-attack-timings.py;scripts/attack_responses.py
c5080,8010,0,3.733333349,4.766666889,unverified,extracted_unverified,false,false,27cc8e608bbcfd35956ef2b085788184ac476d437f6ebf8c18b53fdf98b1a0f9,,src/attack_timings.rs;docs/enemy-coverage.json;scripts/generate-attack-timings.py;scripts/attack_responses.py
c5080,8011,0,3.733333349,4.766666889,unverified,extracted_unverified,false,false,27cc8e608bbcfd35956ef2b085788184ac476d437f6ebf8c18b53fdf98b1a0f9,,src/attack_timings.rs;docs/enemy-coverage.json;scripts/generate-attack-timings.py;scripts/attack_responses.py
c5080,8012,0,3.733333349,4.766666889,unverified,extracted_unverified,false,false,27cc8e608bbcfd35956ef2b085788184ac476d437f6ebf8c18b53fdf98b1a0f9,,src/attack_timings.rs;docs/enemy-coverage.json;scripts/generate-attack-timings.py;scripts/attack_responses.py
c5080,8013,0,3.733333349,4.766666889,unverified,extracted_unverified,false,false,27cc8e608bbcfd35956ef2b085788184ac476d437f6ebf8c18b53fdf98b1a0f9,,src/attack_timings.rs;docs/enemy-coverage.json;scripts/generate-attack-timings.py;scripts/attack_responses.py
c5080,405010,0,0.000000000,0.633333325,unverified,extracted_unverified,false,false,27cc8e608bbcfd35956ef2b085788184ac476d437f6ebf8c18b53fdf98b1a0f9,,src/attack_timings.rs;docs/enemy-coverage.json;scripts/generate-attack-timings.py;scripts/attack_responses.py
c5090,3000,0,0.766666651,0.866666675,unverified,extracted_unverified,false,false,989c05742ae97146490ea0484381ad3c3c058d0c2b197a4e96b86d11ebddcbd1,,src/attack_timings.rs;docs/enemy-coverage.json;scripts/generate-attack-timings.py;scripts/attack_responses.py
c5090,3001,0,0.366666675,0.466666669,unverified,extracted_unverified,false,false,989c05742ae97146490ea0484381ad3c3c058d0c2b197a4e96b86d11ebddcbd1,,src/attack_timings.rs;docs/enemy-coverage.json;scripts/generate-attack-timings.py;scripts/attack_responses.py
c5090,3001,1,0.699999988,0.833333313,unverified,extracted_unverified,false,false,989c05742ae97146490ea0484381ad3c3c058d0c2b197a4e96b86d11ebddcbd1,,src/attack_timings.rs;docs/enemy-coverage.json;scripts/generate-attack-timings.py;scripts/attack_responses.py
c5090,3002,0,0.733333349,0.866666675,unverified,extracted_unverified,false,false,989c05742ae97146490ea0484381ad3c3c058d0c2b197a4e96b86d11ebddcbd1,,src/attack_timings.rs;docs/enemy-coverage.json;scripts/generate-attack-timings.py;scripts/attack_responses.py
c5090,3003,0,0.933333337,1.066666722,unverified,extracted_unverified,false,false,989c05742ae97146490ea0484381ad3c3c058d0c2b197a4e96b86d11ebddcbd1,,src/attack_timings.rs;docs/enemy-coverage.json;scripts/generate-attack-timings.py;scripts/attack_responses.py
c5090,3004,0,1.166666627,1.266666651,unverified,extracted_unverified,false,false,989c05742ae97146490ea0484381ad3c3c058d0c2b197a4e96b86d11ebddcbd1,,src/attack_timings.rs;docs/enemy-coverage.json;scripts/generate-attack-timings.py;scripts/attack_responses.py
c5090,3005,0,0.233333334,0.333333343,parry,classified_estimate,false,false,989c05742ae97146490ea0484381ad3c3c058d0c2b197a4e96b86d11ebddcbd1,,src/attack_timings.rs;docs/enemy-coverage.json;scripts/generate-attack-timings.py;scripts/attack_responses.py
c5090,3006,0,0.666666687,0.766666651,unverified,extracted_unverified,false,false,989c05742ae97146490ea0484381ad3c3c058d0c2b197a4e96b86d11ebddcbd1,,src/attack_timings.rs;docs/enemy-coverage.json;scripts/generate-attack-timings.py;scripts/attack_responses.py
c5090,3007,0,1.600000024,1.700000048,unverified,extracted_unverified,false,false,989c05742ae97146490ea0484381ad3c3c058d0c2b197a4e96b86d11ebddcbd1,,src/attack_timings.rs;docs/enemy-coverage.json;scripts/generate-attack-timings.py;scripts/attack_responses.py
c5090,3008,0,0.766666651,0.866666675,unverified,extracted_unverified,false,false,989c05742ae97146490ea0484381ad3c3c058d0c2b197a4e96b86d11ebddcbd1,,src/attack_timings.rs;docs/enemy-coverage.json;scripts/generate-attack-timings.py;scripts/attack_responses.py
c5090,3008,1,1.100000024,1.200000048,unverified,extracted_unverified,false,false,989c05742ae97146490ea0484381ad3c3c058d0c2b197a4e96b86d11ebddcbd1,,src/attack_timings.rs;docs/enemy-coverage.json;scripts/generate-attack-timings.py;scripts/attack_responses.py
c5090,3009,0,0.400000006,0.500000000,parry,classified_estimate,false,false,989c05742ae97146490ea0484381ad3c3c058d0c2b197a4e96b86d11ebddcbd1,,src/attack_timings.rs;docs/enemy-coverage.json;scripts/generate-attack-timings.py;scripts/attack_responses.py
c5090,3009,1,0.766666651,0.866666675,parry,classified_estimate,false,false,989c05742ae97146490ea0484381ad3c3c058d0c2b197a4e96b86d11ebddcbd1,,src/attack_timings.rs;docs/enemy-coverage.json;scripts/generate-attack-timings.py;scripts/attack_responses.py
c5090,3011,0,0.300000012,0.366666675,unverified,extracted_unverified,false,false,989c05742ae97146490ea0484381ad3c3c058d0c2b197a4e96b86d11ebddcbd1,,src/attack_timings.rs;docs/enemy-coverage.json;scripts/generate-attack-timings.py;scripts/attack_responses.py
c5090,3012,0,0.233333334,0.333333343,unverified,extracted_unverified,false,false,989c05742ae97146490ea0484381ad3c3c058d0c2b197a4e96b86d11ebddcbd1,,src/attack_timings.rs;docs/enemy-coverage.json;scripts/generate-attack-timings.py;scripts/attack_responses.py
c5090,3013,0,0.933333337,1.233333349,jump,classified_estimate,false,false,989c05742ae97146490ea0484381ad3c3c058d0c2b197a4e96b86d11ebddcbd1,50900130,src/attack_timings.rs;docs/enemy-coverage.json;docs/response-coverage.json;scripts/generate-attack-timings.py;scripts/attack_responses.py
c5090,3014,0,0.466666669,0.633333325,unverified,extracted_unverified,false,false,989c05742ae97146490ea0484381ad3c3c058d0c2b197a4e96b86d11ebddcbd1,,src/attack_timings.rs;docs/enemy-coverage.json;scripts/generate-attack-timings.py;scripts/attack_responses.py
c5090,3015,0,0.400000006,0.533333361,unverified,extracted_unverified,false,false,989c05742ae97146490ea0484381ad3c3c058d0c2b197a4e96b86d11ebddcbd1,,src/attack_timings.rs;docs/enemy-coverage.json;scripts/generate-attack-timings.py;scripts/attack_responses.py
c5090,3021,0,0.833333313,0.866666675,unverified,extracted_unverified,false,false,989c05742ae97146490ea0484381ad3c3c058d0c2b197a4e96b86d11ebddcbd1,,src/attack_timings.rs;docs/enemy-coverage.json;scripts/generate-attack-timings.py;scripts/attack_responses.py
c5090,3021,1,1.966666698,2.066666603,unverified,extracted_unverified,false,false,989c05742ae97146490ea0484381ad3c3c058d0c2b197a4e96b86d11ebddcbd1,,src/attack_timings.rs;docs/enemy-coverage.json;scripts/generate-attack-timings.py;scripts/attack_responses.py
c5090,3021,2,2.299999952,2.366666555,unverified,extracted_unverified,false,false,989c05742ae97146490ea0484381ad3c3c058d0c2b197a4e96b86d11ebddcbd1,,src/attack_timings.rs;docs/enemy-coverage.json;scripts/generate-attack-timings.py;scripts/attack_responses.py
c5090,3021,3,2.633333445,2.733333349,unverified,extracted_unverified,false,false,989c05742ae97146490ea0484381ad3c3c058d0c2b197a4e96b86d11ebddcbd1,,src/attack_timings.rs;docs/enemy-coverage.json;scripts/generate-attack-timings.py;scripts/attack_responses.py
c5090,3021,4,2.966666698,3.066666603,unverified,extracted_unverified,false,false,989c05742ae97146490ea0484381ad3c3c058d0c2b197a4e96b86d11ebddcbd1,,src/attack_timings.rs;docs/enemy-coverage.json;scripts/generate-attack-timings.py;scripts/attack_responses.py
c5090,3021,5,3.299999952,3.400000095,unverified,extracted_unverified,false,false,989c05742ae97146490ea0484381ad3c3c058d0c2b197a4e96b86d11ebddcbd1,,src/attack_timings.rs;docs/enemy-coverage.json;scripts/generate-attack-timings.py;scripts/attack_responses.py
c5090,3021,6,3.666666746,3.766666651,unverified,extracted_unverified,false,false,989c05742ae97146490ea0484381ad3c3c058d0c2b197a4e96b86d11ebddcbd1,,src/attack_timings.rs;docs/enemy-coverage.json;scripts/generate-attack-timings.py;scripts/attack_responses.py
c5090,3021,7,4.966666698,5.066666603,unverified,extracted_unverified,false,false,989c05742ae97146490ea0484381ad3c3c058d0c2b197a4e96b86d11ebddcbd1,,src/attack_timings.rs;docs/enemy-coverage.json;scripts/generate-attack-timings.py;scripts/attack_responses.py
c5090,3022,0,0.866666675,1.000000000,unverified,extracted_unverified,false,false,989c05742ae97146490ea0484381ad3c3c058d0c2b197a4e96b86d11ebddcbd1,,src/attack_timings.rs;docs/enemy-coverage.json;scripts/generate-attack-timings.py;scripts/attack_responses.py
c5090,3023,0,2.099999905,2.333333254,unverified,extracted_unverified,false,false,989c05742ae97146490ea0484381ad3c3c058d0c2b197a4e96b86d11ebddcbd1,,src/attack_timings.rs;docs/enemy-coverage.json;scripts/generate-attack-timings.py;scripts/attack_responses.py
c5090,3032,0,2.966666698,3.066666603,unverified,extracted_unverified,false,false,989c05742ae97146490ea0484381ad3c3c058d0c2b197a4e96b86d11ebddcbd1,,src/attack_timings.rs;docs/enemy-coverage.json;scripts/generate-attack-timings.py;scripts/attack_responses.py
c5090,3032,1,3.299999952,3.433333397,unverified,extracted_unverified,false,false,989c05742ae97146490ea0484381ad3c3c058d0c2b197a4e96b86d11ebddcbd1,,src/attack_timings.rs;docs/enemy-coverage.json;scripts/generate-attack-timings.py;scripts/attack_responses.py
c5090,3033,0,1.399999976,1.533333302,unverified,extracted_unverified,false,false,989c05742ae97146490ea0484381ad3c3c058d0c2b197a4e96b86d11ebddcbd1,,src/attack_timings.rs;docs/enemy-coverage.json;scripts/generate-attack-timings.py;scripts/attack_responses.py
c5090,3060,0,0.933333337,1.200000048,jump,classified_estimate,false,false,989c05742ae97146490ea0484381ad3c3c058d0c2b197a4e96b86d11ebddcbd1,50900600,src/attack_timings.rs;docs/enemy-coverage.json;docs/response-coverage.json;scripts/generate-attack-timings.py;scripts/attack_responses.py
c5090,3061,0,0.566666663,0.666666687,parry,classified_estimate,false,false,989c05742ae97146490ea0484381ad3c3c058d0c2b197a4e96b86d11ebddcbd1,,src/attack_timings.rs;docs/enemy-coverage.json;scripts/generate-attack-timings.py;scripts/attack_responses.py
c5090,3065,0,0.766666651,0.866666675,parry,classified_estimate,false,false,989c05742ae97146490ea0484381ad3c3c058d0c2b197a4e96b86d11ebddcbd1,,src/attack_timings.rs;docs/enemy-coverage.json;scripts/generate-attack-timings.py;scripts/attack_responses.py
c5090,3065,1,1.166666627,1.266666651,parry,classified_estimate,false,false,989c05742ae97146490ea0484381ad3c3c058d0c2b197a4e96b86d11ebddcbd1,,src/attack_timings.rs;docs/enemy-coverage.json;scripts/generate-attack-timings.py;scripts/attack_responses.py
c5090,3065,2,1.566666722,1.700000048,parry,classified_estimate,false,false,989c05742ae97146490ea0484381ad3c3c058d0c2b197a4e96b86d11ebddcbd1,,src/attack_timings.rs;docs/enemy-coverage.json;scripts/generate-attack-timings.py;scripts/attack_responses.py
c5090,3066,0,0.566666663,0.666666687,parry,classified_estimate,false,false,989c05742ae97146490ea0484381ad3c3c058d0c2b197a4e96b86d11ebddcbd1,,src/attack_timings.rs;docs/enemy-coverage.json;scripts/generate-attack-timings.py;scripts/attack_responses.py
c5090,3232,0,0.766666651,1.033333302,unverified,extracted_unverified,false,false,989c05742ae97146490ea0484381ad3c3c058d0c2b197a4e96b86d11ebddcbd1,,src/attack_timings.rs;docs/enemy-coverage.json;scripts/generate-attack-timings.py;scripts/attack_responses.py
c5090,3240,0,0.966666639,1.700000048,dodge,classified_estimate,false,false,989c05742ae97146490ea0484381ad3c3c058d0c2b197a4e96b86d11ebddcbd1,50900220,src/attack_timings.rs;docs/enemy-coverage.json;docs/response-coverage.json;scripts/generate-attack-timings.py;scripts/attack_responses.py
c5100,3000,0,0.666666687,0.933333337,unverified,extracted_unverified,false,false,98e1948d7c94eb3634c9ea08f5450f018bc865abaff7b6c4c75e24aadf21aa75,,src/attack_timings.rs;docs/enemy-coverage.json;scripts/generate-attack-timings.py;scripts/attack_responses.py
c5100,3000,1,1.500000000,1.733333349,unverified,extracted_unverified,false,false,98e1948d7c94eb3634c9ea08f5450f018bc865abaff7b6c4c75e24aadf21aa75,,src/attack_timings.rs;docs/enemy-coverage.json;scripts/generate-attack-timings.py;scripts/attack_responses.py
c5100,3001,0,0.666666687,0.800000012,unverified,extracted_unverified,false,false,98e1948d7c94eb3634c9ea08f5450f018bc865abaff7b6c4c75e24aadf21aa75,,src/attack_timings.rs;docs/enemy-coverage.json;scripts/generate-attack-timings.py;scripts/attack_responses.py
c5100,3001,1,1.000000000,1.133333325,unverified,extracted_unverified,false,false,98e1948d7c94eb3634c9ea08f5450f018bc865abaff7b6c4c75e24aadf21aa75,,src/attack_timings.rs;docs/enemy-coverage.json;scripts/generate-attack-timings.py;scripts/attack_responses.py
c5100,3001,2,1.733333349,2.000000000,unverified,extracted_unverified,false,false,98e1948d7c94eb3634c9ea08f5450f018bc865abaff7b6c4c75e24aadf21aa75,,src/attack_timings.rs;docs/enemy-coverage.json;scripts/generate-attack-timings.py;scripts/attack_responses.py
c5100,3002,0,2.299999952,2.400000095,unverified,extracted_unverified,false,false,98e1948d7c94eb3634c9ea08f5450f018bc865abaff7b6c4c75e24aadf21aa75,,src/attack_timings.rs;docs/enemy-coverage.json;scripts/generate-attack-timings.py;scripts/attack_responses.py
c5100,3002,1,2.700000048,2.799999952,unverified,extracted_unverified,false,false,98e1948d7c94eb3634c9ea08f5450f018bc865abaff7b6c4c75e24aadf21aa75,,src/attack_timings.rs;docs/enemy-coverage.json;scripts/generate-attack-timings.py;scripts/attack_responses.py
c5100,3002,2,3.266666651,3.366666555,unverified,extracted_unverified,false,false,98e1948d7c94eb3634c9ea08f5450f018bc865abaff7b6c4c75e24aadf21aa75,,src/attack_timings.rs;docs/enemy-coverage.json;scripts/generate-attack-timings.py;scripts/attack_responses.py
c5100,3002,3,3.799999952,3.933333397,unverified,extracted_unverified,false,false,98e1948d7c94eb3634c9ea08f5450f018bc865abaff7b6c4c75e24aadf21aa75,,src/attack_timings.rs;docs/enemy-coverage.json;scripts/generate-attack-timings.py;scripts/attack_responses.py
c5100,3003,0,0.666666687,1.066666722,unverified,extracted_unverified,false,false,98e1948d7c94eb3634c9ea08f5450f018bc865abaff7b6c4c75e24aadf21aa75,,src/attack_timings.rs;docs/enemy-coverage.json;scripts/generate-attack-timings.py;scripts/attack_responses.py
c5100,3004,0,0.333333343,0.566666663,unverified,extracted_unverified,false,false,98e1948d7c94eb3634c9ea08f5450f018bc865abaff7b6c4c75e24aadf21aa75,,src/attack_timings.rs;docs/enemy-coverage.json;scripts/generate-attack-timings.py;scripts/attack_responses.py
c5100,3004,1,1.933333278,2.233333349,unverified,extracted_unverified,false,false,98e1948d7c94eb3634c9ea08f5450f018bc865abaff7b6c4c75e24aadf21aa75,,src/attack_timings.rs;docs/enemy-coverage.json;scripts/generate-attack-timings.py;scripts/attack_responses.py
c5100,3005,0,0.666666687,0.800000012,unverified,extracted_unverified,false,false,98e1948d7c94eb3634c9ea08f5450f018bc865abaff7b6c4c75e24aadf21aa75,,src/attack_timings.rs;docs/enemy-coverage.json;scripts/generate-attack-timings.py;scripts/attack_responses.py
c5100,3005,1,1.000000000,1.133333325,unverified,extracted_unverified,false,false,98e1948d7c94eb3634c9ea08f5450f018bc865abaff7b6c4c75e24aadf21aa75,,src/attack_timings.rs;docs/enemy-coverage.json;scripts/generate-attack-timings.py;scripts/attack_responses.py
c5100,3006,0,1.399999976,1.700000048,unverified,extracted_unverified,false,false,98e1948d7c94eb3634c9ea08f5450f018bc865abaff7b6c4c75e24aadf21aa75,,src/attack_timings.rs;docs/enemy-coverage.json;scripts/generate-attack-timings.py;scripts/attack_responses.py
c5100,3007,0,1.299999952,1.899999976,unverified,extracted_unverified,false,false,98e1948d7c94eb3634c9ea08f5450f018bc865abaff7b6c4c75e24aadf21aa75,,src/attack_timings.rs;docs/enemy-coverage.json;scripts/generate-attack-timings.py;scripts/attack_responses.py
c5100,3008,0,3.166666746,3.400000095,unverified,extracted_unverified,false,false,98e1948d7c94eb3634c9ea08f5450f018bc865abaff7b6c4c75e24aadf21aa75,,src/attack_timings.rs;docs/enemy-coverage.json;scripts/generate-attack-timings.py;scripts/attack_responses.py
c5100,3008,1,4.166666508,4.433333397,unverified,extracted_unverified,false,false,98e1948d7c94eb3634c9ea08f5450f018bc865abaff7b6c4c75e24aadf21aa75,,src/attack_timings.rs;docs/enemy-coverage.json;scripts/generate-attack-timings.py;scripts/attack_responses.py
c5100,3009,0,1.100000024,1.266666651,unverified,extracted_unverified,false,false,98e1948d7c94eb3634c9ea08f5450f018bc865abaff7b6c4c75e24aadf21aa75,,src/attack_timings.rs;docs/enemy-coverage.json;scripts/generate-attack-timings.py;scripts/attack_responses.py
c5100,3013,0,0.600000024,0.899999976,unverified,extracted_unverified,false,false,98e1948d7c94eb3634c9ea08f5450f018bc865abaff7b6c4c75e24aadf21aa75,,src/attack_timings.rs;docs/enemy-coverage.json;scripts/generate-attack-timings.py;scripts/attack_responses.py
c5100,3013,1,1.666666627,1.833333373,unverified,extracted_unverified,false,false,98e1948d7c94eb3634c9ea08f5450f018bc865abaff7b6c4c75e24aadf21aa75,,src/attack_timings.rs;docs/enemy-coverage.json;scripts/generate-attack-timings.py;scripts/attack_responses.py
c5100,3016,0,1.799999952,2.099999905,dodge,classified_estimate,false,false,98e1948d7c94eb3634c9ea08f5450f018bc865abaff7b6c4c75e24aadf21aa75,51000320,src/attack_timings.rs;docs/enemy-coverage.json;docs/response-coverage.json;scripts/generate-attack-timings.py;scripts/attack_responses.py
c5100,3019,0,0.966666639,1.333333373,unverified,extracted_unverified,false,false,98e1948d7c94eb3634c9ea08f5450f018bc865abaff7b6c4c75e24aadf21aa75,,src/attack_timings.rs;docs/enemy-coverage.json;scripts/generate-attack-timings.py;scripts/attack_responses.py
c5100,3019,1,1.666666627,2.000000000,unverified,extracted_unverified,false,false,98e1948d7c94eb3634c9ea08f5450f018bc865abaff7b6c4c75e24aadf21aa75,,src/attack_timings.rs;docs/enemy-coverage.json;scripts/generate-attack-timings.py;scripts/attack_responses.py
c5100,3020,0,0.066666670,0.566666663,unverified,extracted_unverified,false,false,98e1948d7c94eb3634c9ea08f5450f018bc865abaff7b6c4c75e24aadf21aa75,,src/attack_timings.rs;docs/enemy-coverage.json;scripts/generate-attack-timings.py;scripts/attack_responses.py
c5100,3020,1,1.200000048,1.533333302,unverified,extracted_unverified,false,false,98e1948d7c94eb3634c9ea08f5450f018bc865abaff7b6c4c75e24aadf21aa75,,src/attack_timings.rs;docs/enemy-coverage.json;scripts/generate-attack-timings.py;scripts/attack_responses.py
c5100,3020,2,2.799999952,3.066666603,unverified,extracted_unverified,false,false,98e1948d7c94eb3634c9ea08f5450f018bc865abaff7b6c4c75e24aadf21aa75,,src/attack_timings.rs;docs/enemy-coverage.json;scripts/generate-attack-timings.py;scripts/attack_responses.py
c5100,3021,0,1.799999952,2.166666746,unverified,extracted_unverified,false,false,98e1948d7c94eb3634c9ea08f5450f018bc865abaff7b6c4c75e24aadf21aa75,,src/attack_timings.rs;docs/enemy-coverage.json;scripts/generate-attack-timings.py;scripts/attack_responses.py
c5100,3021,1,3.299999952,3.400000095,unverified,extracted_unverified,false,false,98e1948d7c94eb3634c9ea08f5450f018bc865abaff7b6c4c75e24aadf21aa75,,src/attack_timings.rs;docs/enemy-coverage.json;scripts/generate-attack-timings.py;scripts/attack_responses.py
c5100,3021,2,3.700000048,3.799999952,unverified,extracted_unverified,false,false,98e1948d7c94eb3634c9ea08f5450f018bc865abaff7b6c4c75e24aadf21aa75,,src/attack_timings.rs;docs/enemy-coverage.json;scripts/generate-attack-timings.py;scripts/attack_responses.py
c5100,3021,3,4.266666889,4.366666794,unverified,extracted_unverified,false,false,98e1948d7c94eb3634c9ea08f5450f018bc865abaff7b6c4c75e24aadf21aa75,,src/attack_timings.rs;docs/enemy-coverage.json;scripts/generate-attack-timings.py;scripts/attack_responses.py
c5100,3021,4,4.800000191,4.933333397,unverified,extracted_unverified,false,false,98e1948d7c94eb3634c9ea08f5450f018bc865abaff7b6c4c75e24aadf21aa75,,src/attack_timings.rs;docs/enemy-coverage.json;scripts/generate-attack-timings.py;scripts/attack_responses.py
c5100,3022,0,0.533333361,0.800000012,unverified,extracted_unverified,false,false,98e1948d7c94eb3634c9ea08f5450f018bc865abaff7b6c4c75e24aadf21aa75,,src/attack_timings.rs;docs/enemy-coverage.json;scripts/generate-attack-timings.py;scripts/attack_responses.py
c5100,3023,0,0.533333361,0.800000012,unverified,extracted_unverified,false,false,98e1948d7c94eb3634c9ea08f5450f018bc865abaff7b6c4c75e24aadf21aa75,,src/attack_timings.rs;docs/enemy-coverage.json;scripts/generate-attack-timings.py;scripts/attack_responses.py
c5100,3024,0,0.533333361,0.800000012,unverified,extracted_unverified,false,false,98e1948d7c94eb3634c9ea08f5450f018bc865abaff7b6c4c75e24aadf21aa75,,src/attack_timings.rs;docs/enemy-coverage.json;scripts/generate-attack-timings.py;scripts/attack_responses.py
c5100,3024,1,1.333333373,1.566666722,unverified,extracted_unverified,false,false,98e1948d7c94eb3634c9ea08f5450f018bc865abaff7b6c4c75e24aadf21aa75,,src/attack_timings.rs;docs/enemy-coverage.json;scripts/generate-attack-timings.py;scripts/attack_responses.py
c5100,3025,0,0.533333361,0.766666651,unverified,extracted_unverified,false,false,98e1948d7c94eb3634c9ea08f5450f018bc865abaff7b6c4c75e24aadf21aa75,,src/attack_timings.rs;docs/enemy-coverage.json;scripts/generate-attack-timings.py;scripts/attack_responses.py
c5100,3025,1,1.299999952,1.399999976,unverified,extracted_unverified,false,false,98e1948d7c94eb3634c9ea08f5450f018bc865abaff7b6c4c75e24aadf21aa75,,src/attack_timings.rs;docs/enemy-coverage.json;scripts/generate-attack-timings.py;scripts/attack_responses.py
c5100,3025,2,1.466666698,1.566666722,unverified,extracted_unverified,false,false,98e1948d7c94eb3634c9ea08f5450f018bc865abaff7b6c4c75e24aadf21aa75,,src/attack_timings.rs;docs/enemy-coverage.json;scripts/generate-attack-timings.py;scripts/attack_responses.py
c5100,3027,0,1.766666651,2.000000000,unverified,extracted_unverified,false,false,98e1948d7c94eb3634c9ea08f5450f018bc865abaff7b6c4c75e24aadf21aa75,,src/attack_timings.rs;docs/enemy-coverage.json;scripts/generate-attack-timings.py;scripts/attack_responses.py
c5100,3027,1,2.766666651,3.033333302,unverified,extracted_unverified,false,false,98e1948d7c94eb3634c9ea08f5450f018bc865abaff7b6c4c75e24aadf21aa75,,src/attack_timings.rs;docs/enemy-coverage.json;scripts/generate-attack-timings.py;scripts/attack_responses.py
c5100,3031,0,1.633333325,1.866666675,unverified,extracted_unverified,false,false,98e1948d7c94eb3634c9ea08f5450f018bc865abaff7b6c4c75e24aadf21aa75,,src/attack_timings.rs;docs/enemy-coverage.json;scripts/generate-attack-timings.py;scripts/attack_responses.py
c5100,20020,0,1.633333325,1.766666651,unverified,extracted_unverified,false,false,98e1948d7c94eb3634c9ea08f5450f018bc865abaff7b6c4c75e24aadf21aa75,,src/attack_timings.rs;docs/enemy-coverage.json;scripts/generate-attack-timings.py;scripts/attack_responses.py
c5100,20020,1,3.866666555,4.000000000,parry,classified_estimate,false,false,98e1948d7c94eb3634c9ea08f5450f018bc865abaff7b6c4c75e24aadf21aa75,,src/attack_timings.rs;docs/enemy-coverage.json;scripts/generate-attack-timings.py;scripts/attack_responses.py
c5100,20020,2,4.500000000,4.566666603,parry,classified_estimate,false,false,98e1948d7c94eb3634c9ea08f5450f018bc865abaff7b6c4c75e24aadf21aa75,,src/attack_timings.rs;docs/enemy-coverage.json;scripts/generate-attack-timings.py;scripts/attack_responses.py
c5100,100003000,0,1.233333349,1.366666675,parry,classified_estimate,false,false,98e1948d7c94eb3634c9ea08f5450f018bc865abaff7b6c4c75e24aadf21aa75,,src/attack_timings.rs;docs/enemy-coverage.json;scripts/generate-attack-timings.py;scripts/attack_responses.py
c5100,100003000,1,1.766666651,2.066666603,parry,classified_estimate,false,false,98e1948d7c94eb3634c9ea08f5450f018bc865abaff7b6c4c75e24aadf21aa75,,src/attack_timings.rs;docs/enemy-coverage.json;scripts/generate-attack-timings.py;scripts/attack_responses.py
c5100,100003001,0,1.000000000,1.200000048,unverified,extracted_unverified,false,false,98e1948d7c94eb3634c9ea08f5450f018bc865abaff7b6c4c75e24aadf21aa75,,src/attack_timings.rs;docs/enemy-coverage.json;scripts/generate-attack-timings.py;scripts/attack_responses.py
c5100,100003002,0,0.466666669,0.600000024,unverified,extracted_unverified,false,false,98e1948d7c94eb3634c9ea08f5450f018bc865abaff7b6c4c75e24aadf21aa75,,src/attack_timings.rs;docs/enemy-coverage.json;scripts/generate-attack-timings.py;scripts/attack_responses.py
c5100,100003003,0,1.133333325,1.333333373,unverified,extracted_unverified,false,false,98e1948d7c94eb3634c9ea08f5450f018bc865abaff7b6c4c75e24aadf21aa75,,src/attack_timings.rs;docs/enemy-coverage.json;scripts/generate-attack-timings.py;scripts/attack_responses.py
c5100,100003003,1,1.933333278,2.099999905,unverified,extracted_unverified,false,false,98e1948d7c94eb3634c9ea08f5450f018bc865abaff7b6c4c75e24aadf21aa75,,src/attack_timings.rs;docs/enemy-coverage.json;scripts/generate-attack-timings.py;scripts/attack_responses.py
c5100,100003003,2,3.099999905,3.400000095,unverified,extracted_unverified,false,false,98e1948d7c94eb3634c9ea08f5450f018bc865abaff7b6c4c75e24aadf21aa75,,src/attack_timings.rs;docs/enemy-coverage.json;scripts/generate-attack-timings.py;scripts/attack_responses.py
c5100,100003003,3,3.700000048,3.966666698,unverified,extracted_unverified,false,false,98e1948d7c94eb3634c9ea08f5450f018bc865abaff7b6c4c75e24aadf21aa75,,src/attack_timings.rs;docs/enemy-coverage.json;scripts/generate-attack-timings.py;scripts/attack_responses.py
c5100,100003003,4,5.233333111,5.300000191,unverified,extracted_unverified,false,false,98e1948d7c94eb3634c9ea08f5450f018bc865abaff7b6c4c75e24aadf21aa75,,src/attack_timings.rs;docs/enemy-coverage.json;scripts/generate-attack-timings.py;scripts/attack_responses.py
c5100,100003004,0,0.766666651,1.133333325,unverified,extracted_unverified,false,false,98e1948d7c94eb3634c9ea08f5450f018bc865abaff7b6c4c75e24aadf21aa75,,src/attack_timings.rs;docs/enemy-coverage.json;scripts/generate-attack-timings.py;scripts/attack_responses.py
c5100,100003004,1,3.033333302,3.099999905,unverified,extracted_unverified,false,false,98e1948d7c94eb3634c9ea08f5450f018bc865abaff7b6c4c75e24aadf21aa75,,src/attack_timings.rs;docs/enemy-coverage.json;scripts/generate-attack-timings.py;scripts/attack_responses.py
c5100,100003005,0,2.933333397,3.200000048,jump,classified_estimate,false,false,98e1948d7c94eb3634c9ea08f5450f018bc865abaff7b6c4c75e24aadf21aa75,51000541,src/attack_timings.rs;docs/enemy-coverage.json;docs/response-coverage.json;scripts/generate-attack-timings.py;scripts/attack_responses.py
c5100,100003006,0,1.266666651,1.466666698,unverified,extracted_unverified,false,false,98e1948d7c94eb3634c9ea08f5450f018bc865abaff7b6c4c75e24aadf21aa75,,src/attack_timings.rs;docs/enemy-coverage.json;scripts/generate-attack-timings.py;scripts/attack_responses.py
c5100,100003006,1,1.799999952,2.066666603,unverified,extracted_unverified,false,false,98e1948d7c94eb3634c9ea08f5450f018bc865abaff7b6c4c75e24aadf21aa75,,src/attack_timings.rs;docs/enemy-coverage.json;scripts/generate-attack-timings.py;scripts/attack_responses.py
c5100,100003006,2,3.433333397,3.666666746,unverified,extracted_unverified,false,false,98e1948d7c94eb3634c9ea08f5450f018bc865abaff7b6c4c75e24aadf21aa75,,src/attack_timings.rs;docs/enemy-coverage.json;scripts/generate-attack-timings.py;scripts/attack_responses.py
c5100,100003006,3,4.433333397,4.699999809,unverified,extracted_unverified,false,false,98e1948d7c94eb3634c9ea08f5450f018bc865abaff7b6c4c75e24aadf21aa75,,src/attack_timings.rs;docs/enemy-coverage.json;scripts/generate-attack-timings.py;scripts/attack_responses.py
c5100,100003009,0,1.200000048,1.633333325,jump,classified_estimate,false,false,98e1948d7c94eb3634c9ea08f5450f018bc865abaff7b6c4c75e24aadf21aa75,51000560,src/attack_timings.rs;docs/enemy-coverage.json;docs/response-coverage.json;scripts/generate-attack-timings.py;scripts/attack_responses.py
c5100,100003011,0,0.800000012,1.100000024,unverified,extracted_unverified,false,false,98e1948d7c94eb3634c9ea08f5450f018bc865abaff7b6c4c75e24aadf21aa75,,src/attack_timings.rs;docs/enemy-coverage.json;scripts/generate-attack-timings.py;scripts/attack_responses.py
c5100,100003011,1,1.433333278,1.733333349,unverified,extracted_unverified,false,false,98e1948d7c94eb3634c9ea08f5450f018bc865abaff7b6c4c75e24aadf21aa75,,src/attack_timings.rs;docs/enemy-coverage.json;scripts/generate-attack-timings.py;scripts/attack_responses.py
c5100,100003012,0,2.299999952,2.433333397,unverified,extracted_unverified,false,false,98e1948d7c94eb3634c9ea08f5450f018bc865abaff7b6c4c75e24aadf21aa75,,src/attack_timings.rs;docs/enemy-coverage.json;scripts/generate-attack-timings.py;scripts/attack_responses.py
c5100,100003013,0,2.266666651,2.466666698,jump,classified_estimate,false,false,98e1948d7c94eb3634c9ea08f5450f018bc865abaff7b6c4c75e24aadf21aa75,51000541,src/attack_timings.rs;docs/enemy-coverage.json;docs/response-coverage.json;scripts/generate-attack-timings.py;scripts/attack_responses.py
c5100,100003015,0,1.166666627,1.566666722,unverified,extracted_unverified,false,false,98e1948d7c94eb3634c9ea08f5450f018bc865abaff7b6c4c75e24aadf21aa75,,src/attack_timings.rs;docs/enemy-coverage.json;scripts/generate-attack-timings.py;scripts/attack_responses.py
c5100,100003015,1,1.833333373,2.200000048,unverified,extracted_unverified,false,false,98e1948d7c94eb3634c9ea08f5450f018bc865abaff7b6c4c75e24aadf21aa75,,src/attack_timings.rs;docs/enemy-coverage.json;scripts/generate-attack-timings.py;scripts/attack_responses.py
c5100,100003015,2,3.000000000,3.366666555,unverified,extracted_unverified,false,false,98e1948d7c94eb3634c9ea08f5450f018bc865abaff7b6c4c75e24aadf21aa75,,src/attack_timings.rs;docs/enemy-coverage.json;scripts/generate-attack-timings.py;scripts/attack_responses.py
c5100,100003015,3,3.599999905,3.933333397,unverified,extracted_unverified,false,false,98e1948d7c94eb3634c9ea08f5450f018bc865abaff7b6c4c75e24aadf21aa75,,src/attack_timings.rs;docs/enemy-coverage.json;scripts/generate-attack-timings.py;scripts/attack_responses.py
c5100,100003015,4,4.133333206,4.466666698,unverified,extracted_unverified,false,false,98e1948d7c94eb3634c9ea08f5450f018bc865abaff7b6c4c75e24aadf21aa75,,src/attack_timings.rs;docs/enemy-coverage.json;scripts/generate-attack-timings.py;scripts/attack_responses.py
c5100,100003016,0,0.566666663,0.833333313,unverified,extracted_unverified,false,false,98e1948d7c94eb3634c9ea08f5450f018bc865abaff7b6c4c75e24aadf21aa75,,src/attack_timings.rs;docs/enemy-coverage.json;scripts/generate-attack-timings.py;scripts/attack_responses.py
c5100,100003016,1,1.100000024,1.333333373,unverified,extracted_unverified,false,false,98e1948d7c94eb3634c9ea08f5450f018bc865abaff7b6c4c75e24aadf21aa75,,src/attack_timings.rs;docs/enemy-coverage.json;scripts/generate-attack-timings.py;scripts/attack_responses.py
c5100,100003016,2,1.566666722,2.033333302,unverified,extracted_unverified,false,false,98e1948d7c94eb3634c9ea08f5450f018bc865abaff7b6c4c75e24aadf21aa75,,src/attack_timings.rs;docs/enemy-coverage.json;scripts/generate-attack-timings.py;scripts/attack_responses.py
c5100,100003018,0,2.333333254,5.433333397,unverified,extracted_unverified,false,false,98e1948d7c94eb3634c9ea08f5450f018bc865abaff7b6c4c75e24aadf21aa75,,src/attack_timings.rs;docs/enemy-coverage.json;scripts/generate-attack-timings.py;scripts/attack_responses.py
c5100,100003060,0,1.066666722,1.200000048,unverified,extracted_unverified,false,false,98e1948d7c94eb3634c9ea08f5450f018bc865abaff7b6c4c75e24aadf21aa75,,src/attack_timings.rs;docs/enemy-coverage.json;scripts/generate-attack-timings.py;scripts/attack_responses.py
c5100,100003060,1,1.600000024,1.899999976,unverified,extracted_unverified,false,false,98e1948d7c94eb3634c9ea08f5450f018bc865abaff7b6c4c75e24aadf21aa75,,src/attack_timings.rs;docs/enemy-coverage.json;scripts/generate-attack-timings.py;scripts/attack_responses.py
c5100,100003061,0,1.000000000,1.266666651,unverified,extracted_unverified,false,false,98e1948d7c94eb3634c9ea08f5450f018bc865abaff7b6c4c75e24aadf21aa75,,src/attack_timings.rs;docs/enemy-coverage.json;scripts/generate-attack-timings.py;scripts/attack_responses.py
c5100,100003062,0,0.633333325,0.933333337,unverified,extracted_unverified,false,false,98e1948d7c94eb3634c9ea08f5450f018bc865abaff7b6c4c75e24aadf21aa75,,src/attack_timings.rs;docs/enemy-coverage.json;scripts/generate-attack-timings.py;scripts/attack_responses.py
c5100,100003062,1,1.266666651,1.566666722,unverified,extracted_unverified,false,false,98e1948d7c94eb3634c9ea08f5450f018bc865abaff7b6c4c75e24aadf21aa75,,src/attack_timings.rs;docs/enemy-coverage.json;scripts/generate-attack-timings.py;scripts/attack_responses.py
c5100,100003063,0,1.766666651,1.966666698,unverified,extracted_unverified,false,false,98e1948d7c94eb3634c9ea08f5450f018bc865abaff7b6c4c75e24aadf21aa75,,src/attack_timings.rs;docs/enemy-coverage.json;scripts/generate-attack-timings.py;scripts/attack_responses.py
c5100,100003063,1,2.566666603,2.733333349,unverified,extracted_unverified,false,false,98e1948d7c94eb3634c9ea08f5450f018bc865abaff7b6c4c75e24aadf21aa75,,src/attack_timings.rs;docs/enemy-coverage.json;scripts/generate-attack-timings.py;scripts/attack_responses.py
c5100,100003063,2,3.633333445,3.933333397,unverified,extracted_unverified,false,false,98e1948d7c94eb3634c9ea08f5450f018bc865abaff7b6c4c75e24aadf21aa75,,src/attack_timings.rs;docs/enemy-coverage.json;scripts/generate-attack-timings.py;scripts/attack_responses.py
c5100,100003063,3,4.233333111,4.500000000,unverified,extracted_unverified,false,false,98e1948d7c94eb3634c9ea08f5450f018bc865abaff7b6c4c75e24aadf21aa75,,src/attack_timings.rs;docs/enemy-coverage.json;scripts/generate-attack-timings.py;scripts/attack_responses.py
c5100,100003063,4,6.233333111,6.333333492,unverified,extracted_unverified,false,false,98e1948d7c94eb3634c9ea08f5450f018bc865abaff7b6c4c75e24aadf21aa75,,src/attack_timings.rs;docs/enemy-coverage.json;scripts/generate-attack-timings.py;scripts/attack_responses.py
c5100,100003065,0,0.800000012,1.100000024,unverified,extracted_unverified,false,false,98e1948d7c94eb3634c9ea08f5450f018bc865abaff7b6c4c75e24aadf21aa75,,src/attack_timings.rs;docs/enemy-coverage.json;scripts/generate-attack-timings.py;scripts/attack_responses.py
c5100,100003066,0,0.200000003,0.566666663,unverified,extracted_unverified,false,false,98e1948d7c94eb3634c9ea08f5450f018bc865abaff7b6c4c75e24aadf21aa75,,src/attack_timings.rs;docs/enemy-coverage.json;scripts/generate-attack-timings.py;scripts/attack_responses.py
c5100,100003066,1,1.200000048,1.566666722,unverified,extracted_unverified,false,false,98e1948d7c94eb3634c9ea08f5450f018bc865abaff7b6c4c75e24aadf21aa75,,src/attack_timings.rs;docs/enemy-coverage.json;scripts/generate-attack-timings.py;scripts/attack_responses.py
c5100,100003066,2,1.766666651,2.133333445,unverified,extracted_unverified,false,false,98e1948d7c94eb3634c9ea08f5450f018bc865abaff7b6c4c75e24aadf21aa75,,src/attack_timings.rs;docs/enemy-coverage.json;scripts/generate-attack-timings.py;scripts/attack_responses.py
c5100,100003066,3,2.200000048,2.666666746,unverified,extracted_unverified,false,false,98e1948d7c94eb3634c9ea08f5450f018bc865abaff7b6c4c75e24aadf21aa75,,src/attack_timings.rs;docs/enemy-coverage.json;scripts/generate-attack-timings.py;scripts/attack_responses.py
c5100,100003067,0,2.133333445,2.200000048,unverified,extracted_unverified,false,false,98e1948d7c94eb3634c9ea08f5450f018bc865abaff7b6c4c75e24aadf21aa75,,src/attack_timings.rs;docs/enemy-coverage.json;scripts/generate-attack-timings.py;scripts/attack_responses.py
c5100,100003068,0,1.133333325,1.666666627,jump,classified_estimate,false,false,98e1948d7c94eb3634c9ea08f5450f018bc865abaff7b6c4c75e24aadf21aa75,51000560,src/attack_timings.rs;docs/enemy-coverage.json;docs/response-coverage.json;scripts/generate-attack-timings.py;scripts/attack_responses.py
c5100,100003069,0,0.633333325,0.933333337,unverified,extracted_unverified,false,false,98e1948d7c94eb3634c9ea08f5450f018bc865abaff7b6c4c75e24aadf21aa75,,src/attack_timings.rs;docs/enemy-coverage.json;scripts/generate-attack-timings.py;scripts/attack_responses.py
c5200,3000,0,1.766666651,1.966666698,unverified,extracted_unverified,false,false,c2a2c75bf0cbbf7be8bceffa8261b795d00545550bd03941540850aec3931fe2,,src/attack_timings.rs;docs/enemy-coverage.json;scripts/generate-attack-timings.py;scripts/attack_responses.py
c5200,3001,0,0.966666639,1.366666675,unverified,extracted_unverified,false,false,c2a2c75bf0cbbf7be8bceffa8261b795d00545550bd03941540850aec3931fe2,,src/attack_timings.rs;docs/enemy-coverage.json;scripts/generate-attack-timings.py;scripts/attack_responses.py
c5200,3001,1,1.966666698,2.333333254,unverified,extracted_unverified,false,false,c2a2c75bf0cbbf7be8bceffa8261b795d00545550bd03941540850aec3931fe2,,src/attack_timings.rs;docs/enemy-coverage.json;scripts/generate-attack-timings.py;scripts/attack_responses.py
c5200,3002,0,2.466666698,2.833333254,unverified,extracted_unverified,false,false,c2a2c75bf0cbbf7be8bceffa8261b795d00545550bd03941540850aec3931fe2,,src/attack_timings.rs;docs/enemy-coverage.json;scripts/generate-attack-timings.py;scripts/attack_responses.py
c5200,3003,0,0.433333337,4.199999809,unverified,extracted_unverified,false,false,c2a2c75bf0cbbf7be8bceffa8261b795d00545550bd03941540850aec3931fe2,,src/attack_timings.rs;docs/enemy-coverage.json;scripts/generate-attack-timings.py;scripts/attack_responses.py
c5200,3007,0,0.833333313,1.100000024,unverified,extracted_unverified,false,false,c2a2c75bf0cbbf7be8bceffa8261b795d00545550bd03941540850aec3931fe2,,src/attack_timings.rs;docs/enemy-coverage.json;scripts/generate-attack-timings.py;scripts/attack_responses.py
c5200,3008,0,1.133333325,1.666666627,unverified,extracted_unverified,false,false,c2a2c75bf0cbbf7be8bceffa8261b795d00545550bd03941540850aec3931fe2,,src/attack_timings.rs;docs/enemy-coverage.json;scripts/generate-attack-timings.py;scripts/attack_responses.py
c5200,3011,0,2.900000095,3.633333445,unverified,extracted_unverified,false,false,c2a2c75bf0cbbf7be8bceffa8261b795d00545550bd03941540850aec3931fe2,,src/attack_timings.rs;docs/enemy-coverage.json;scripts/generate-attack-timings.py;scripts/attack_responses.py
c5200,3012,0,1.733333349,2.233333349,unverified,extracted_unverified,false,false,c2a2c75bf0cbbf7be8bceffa8261b795d00545550bd03941540850aec3931fe2,,src/attack_timings.rs;docs/enemy-coverage.json;scripts/generate-attack-timings.py;scripts/attack_responses.py
c5200,3013,0,2.033333302,2.333333254,unverified,extracted_unverified,false,false,c2a2c75bf0cbbf7be8bceffa8261b795d00545550bd03941540850aec3931fe2,,src/attack_timings.rs;docs/enemy-coverage.json;scripts/generate-attack-timings.py;scripts/attack_responses.py
c5200,3014,0,2.133333445,2.400000095,unverified,extracted_unverified,false,false,c2a2c75bf0cbbf7be8bceffa8261b795d00545550bd03941540850aec3931fe2,,src/attack_timings.rs;docs/enemy-coverage.json;scripts/generate-attack-timings.py;scripts/attack_responses.py
c5200,3015,0,2.400000095,2.799999952,unverified,extracted_unverified,false,false,c2a2c75bf0cbbf7be8bceffa8261b795d00545550bd03941540850aec3931fe2,,src/attack_timings.rs;docs/enemy-coverage.json;scripts/generate-attack-timings.py;scripts/attack_responses.py
c5200,3015,1,3.466666698,3.933333397,unverified,extracted_unverified,false,false,c2a2c75bf0cbbf7be8bceffa8261b795d00545550bd03941540850aec3931fe2,,src/attack_timings.rs;docs/enemy-coverage.json;scripts/generate-attack-timings.py;scripts/attack_responses.py
c5200,3016,0,1.366666675,2.866666555,unverified,extracted_unverified,false,false,c2a2c75bf0cbbf7be8bceffa8261b795d00545550bd03941540850aec3931fe2,,src/attack_timings.rs;docs/enemy-coverage.json;scripts/generate-attack-timings.py;scripts/attack_responses.py
c5200,3017,0,0.833333313,2.466666698,unverified,extracted_unverified,false,false,c2a2c75bf0cbbf7be8bceffa8261b795d00545550bd03941540850aec3931fe2,,src/attack_timings.rs;docs/enemy-coverage.json;scripts/generate-attack-timings.py;scripts/attack_responses.py
c5200,3018,0,0.300000012,2.500000000,unverified,extracted_unverified,false,false,c2a2c75bf0cbbf7be8bceffa8261b795d00545550bd03941540850aec3931fe2,,src/attack_timings.rs;docs/enemy-coverage.json;scripts/generate-attack-timings.py;scripts/attack_responses.py
c5200,3019,0,0.866666675,3.533333302,unverified,extracted_unverified,false,false,c2a2c75bf0cbbf7be8bceffa8261b795d00545550bd03941540850aec3931fe2,,src/attack_timings.rs;docs/enemy-coverage.json;scripts/generate-attack-timings.py;scripts/attack_responses.py
c5200,3020,0,8.533333778,8.666666985,unverified,extracted_unverified,false,false,c2a2c75bf0cbbf7be8bceffa8261b795d00545550bd03941540850aec3931fe2,,src/attack_timings.rs;docs/enemy-coverage.json;scripts/generate-attack-timings.py;scripts/attack_responses.py
c5200,3021,0,1.866666675,2.266666651,unverified,extracted_unverified,false,false,c2a2c75bf0cbbf7be8bceffa8261b795d00545550bd03941540850aec3931fe2,,src/attack_timings.rs;docs/enemy-coverage.json;scripts/generate-attack-timings.py;scripts/attack_responses.py
c5200,3024,0,1.200000048,1.733333349,unverified,extracted_unverified,false,false,c2a2c75bf0cbbf7be8bceffa8261b795d00545550bd03941540850aec3931fe2,,src/attack_timings.rs;docs/enemy-coverage.json;scripts/generate-attack-timings.py;scripts/attack_responses.py
c5200,3025,0,0.533333361,2.066666603,unverified,extracted_unverified,false,false,c2a2c75bf0cbbf7be8bceffa8261b795d00545550bd03941540850aec3931fe2,,src/attack_timings.rs;docs/enemy-coverage.json;scripts/generate-attack-timings.py;scripts/attack_responses.py
c5200,3027,0,1.766666651,1.966666698,unverified,extracted_unverified,false,false,c2a2c75bf0cbbf7be8bceffa8261b795d00545550bd03941540850aec3931fe2,,src/attack_timings.rs;docs/enemy-coverage.json;scripts/generate-attack-timings.py;scripts/attack_responses.py
c5200,3028,0,1.533333302,1.833333373,unverified,extracted_unverified,false,false,c2a2c75bf0cbbf7be8bceffa8261b795d00545550bd03941540850aec3931fe2,,src/attack_timings.rs;docs/enemy-coverage.json;scripts/generate-attack-timings.py;scripts/attack_responses.py
c5200,3029,0,1.866666675,2.200000048,unverified,extracted_unverified,false,false,c2a2c75bf0cbbf7be8bceffa8261b795d00545550bd03941540850aec3931fe2,,src/attack_timings.rs;docs/enemy-coverage.json;scripts/generate-attack-timings.py;scripts/attack_responses.py
c5200,3030,0,1.933333278,2.166666746,unverified,extracted_unverified,false,false,c2a2c75bf0cbbf7be8bceffa8261b795d00545550bd03941540850aec3931fe2,,src/attack_timings.rs;docs/enemy-coverage.json;scripts/generate-attack-timings.py;scripts/attack_responses.py
c5200,3032,0,5.233333111,5.466666698,unverified,extracted_unverified,false,false,c2a2c75bf0cbbf7be8bceffa8261b795d00545550bd03941540850aec3931fe2,,src/attack_timings.rs;docs/enemy-coverage.json;scripts/generate-attack-timings.py;scripts/attack_responses.py
c5200,3035,0,2.400000095,2.799999952,unverified,extracted_unverified,false,false,c2a2c75bf0cbbf7be8bceffa8261b795d00545550bd03941540850aec3931fe2,,src/attack_timings.rs;docs/enemy-coverage.json;scripts/generate-attack-timings.py;scripts/attack_responses.py
c5200,3035,1,3.466666698,3.933333397,unverified,extracted_unverified,false,false,c2a2c75bf0cbbf7be8bceffa8261b795d00545550bd03941540850aec3931fe2,,src/attack_timings.rs;docs/enemy-coverage.json;scripts/generate-attack-timings.py;scripts/attack_responses.py
c5200,3036,0,2.900000095,3.633333445,unverified,extracted_unverified,false,false,c2a2c75bf0cbbf7be8bceffa8261b795d00545550bd03941540850aec3931fe2,,src/attack_timings.rs;docs/enemy-coverage.json;scripts/generate-attack-timings.py;scripts/attack_responses.py
c5200,3037,0,1.733333349,2.233333349,unverified,extracted_unverified,false,false,c2a2c75bf0cbbf7be8bceffa8261b795d00545550bd03941540850aec3931fe2,,src/attack_timings.rs;docs/enemy-coverage.json;scripts/generate-attack-timings.py;scripts/attack_responses.py
c5200,3039,0,2.000000000,2.233333349,unverified,extracted_unverified,false,false,c2a2c75bf0cbbf7be8bceffa8261b795d00545550bd03941540850aec3931fe2,,src/attack_timings.rs;docs/enemy-coverage.json;scripts/generate-attack-timings.py;scripts/attack_responses.py
c5200,3040,0,2.000000000,2.333333254,unverified,extracted_unverified,false,false,c2a2c75bf0cbbf7be8bceffa8261b795d00545550bd03941540850aec3931fe2,,src/attack_timings.rs;docs/enemy-coverage.json;scripts/generate-attack-timings.py;scripts/attack_responses.py
c5200,3041,0,1.566666722,2.099999905,unverified,extracted_unverified,false,false,c2a2c75bf0cbbf7be8bceffa8261b795d00545550bd03941540850aec3931fe2,,src/attack_timings.rs;docs/enemy-coverage.json;scripts/generate-attack-timings.py;scripts/attack_responses.py
c5200,3042,0,1.333333373,1.700000048,unverified,extracted_unverified,false,false,c2a2c75bf0cbbf7be8bceffa8261b795d00545550bd03941540850aec3931fe2,,src/attack_timings.rs;docs/enemy-coverage.json;scripts/generate-attack-timings.py;scripts/attack_responses.py
c5200,3043,0,2.466666698,2.900000095,unverified,extracted_unverified,false,false,c2a2c75bf0cbbf7be8bceffa8261b795d00545550bd03941540850aec3931fe2,,src/attack_timings.rs;docs/enemy-coverage.json;scripts/generate-attack-timings.py;scripts/attack_responses.py
c5200,3044,0,1.200000048,1.500000000,unverified,extracted_unverified,false,false,c2a2c75bf0cbbf7be8bceffa8261b795d00545550bd03941540850aec3931fe2,,src/attack_timings.rs;docs/enemy-coverage.json;scripts/generate-attack-timings.py;scripts/attack_responses.py
c5200,3045,0,1.299999952,1.566666722,unverified,extracted_unverified,false,false,c2a2c75bf0cbbf7be8bceffa8261b795d00545550bd03941540850aec3931fe2,,src/attack_timings.rs;docs/enemy-coverage.json;scripts/generate-attack-timings.py;scripts/attack_responses.py
c5200,3046,0,3.566666603,3.833333254,unverified,extracted_unverified,false,false,c2a2c75bf0cbbf7be8bceffa8261b795d00545550bd03941540850aec3931fe2,,src/attack_timings.rs;docs/enemy-coverage.json;scripts/generate-attack-timings.py;scripts/attack_responses.py
c5200,3046,1,4.733333111,4.966666698,unverified,extracted_unverified,false,false,c2a2c75bf0cbbf7be8bceffa8261b795d00545550bd03941540850aec3931fe2,,src/attack_timings.rs;docs/enemy-coverage.json;scripts/generate-attack-timings.py;scripts/attack_responses.py
c5200,3047,0,1.266666651,1.433333278,unverified,extracted_unverified,false,false,c2a2c75bf0cbbf7be8bceffa8261b795d00545550bd03941540850aec3931fe2,,src/attack_timings.rs;docs/enemy-coverage.json;scripts/generate-attack-timings.py;scripts/attack_responses.py
c5200,3047,1,1.899999976,2.066666603,unverified,extracted_unverified,false,false,c2a2c75bf0cbbf7be8bceffa8261b795d00545550bd03941540850aec3931fe2,,src/attack_timings.rs;docs/enemy-coverage.json;scripts/generate-attack-timings.py;scripts/attack_responses.py
c5200,3047,2,2.599999905,2.766666651,unverified,extracted_unverified,false,false,c2a2c75bf0cbbf7be8bceffa8261b795d00545550bd03941540850aec3931fe2,,src/attack_timings.rs;docs/enemy-coverage.json;scripts/generate-attack-timings.py;scripts/attack_responses.py
c5200,3047,3,4.266666889,4.400000095,unverified,extracted_unverified,false,false,c2a2c75bf0cbbf7be8bceffa8261b795d00545550bd03941540850aec3931fe2,,src/attack_timings.rs;docs/enemy-coverage.json;scripts/generate-attack-timings.py;scripts/attack_responses.py
c5200,3048,0,3.266666651,3.400000095,unverified,extracted_unverified,false,false,c2a2c75bf0cbbf7be8bceffa8261b795d00545550bd03941540850aec3931fe2,,src/attack_timings.rs;docs/enemy-coverage.json;scripts/generate-attack-timings.py;scripts/attack_responses.py
c5200,3049,0,0.933333337,1.333333373,unverified,extracted_unverified,false,false,c2a2c75bf0cbbf7be8bceffa8261b795d00545550bd03941540850aec3931fe2,,src/attack_timings.rs;docs/enemy-coverage.json;scripts/generate-attack-timings.py;scripts/attack_responses.py
c5200,20001,0,12.233333588,12.366666794,unverified,extracted_unverified,false,false,c2a2c75bf0cbbf7be8bceffa8261b795d00545550bd03941540850aec3931fe2,,src/attack_timings.rs;docs/enemy-coverage.json;scripts/generate-attack-timings.py;scripts/attack_responses.py
c5300,3002,0,1.133333325,1.200000048,parry,classified_estimate,false,false,8654f50ab1c351fca553903ade69da2846cc2d5b7e13bfb19e02df37a07fa5f1,,src/attack_timings.rs;docs/enemy-coverage.json;scripts/generate-attack-timings.py;scripts/attack_responses.py
c5300,3003,0,1.500000000,1.566666722,parry,classified_estimate,false,false,8654f50ab1c351fca553903ade69da2846cc2d5b7e13bfb19e02df37a07fa5f1,,src/attack_timings.rs;docs/enemy-coverage.json;scripts/generate-attack-timings.py;scripts/attack_responses.py
c5300,3003,1,2.266666651,2.333333254,parry,classified_estimate,false,false,8654f50ab1c351fca553903ade69da2846cc2d5b7e13bfb19e02df37a07fa5f1,,src/attack_timings.rs;docs/enemy-coverage.json;scripts/generate-attack-timings.py;scripts/attack_responses.py
c5300,3005,0,0.899999976,0.966666639,parry,classified_estimate,false,false,8654f50ab1c351fca553903ade69da2846cc2d5b7e13bfb19e02df37a07fa5f1,,src/attack_timings.rs;docs/enemy-coverage.json;scripts/generate-attack-timings.py;scripts/attack_responses.py
c5300,3005,1,2.200000048,2.266666651,parry,classified_estimate,false,false,8654f50ab1c351fca553903ade69da2846cc2d5b7e13bfb19e02df37a07fa5f1,,src/attack_timings.rs;docs/enemy-coverage.json;scripts/generate-attack-timings.py;scripts/attack_responses.py
c5300,3008,0,1.466666698,1.700000048,unverified,extracted_unverified,false,false,8654f50ab1c351fca553903ade69da2846cc2d5b7e13bfb19e02df37a07fa5f1,,src/attack_timings.rs;docs/enemy-coverage.json;scripts/generate-attack-timings.py;scripts/attack_responses.py
c5300,12410,0,1.266666651,2.000000000,unverified,extracted_unverified,false,false,8654f50ab1c351fca553903ade69da2846cc2d5b7e13bfb19e02df37a07fa5f1,,src/attack_timings.rs;docs/enemy-coverage.json;scripts/generate-attack-timings.py;scripts/attack_responses.py
c5310,20000,0,0.966666639,1.233333349,unverified,extracted_unverified,false,false,4cd6d4cf1c94a0b141e4ee8da2cefd34e4dd7841b0cebf9c95e266a8456eae6d,,src/attack_timings.rs;docs/enemy-coverage.json;scripts/generate-attack-timings.py;scripts/attack_responses.py
c5310,20002,0,0.966666639,1.233333349,unverified,extracted_unverified,false,false,4cd6d4cf1c94a0b141e4ee8da2cefd34e4dd7841b0cebf9c95e266a8456eae6d,,src/attack_timings.rs;docs/enemy-coverage.json;scripts/generate-attack-timings.py;scripts/attack_responses.py
c5310,20004,0,0.966666639,1.233333349,unverified,extracted_unverified,false,false,4cd6d4cf1c94a0b141e4ee8da2cefd34e4dd7841b0cebf9c95e266a8456eae6d,,src/attack_timings.rs;docs/enemy-coverage.json;scripts/generate-attack-timings.py;scripts/attack_responses.py
c5310,100003000,0,0.966666639,1.233333349,unverified,extracted_unverified,false,false,4cd6d4cf1c94a0b141e4ee8da2cefd34e4dd7841b0cebf9c95e266a8456eae6d,,src/attack_timings.rs;docs/enemy-coverage.json;scripts/generate-attack-timings.py;scripts/attack_responses.py
c5310,100003001,0,0.966666639,1.233333349,unverified,extracted_unverified,false,false,4cd6d4cf1c94a0b141e4ee8da2cefd34e4dd7841b0cebf9c95e266a8456eae6d,,src/attack_timings.rs;docs/enemy-coverage.json;scripts/generate-attack-timings.py;scripts/attack_responses.py
c5310,100003002,0,0.966666639,1.233333349,unverified,extracted_unverified,false,false,4cd6d4cf1c94a0b141e4ee8da2cefd34e4dd7841b0cebf9c95e266a8456eae6d,,src/attack_timings.rs;docs/enemy-coverage.json;scripts/generate-attack-timings.py;scripts/attack_responses.py
c5310,100003003,0,1.033333302,1.299999952,unverified,extracted_unverified,false,false,4cd6d4cf1c94a0b141e4ee8da2cefd34e4dd7841b0cebf9c95e266a8456eae6d,,src/attack_timings.rs;docs/enemy-coverage.json;scripts/generate-attack-timings.py;scripts/attack_responses.py
c5310,100003004,0,1.033333302,1.299999952,unverified,extracted_unverified,false,false,4cd6d4cf1c94a0b141e4ee8da2cefd34e4dd7841b0cebf9c95e266a8456eae6d,,src/attack_timings.rs;docs/enemy-coverage.json;scripts/generate-attack-timings.py;scripts/attack_responses.py
c5310,100003005,0,1.033333302,1.299999952,unverified,extracted_unverified,false,false,4cd6d4cf1c94a0b141e4ee8da2cefd34e4dd7841b0cebf9c95e266a8456eae6d,,src/attack_timings.rs;docs/enemy-coverage.json;scripts/generate-attack-timings.py;scripts/attack_responses.py
c5310,100003010,0,0.966666639,1.700000048,unverified,extracted_unverified,false,false,4cd6d4cf1c94a0b141e4ee8da2cefd34e4dd7841b0cebf9c95e266a8456eae6d,,src/attack_timings.rs;docs/enemy-coverage.json;scripts/generate-attack-timings.py;scripts/attack_responses.py
c5310,100003011,0,0.966666639,1.700000048,unverified,extracted_unverified,false,false,4cd6d4cf1c94a0b141e4ee8da2cefd34e4dd7841b0cebf9c95e266a8456eae6d,,src/attack_timings.rs;docs/enemy-coverage.json;scripts/generate-attack-timings.py;scripts/attack_responses.py
c5310,100003012,0,0.966666639,1.700000048,unverified,extracted_unverified,false,false,4cd6d4cf1c94a0b141e4ee8da2cefd34e4dd7841b0cebf9c95e266a8456eae6d,,src/attack_timings.rs;docs/enemy-coverage.json;scripts/generate-attack-timings.py;scripts/attack_responses.py
c5320,3000,0,1.500000000,1.566666722,unverified,extracted_unverified,false,false,a8816dc67caf1d8e40f8bbd2d2940e7bb074a8e887c4ad322c65cb9adc597c2e,,src/attack_timings.rs;docs/enemy-coverage.json;scripts/generate-attack-timings.py;scripts/attack_responses.py
c5320,3002,0,1.399999976,1.566666722,unverified,extracted_unverified,false,false,a8816dc67caf1d8e40f8bbd2d2940e7bb074a8e887c4ad322c65cb9adc597c2e,,src/attack_timings.rs;docs/enemy-coverage.json;scripts/generate-attack-timings.py;scripts/attack_responses.py
c5320,3006,0,0.633333325,0.800000012,unverified,extracted_unverified,false,false,a8816dc67caf1d8e40f8bbd2d2940e7bb074a8e887c4ad322c65cb9adc597c2e,,src/attack_timings.rs;docs/enemy-coverage.json;scripts/generate-attack-timings.py;scripts/attack_responses.py
c5320,3007,0,2.033333302,2.166666746,unverified,extracted_unverified,false,false,a8816dc67caf1d8e40f8bbd2d2940e7bb074a8e887c4ad322c65cb9adc597c2e,,src/attack_timings.rs;docs/enemy-coverage.json;scripts/generate-attack-timings.py;scripts/attack_responses.py
c5400,3000,0,0.666666687,0.833333313,unverified,extracted_unverified,false,false,db22cc244cec5cbbeb7faf53f6cac282e85151785e6cd408d90911b57d8967e5,,src/attack_timings.rs;docs/enemy-coverage.json;scripts/generate-attack-timings.py;scripts/attack_responses.py
c5400,3001,0,0.500000000,0.699999988,unverified,extracted_unverified,false,false,db22cc244cec5cbbeb7faf53f6cac282e85151785e6cd408d90911b57d8967e5,,src/attack_timings.rs;docs/enemy-coverage.json;scripts/generate-attack-timings.py;scripts/attack_responses.py
c5400,3002,0,0.600000024,0.800000012,unverified,extracted_unverified,false,false,db22cc244cec5cbbeb7faf53f6cac282e85151785e6cd408d90911b57d8967e5,,src/attack_timings.rs;docs/enemy-coverage.json;scripts/generate-attack-timings.py;scripts/attack_responses.py
c5400,3003,0,0.300000012,0.433333337,unverified,extracted_unverified,false,false,db22cc244cec5cbbeb7faf53f6cac282e85151785e6cd408d90911b57d8967e5,,src/attack_timings.rs;docs/enemy-coverage.json;scripts/generate-attack-timings.py;scripts/attack_responses.py
c5400,3003,1,1.433333278,1.633333325,unverified,extracted_unverified,false,false,db22cc244cec5cbbeb7faf53f6cac282e85151785e6cd408d90911b57d8967e5,,src/attack_timings.rs;docs/enemy-coverage.json;scripts/generate-attack-timings.py;scripts/attack_responses.py
c5400,3004,0,0.833333313,1.000000000,unverified,extracted_unverified,false,false,db22cc244cec5cbbeb7faf53f6cac282e85151785e6cd408d90911b57d8967e5,,src/attack_timings.rs;docs/enemy-coverage.json;scripts/generate-attack-timings.py;scripts/attack_responses.py
c5400,3004,1,1.533333302,1.600000024,unverified,extracted_unverified,false,false,db22cc244cec5cbbeb7faf53f6cac282e85151785e6cd408d90911b57d8967e5,,src/attack_timings.rs;docs/enemy-coverage.json;scripts/generate-attack-timings.py;scripts/attack_responses.py
c5400,3005,0,1.133333325,1.333333373,jump,classified_estimate,false,false,db22cc244cec5cbbeb7faf53f6cac282e85151785e6cd408d90911b57d8967e5,54000042,src/attack_timings.rs;docs/enemy-coverage.json;docs/response-coverage.json;scripts/generate-attack-timings.py;scripts/attack_responses.py
c5400,3006,0,3.133333445,3.233333349,unverified,extracted_unverified,false,false,db22cc244cec5cbbeb7faf53f6cac282e85151785e6cd408d90911b57d8967e5,,src/attack_timings.rs;docs/enemy-coverage.json;scripts/generate-attack-timings.py;scripts/attack_responses.py
c5400,3006,1,3.433333397,3.566666603,unverified,extracted_unverified,false,false,db22cc244cec5cbbeb7faf53f6cac282e85151785e6cd408d90911b57d8967e5,,src/attack_timings.rs;docs/enemy-coverage.json;scripts/generate-attack-timings.py;scripts/attack_responses.py
c5400,3007,0,3.133333445,3.233333349,unverified,extracted_unverified,false,false,db22cc244cec5cbbeb7faf53f6cac282e85151785e6cd408d90911b57d8967e5,,src/attack_timings.rs;docs/enemy-coverage.json;scripts/generate-attack-timings.py;scripts/attack_responses.py
c5400,3007,1,3.433333397,3.566666603,unverified,extracted_unverified,false,false,db22cc244cec5cbbeb7faf53f6cac282e85151785e6cd408d90911b57d8967e5,,src/attack_timings.rs;docs/enemy-coverage.json;scripts/generate-attack-timings.py;scripts/attack_responses.py
c5400,3008,0,1.533333302,1.733333349,unverified,extracted_unverified,false,false,db22cc244cec5cbbeb7faf53f6cac282e85151785e6cd408d90911b57d8967e5,,src/attack_timings.rs;docs/enemy-coverage.json;scripts/generate-attack-timings.py;scripts/attack_responses.py
c5400,3009,0,1.000000000,1.200000048,unverified,extracted_unverified,false,false,db22cc244cec5cbbeb7faf53f6cac282e85151785e6cd408d90911b57d8967e5,,src/attack_timings.rs;docs/enemy-coverage.json;scripts/generate-attack-timings.py;scripts/attack_responses.py
c5400,3011,0,1.500000000,1.633333325,unverified,extracted_unverified,false,false,db22cc244cec5cbbeb7faf53f6cac282e85151785e6cd408d90911b57d8967e5,,src/attack_timings.rs;docs/enemy-coverage.json;scripts/generate-attack-timings.py;scripts/attack_responses.py
c5400,3012,0,0.400000006,0.466666669,unverified,extracted_unverified,false,false,db22cc244cec5cbbeb7faf53f6cac282e85151785e6cd408d90911b57d8967e5,,src/attack_timings.rs;docs/enemy-coverage.json;scripts/generate-attack-timings.py;scripts/attack_responses.py
c5400,3013,0,0.699999988,0.899999976,unverified,extracted_unverified,false,false,db22cc244cec5cbbeb7faf53f6cac282e85151785e6cd408d90911b57d8967e5,,src/attack_timings.rs;docs/enemy-coverage.json;scripts/generate-attack-timings.py;scripts/attack_responses.py
c5400,3014,0,0.733333349,0.833333313,unverified,extracted_unverified,false,false,db22cc244cec5cbbeb7faf53f6cac282e85151785e6cd408d90911b57d8967e5,,src/attack_timings.rs;docs/enemy-coverage.json;scripts/generate-attack-timings.py;scripts/attack_responses.py
c5400,3015,0,1.066666722,1.166666627,unverified,extracted_unverified,false,false,db22cc244cec5cbbeb7faf53f6cac282e85151785e6cd408d90911b57d8967e5,,src/attack_timings.rs;docs/enemy-coverage.json;scripts/generate-attack-timings.py;scripts/attack_responses.py
c5400,3015,1,3.366666555,3.799999952,unverified,extracted_unverified,false,false,db22cc244cec5cbbeb7faf53f6cac282e85151785e6cd408d90911b57d8967e5,,src/attack_timings.rs;docs/enemy-coverage.json;scripts/generate-attack-timings.py;scripts/attack_responses.py
c5400,3016,0,0.533333361,0.600000024,unverified,extracted_unverified,false,false,db22cc244cec5cbbeb7faf53f6cac282e85151785e6cd408d90911b57d8967e5,,src/attack_timings.rs;docs/enemy-coverage.json;scripts/generate-attack-timings.py;scripts/attack_responses.py
c5400,3017,0,0.966666639,1.033333302,unverified,extracted_unverified,false,false,db22cc244cec5cbbeb7faf53f6cac282e85151785e6cd408d90911b57d8967e5,,src/attack_timings.rs;docs/enemy-coverage.json;scripts/generate-attack-timings.py;scripts/attack_responses.py
c5400,3017,1,2.233333349,2.366666555,unverified,extracted_unverified,false,false,db22cc244cec5cbbeb7faf53f6cac282e85151785e6cd408d90911b57d8967e5,,src/attack_timings.rs;docs/enemy-coverage.json;scripts/generate-attack-timings.py;scripts/attack_responses.py
c5400,3020,0,1.766666651,1.966666698,unverified,extracted_unverified,false,false,db22cc244cec5cbbeb7faf53f6cac282e85151785e6cd408d90911b57d8967e5,,src/attack_timings.rs;docs/enemy-coverage.json;scripts/generate-attack-timings.py;scripts/attack_responses.py
c5400,3021,0,0.866666675,1.166666627,parry,classified_estimate,false,false,db22cc244cec5cbbeb7faf53f6cac282e85151785e6cd408d90911b57d8967e5,,src/attack_timings.rs;docs/enemy-coverage.json;scripts/generate-attack-timings.py;scripts/attack_responses.py
c5400,3022,0,0.600000024,0.666666687,parry,classified_estimate,false,false,db22cc244cec5cbbeb7faf53f6cac282e85151785e6cd408d90911b57d8967e5,,src/attack_timings.rs;docs/enemy-coverage.json;scripts/generate-attack-timings.py;scripts/attack_responses.py
c5400,3023,0,0.533333361,0.666666687,unverified,extracted_unverified,false,false,db22cc244cec5cbbeb7faf53f6cac282e85151785e6cd408d90911b57d8967e5,,src/attack_timings.rs;docs/enemy-coverage.json;scripts/generate-attack-timings.py;scripts/attack_responses.py
c5400,3024,0,1.100000024,1.200000048,unverified,extracted_unverified,false,false,db22cc244cec5cbbeb7faf53f6cac282e85151785e6cd408d90911b57d8967e5,,src/attack_timings.rs;docs/enemy-coverage.json;scripts/generate-attack-timings.py;scripts/attack_responses.py
c5400,3025,0,0.666666687,0.800000012,unverified,extracted_unverified,false,false,db22cc244cec5cbbeb7faf53f6cac282e85151785e6cd408d90911b57d8967e5,,src/attack_timings.rs;docs/enemy-coverage.json;scripts/generate-attack-timings.py;scripts/attack_responses.py
c5400,3026,0,0.733333349,0.866666675,unverified,extracted_unverified,false,false,db22cc244cec5cbbeb7faf53f6cac282e85151785e6cd408d90911b57d8967e5,,src/attack_timings.rs;docs/enemy-coverage.json;scripts/generate-attack-timings.py;scripts/attack_responses.py
c5400,3027,0,1.100000024,1.233333349,unverified,extracted_unverified,false,false,db22cc244cec5cbbeb7faf53f6cac282e85151785e6cd408d90911b57d8967e5,,src/attack_timings.rs;docs/enemy-coverage.json;scripts/generate-attack-timings.py;scripts/attack_responses.py
c5400,3028,0,0.300000012,0.433333337,parry,classified_estimate,false,false,db22cc244cec5cbbeb7faf53f6cac282e85151785e6cd408d90911b57d8967e5,,src/attack_timings.rs;docs/enemy-coverage.json;scripts/generate-attack-timings.py;scripts/attack_responses.py
c5400,3028,1,0.733333349,0.866666675,parry,classified_estimate,false,false,db22cc244cec5cbbeb7faf53f6cac282e85151785e6cd408d90911b57d8967e5,,src/attack_timings.rs;docs/enemy-coverage.json;scripts/generate-attack-timings.py;scripts/attack_responses.py
c5400,3029,0,1.100000024,1.200000048,unverified,extracted_unverified,false,false,db22cc244cec5cbbeb7faf53f6cac282e85151785e6cd408d90911b57d8967e5,,src/attack_timings.rs;docs/enemy-coverage.json;scripts/generate-attack-timings.py;scripts/attack_responses.py
c5400,3030,0,1.500000000,1.633333325,unverified,extracted_unverified,false,false,db22cc244cec5cbbeb7faf53f6cac282e85151785e6cd408d90911b57d8967e5,,src/attack_timings.rs;docs/enemy-coverage.json;scripts/generate-attack-timings.py;scripts/attack_responses.py
c5400,3031,0,0.600000024,0.766666651,unverified,extracted_unverified,false,false,db22cc244cec5cbbeb7faf53f6cac282e85151785e6cd408d90911b57d8967e5,,src/attack_timings.rs;docs/enemy-coverage.json;scripts/generate-attack-timings.py;scripts/attack_responses.py
c5400,3032,0,2.633333445,2.733333349,unverified,extracted_unverified,false,false,db22cc244cec5cbbeb7faf53f6cac282e85151785e6cd408d90911b57d8967e5,,src/attack_timings.rs;docs/enemy-coverage.json;scripts/generate-attack-timings.py;scripts/attack_responses.py
c5400,3032,1,2.900000095,3.000000000,unverified,extracted_unverified,false,false,db22cc244cec5cbbeb7faf53f6cac282e85151785e6cd408d90911b57d8967e5,,src/attack_timings.rs;docs/enemy-coverage.json;scripts/generate-attack-timings.py;scripts/attack_responses.py
c5400,3035,0,1.299999952,1.466666698,unverified,extracted_unverified,false,false,db22cc244cec5cbbeb7faf53f6cac282e85151785e6cd408d90911b57d8967e5,,src/attack_timings.rs;docs/enemy-coverage.json;scripts/generate-attack-timings.py;scripts/attack_responses.py
c5400,3036,0,1.600000024,1.766666651,parry,classified_estimate,false,false,db22cc244cec5cbbeb7faf53f6cac282e85151785e6cd408d90911b57d8967e5,,src/attack_timings.rs;docs/enemy-coverage.json;scripts/generate-attack-timings.py;scripts/attack_responses.py
c5400,3037,0,1.500000000,1.633333325,unverified,extracted_unverified,false,false,db22cc244cec5cbbeb7faf53f6cac282e85151785e6cd408d90911b57d8967e5,,src/attack_timings.rs;docs/enemy-coverage.json;scripts/generate-attack-timings.py;scripts/attack_responses.py
c5400,3038,0,0.400000006,0.466666669,unverified,extracted_unverified,false,false,db22cc244cec5cbbeb7faf53f6cac282e85151785e6cd408d90911b57d8967e5,,src/attack_timings.rs;docs/enemy-coverage.json;scripts/generate-attack-timings.py;scripts/attack_responses.py
c5400,3041,0,0.533333361,0.699999988,unverified,extracted_unverified,false,false,db22cc244cec5cbbeb7faf53f6cac282e85151785e6cd408d90911b57d8967e5,,src/attack_timings.rs;docs/enemy-coverage.json;scripts/generate-attack-timings.py;scripts/attack_responses.py
c5400,3043,0,2.099999905,2.166666746,unverified,extracted_unverified,false,false,db22cc244cec5cbbeb7faf53f6cac282e85151785e6cd408d90911b57d8967e5,,src/attack_timings.rs;docs/enemy-coverage.json;scripts/generate-attack-timings.py;scripts/attack_responses.py
c5400,3044,0,2.266666651,2.400000095,unverified,extracted_unverified,false,false,db22cc244cec5cbbeb7faf53f6cac282e85151785e6cd408d90911b57d8967e5,,src/attack_timings.rs;docs/enemy-coverage.json;scripts/generate-attack-timings.py;scripts/attack_responses.py
c5400,3045,0,2.099999905,2.166666746,unverified,extracted_unverified,false,false,db22cc244cec5cbbeb7faf53f6cac282e85151785e6cd408d90911b57d8967e5,,src/attack_timings.rs;docs/enemy-coverage.json;scripts/generate-attack-timings.py;scripts/attack_responses.py
c5400,3047,0,1.299999952,1.399999976,unverified,extracted_unverified,false,false,db22cc244cec5cbbeb7faf53f6cac282e85151785e6cd408d90911b57d8967e5,,src/attack_timings.rs;docs/enemy-coverage.json;scripts/generate-attack-timings.py;scripts/attack_responses.py
c5400,3050,0,1.433333278,1.600000024,unverified,extracted_unverified,false,false,db22cc244cec5cbbeb7faf53f6cac282e85151785e6cd408d90911b57d8967e5,,src/attack_timings.rs;docs/enemy-coverage.json;scripts/generate-attack-timings.py;scripts/attack_responses.py
c5400,3060,0,0.933333337,1.100000024,unverified,extracted_unverified,false,false,db22cc244cec5cbbeb7faf53f6cac282e85151785e6cd408d90911b57d8967e5,,src/attack_timings.rs;docs/enemy-coverage.json;scripts/generate-attack-timings.py;scripts/attack_responses.py
c5400,3065,0,0.800000012,0.966666639,parry,classified_estimate,false,false,db22cc244cec5cbbeb7faf53f6cac282e85151785e6cd408d90911b57d8967e5,,src/attack_timings.rs;docs/enemy-coverage.json;scripts/generate-attack-timings.py;scripts/attack_responses.py
c5400,3070,0,0.433333337,0.533333361,parry,classified_estimate,false,false,db22cc244cec5cbbeb7faf53f6cac282e85151785e6cd408d90911b57d8967e5,,src/attack_timings.rs;docs/enemy-coverage.json;scripts/generate-attack-timings.py;scripts/attack_responses.py
c5400,3071,0,0.466666669,0.633333325,parry,classified_estimate,false,false,db22cc244cec5cbbeb7faf53f6cac282e85151785e6cd408d90911b57d8967e5,,src/attack_timings.rs;docs/enemy-coverage.json;scripts/generate-attack-timings.py;scripts/attack_responses.py
c5400,3072,0,3.133333445,3.233333349,unverified,extracted_unverified,false,false,db22cc244cec5cbbeb7faf53f6cac282e85151785e6cd408d90911b57d8967e5,,src/attack_timings.rs;docs/enemy-coverage.json;scripts/generate-attack-timings.py;scripts/attack_responses.py
c5400,3072,1,3.433333397,3.566666603,unverified,extracted_unverified,false,false,db22cc244cec5cbbeb7faf53f6cac282e85151785e6cd408d90911b57d8967e5,,src/attack_timings.rs;docs/enemy-coverage.json;scripts/generate-attack-timings.py;scripts/attack_responses.py
c5400,3075,0,0.433333337,0.533333361,unverified,extracted_unverified,false,false,db22cc244cec5cbbeb7faf53f6cac282e85151785e6cd408d90911b57d8967e5,,src/attack_timings.rs;docs/enemy-coverage.json;scripts/generate-attack-timings.py;scripts/attack_responses.py
c5400,3076,0,0.566666663,0.666666687,parry,classified_estimate,false,false,db22cc244cec5cbbeb7faf53f6cac282e85151785e6cd408d90911b57d8967e5,,src/attack_timings.rs;docs/enemy-coverage.json;scripts/generate-attack-timings.py;scripts/attack_responses.py
c5400,3077,0,0.366666675,0.433333337,unverified,extracted_unverified,false,false,db22cc244cec5cbbeb7faf53f6cac282e85151785e6cd408d90911b57d8967e5,,src/attack_timings.rs;docs/enemy-coverage.json;scripts/generate-attack-timings.py;scripts/attack_responses.py
c5400,3077,1,1.266666651,1.366666675,jump,classified_estimate,false,false,db22cc244cec5cbbeb7faf53f6cac282e85151785e6cd408d90911b57d8967e5,54000051,src/attack_timings.rs;docs/enemy-coverage.json;docs/response-coverage.json;scripts/generate-attack-timings.py;scripts/attack_responses.py
c5400,3078,0,1.333333373,1.366666675,unverified,extracted_unverified,false,false,db22cc244cec5cbbeb7faf53f6cac282e85151785e6cd408d90911b57d8967e5,,src/attack_timings.rs;docs/enemy-coverage.json;scripts/generate-attack-timings.py;scripts/attack_responses.py
c5400,3079,0,0.800000012,0.833333313,unverified,extracted_unverified,false,false,db22cc244cec5cbbeb7faf53f6cac282e85151785e6cd408d90911b57d8967e5,,src/attack_timings.rs;docs/enemy-coverage.json;scripts/generate-attack-timings.py;scripts/attack_responses.py
c5400,3080,0,1.500000000,1.533333302,unverified,extracted_unverified,false,false,db22cc244cec5cbbeb7faf53f6cac282e85151785e6cd408d90911b57d8967e5,,src/attack_timings.rs;docs/enemy-coverage.json;scripts/generate-attack-timings.py;scripts/attack_responses.py
c5400,3080,1,2.500000000,2.533333302,unverified,extracted_unverified,false,false,db22cc244cec5cbbeb7faf53f6cac282e85151785e6cd408d90911b57d8967e5,,src/attack_timings.rs;docs/enemy-coverage.json;scripts/generate-attack-timings.py;scripts/attack_responses.py
c5400,3080,2,2.700000048,2.733333349,unverified,extracted_unverified,false,false,db22cc244cec5cbbeb7faf53f6cac282e85151785e6cd408d90911b57d8967e5,,src/attack_timings.rs;docs/enemy-coverage.json;scripts/generate-attack-timings.py;scripts/attack_responses.py
c5400,3080,3,2.900000095,2.933333397,unverified,extracted_unverified,false,false,db22cc244cec5cbbeb7faf53f6cac282e85151785e6cd408d90911b57d8967e5,,src/attack_timings.rs;docs/enemy-coverage.json;scripts/generate-attack-timings.py;scripts/attack_responses.py
c5400,3080,4,3.099999905,3.133333445,unverified,extracted_unverified,false,false,db22cc244cec5cbbeb7faf53f6cac282e85151785e6cd408d90911b57d8967e5,,src/attack_timings.rs;docs/enemy-coverage.json;scripts/generate-attack-timings.py;scripts/attack_responses.py
c5400,3080,5,3.766666651,3.833333254,unverified,extracted_unverified,false,false,db22cc244cec5cbbeb7faf53f6cac282e85151785e6cd408d90911b57d8967e5,,src/attack_timings.rs;docs/enemy-coverage.json;scripts/generate-attack-timings.py;scripts/attack_responses.py
c5400,3081,0,0.666666687,0.833333313,parry,classified_estimate,false,false,db22cc244cec5cbbeb7faf53f6cac282e85151785e6cd408d90911b57d8967e5,,src/attack_timings.rs;docs/enemy-coverage.json;scripts/generate-attack-timings.py;scripts/attack_responses.py
c5400,3081,1,1.066666722,1.133333325,parry,classified_estimate,false,false,db22cc244cec5cbbeb7faf53f6cac282e85151785e6cd408d90911b57d8967e5,,src/attack_timings.rs;docs/enemy-coverage.json;scripts/generate-attack-timings.py;scripts/attack_responses.py
c5400,3083,0,0.666666687,0.766666651,unverified,extracted_unverified,false,false,db22cc244cec5cbbeb7faf53f6cac282e85151785e6cd408d90911b57d8967e5,,src/attack_timings.rs;docs/enemy-coverage.json;scripts/generate-attack-timings.py;scripts/attack_responses.py
c5400,3084,0,0.800000012,0.933333337,unverified,extracted_unverified,false,false,db22cc244cec5cbbeb7faf53f6cac282e85151785e6cd408d90911b57d8967e5,,src/attack_timings.rs;docs/enemy-coverage.json;scripts/generate-attack-timings.py;scripts/attack_responses.py
c5400,3085,0,0.566666663,0.766666651,unverified,extracted_unverified,false,false,db22cc244cec5cbbeb7faf53f6cac282e85151785e6cd408d90911b57d8967e5,,src/attack_timings.rs;docs/enemy-coverage.json;scripts/generate-attack-timings.py;scripts/attack_responses.py
c5400,3090,0,0.300000012,0.433333337,unverified,extracted_unverified,false,false,db22cc244cec5cbbeb7faf53f6cac282e85151785e6cd408d90911b57d8967e5,,src/attack_timings.rs;docs/enemy-coverage.json;scripts/generate-attack-timings.py;scripts/attack_responses.py
c5400,3090,1,1.433333278,1.633333325,unverified,extracted_unverified,false,false,db22cc244cec5cbbeb7faf53f6cac282e85151785e6cd408d90911b57d8967e5,,src/attack_timings.rs;docs/enemy-coverage.json;scripts/generate-attack-timings.py;scripts/attack_responses.py
c5400,3091,0,1.133333325,1.233333349,unverified,extracted_unverified,false,false,db22cc244cec5cbbeb7faf53f6cac282e85151785e6cd408d90911b57d8967e5,,src/attack_timings.rs;docs/enemy-coverage.json;scripts/generate-attack-timings.py;scripts/attack_responses.py
c5400,3091,1,1.433333278,1.566666722,unverified,extracted_unverified,false,false,db22cc244cec5cbbeb7faf53f6cac282e85151785e6cd408d90911b57d8967e5,,src/attack_timings.rs;docs/enemy-coverage.json;scripts/generate-attack-timings.py;scripts/attack_responses.py
c5400,3104,0,1.333333373,1.533333302,dodge,classified_estimate,false,false,db22cc244cec5cbbeb7faf53f6cac282e85151785e6cd408d90911b57d8967e5,54000280,src/attack_timings.rs;docs/enemy-coverage.json;docs/response-coverage.json;scripts/generate-attack-timings.py;scripts/attack_responses.py
c5400,100003000,0,0.766666651,0.866666675,unverified,extracted_unverified,false,false,db22cc244cec5cbbeb7faf53f6cac282e85151785e6cd408d90911b57d8967e5,,src/attack_timings.rs;docs/enemy-coverage.json;scripts/generate-attack-timings.py;scripts/attack_responses.py
c5400,100003001,0,0.566666663,0.666666687,unverified,extracted_unverified,false,false,db22cc244cec5cbbeb7faf53f6cac282e85151785e6cd408d90911b57d8967e5,,src/attack_timings.rs;docs/enemy-coverage.json;scripts/generate-attack-timings.py;scripts/attack_responses.py
c5400,100003002,0,0.600000024,0.699999988,unverified,extracted_unverified,false,false,db22cc244cec5cbbeb7faf53f6cac282e85151785e6cd408d90911b57d8967e5,,src/attack_timings.rs;docs/enemy-coverage.json;scripts/generate-attack-timings.py;scripts/attack_responses.py
c5400,100003003,0,1.166666627,1.399999976,unverified,extracted_unverified,false,false,db22cc244cec5cbbeb7faf53f6cac282e85151785e6cd408d90911b57d8967e5,,src/attack_timings.rs;docs/enemy-coverage.json;scripts/generate-attack-timings.py;scripts/attack_responses.py
c5400,100003004,0,1.033333302,1.200000048,unverified,extracted_unverified,false,false,db22cc244cec5cbbeb7faf53f6cac282e85151785e6cd408d90911b57d8967e5,,src/attack_timings.rs;docs/enemy-coverage.json;scripts/generate-attack-timings.py;scripts/attack_responses.py
c5400,100003005,0,0.766666651,0.966666639,unverified,extracted_unverified,false,false,db22cc244cec5cbbeb7faf53f6cac282e85151785e6cd408d90911b57d8967e5,,src/attack_timings.rs;docs/enemy-coverage.json;scripts/generate-attack-timings.py;scripts/attack_responses.py
c5400,100003006,0,1.133333325,1.266666651,jump,classified_estimate,false,false,db22cc244cec5cbbeb7faf53f6cac282e85151785e6cd408d90911b57d8967e5,54000512,src/attack_timings.rs;docs/enemy-coverage.json;docs/response-coverage.json;scripts/generate-attack-timings.py;scripts/attack_responses.py
c5400,100003007,0,1.200000048,1.333333373,unverified,extracted_unverified,false,false,db22cc244cec5cbbeb7faf53f6cac282e85151785e6cd408d90911b57d8967e5,,src/attack_timings.rs;docs/enemy-coverage.json;scripts/generate-attack-timings.py;scripts/attack_responses.py
c5400,100003008,0,3.033333302,3.133333445,unverified,extracted_unverified,false,false,db22cc244cec5cbbeb7faf53f6cac282e85151785e6cd408d90911b57d8967e5,,src/attack_timings.rs;docs/enemy-coverage.json;scripts/generate-attack-timings.py;scripts/attack_responses.py
c5400,100003009,0,1.200000048,1.333333373,unverified,extracted_unverified,false,false,db22cc244cec5cbbeb7faf53f6cac282e85151785e6cd408d90911b57d8967e5,,src/attack_timings.rs;docs/enemy-coverage.json;scripts/generate-attack-timings.py;scripts/attack_responses.py
c5400,100003010,0,0.466666669,0.533333361,unverified,extracted_unverified,false,false,db22cc244cec5cbbeb7faf53f6cac282e85151785e6cd408d90911b57d8967e5,,src/attack_timings.rs;docs/enemy-coverage.json;scripts/generate-attack-timings.py;scripts/attack_responses.py
c5400,100003010,1,0.899999976,1.000000000,unverified,extracted_unverified,false,false,db22cc244cec5cbbeb7faf53f6cac282e85151785e6cd408d90911b57d8967e5,,src/attack_timings.rs;docs/enemy-coverage.json;scripts/generate-attack-timings.py;scripts/attack_responses.py
c5400,100003011,0,0.933333337,1.066666722,unverified,extracted_unverified,false,false,db22cc244cec5cbbeb7faf53f6cac282e85151785e6cd408d90911b57d8967e5,,src/attack_timings.rs;docs/enemy-coverage.json;scripts/generate-attack-timings.py;scripts/attack_responses.py
c5400,100003012,0,1.200000048,1.266666651,unverified,extracted_unverified,false,false,db22cc244cec5cbbeb7faf53f6cac282e85151785e6cd408d90911b57d8967e5,,src/attack_timings.rs;docs/enemy-coverage.json;scripts/generate-attack-timings.py;scripts/attack_responses.py
c5400,100003013,0,0.766666651,0.933333337,unverified,extracted_unverified,false,false,db22cc244cec5cbbeb7faf53f6cac282e85151785e6cd408d90911b57d8967e5,,src/attack_timings.rs;docs/enemy-coverage.json;scripts/generate-attack-timings.py;scripts/attack_responses.py
c5400,100003013,1,1.433333278,1.666666627,unverified,extracted_unverified,false,false,db22cc244cec5cbbeb7faf53f6cac282e85151785e6cd408d90911b57d8967e5,,src/attack_timings.rs;docs/enemy-coverage.json;scripts/generate-attack-timings.py;scripts/attack_responses.py
c5400,100003014,0,1.233333349,1.433333278,jump,classified_estimate,false,false,db22cc244cec5cbbeb7faf53f6cac282e85151785e6cd408d90911b57d8967e5,54000512,src/attack_timings.rs;docs/enemy-coverage.json;docs/response-coverage.json;scripts/generate-attack-timings.py;scripts/attack_responses.py
c5400,100003015,0,0.366666675,0.666666687,unverified,extracted_unverified,false,false,db22cc244cec5cbbeb7faf53f6cac282e85151785e6cd408d90911b57d8967e5,,src/attack_timings.rs;docs/enemy-coverage.json;scripts/generate-attack-timings.py;scripts/attack_responses.py
c5400,100003016,0,0.966666639,1.266666651,unverified,extracted_unverified,false,false,db22cc244cec5cbbeb7faf53f6cac282e85151785e6cd408d90911b57d8967e5,,src/attack_timings.rs;docs/enemy-coverage.json;scripts/generate-attack-timings.py;scripts/attack_responses.py
c5400,100003017,0,0.966666639,1.266666651,unverified,extracted_unverified,false,false,db22cc244cec5cbbeb7faf53f6cac282e85151785e6cd408d90911b57d8967e5,,src/attack_timings.rs;docs/enemy-coverage.json;scripts/generate-attack-timings.py;scripts/attack_responses.py
c5400,100003020,0,0.966666639,1.100000024,unverified,extracted_unverified,false,false,db22cc244cec5cbbeb7faf53f6cac282e85151785e6cd408d90911b57d8967e5,,src/attack_timings.rs;docs/enemy-coverage.json;scripts/generate-attack-timings.py;scripts/attack_responses.py
c5400,100003020,1,1.266666651,1.399999976,unverified,extracted_unverified,false,false,db22cc244cec5cbbeb7faf53f6cac282e85151785e6cd408d90911b57d8967e5,,src/attack_timings.rs;docs/enemy-coverage.json;scripts/generate-attack-timings.py;scripts/attack_responses.py
c5400,100003020,2,2.099999905,2.266666651,unverified,extracted_unverified,false,false,db22cc244cec5cbbeb7faf53f6cac282e85151785e6cd408d90911b57d8967e5,,src/attack_timings.rs;docs/enemy-coverage.json;scripts/generate-attack-timings.py;scripts/attack_responses.py
c5400,100003020,3,2.866666555,2.966666698,unverified,extracted_unverified,false,false,db22cc244cec5cbbeb7faf53f6cac282e85151785e6cd408d90911b57d8967e5,,src/attack_timings.rs;docs/enemy-coverage.json;scripts/generate-attack-timings.py;scripts/attack_responses.py
c5400,100003020,4,3.266666651,3.400000095,unverified,extracted_unverified,false,false,db22cc244cec5cbbeb7faf53f6cac282e85151785e6cd408d90911b57d8967e5,,src/attack_timings.rs;docs/enemy-coverage.json;scripts/generate-attack-timings.py;scripts/attack_responses.py
c5400,100003021,0,1.000000000,1.200000048,unverified,extracted_unverified,false,false,db22cc244cec5cbbeb7faf53f6cac282e85151785e6cd408d90911b57d8967e5,,src/attack_timings.rs;docs/enemy-coverage.json;scripts/generate-attack-timings.py;scripts/attack_responses.py
c5400,100003021,1,1.866666675,2.099999905,unverified,extracted_unverified,false,false,db22cc244cec5cbbeb7faf53f6cac282e85151785e6cd408d90911b57d8967e5,,src/attack_timings.rs;docs/enemy-coverage.json;scripts/generate-attack-timings.py;scripts/attack_responses.py
c5400,100003021,2,3.133333445,3.366666555,unverified,extracted_unverified,false,false,db22cc244cec5cbbeb7faf53f6cac282e85151785e6cd408d90911b57d8967e5,,src/attack_timings.rs;docs/enemy-coverage.json;scripts/generate-attack-timings.py;scripts/attack_responses.py
c5400,100003022,0,0.833333313,1.066666722,unverified,extracted_unverified,false,false,db22cc244cec5cbbeb7faf53f6cac282e85151785e6cd408d90911b57d8967e5,,src/attack_timings.rs;docs/enemy-coverage.json;scripts/generate-attack-timings.py;scripts/attack_responses.py
c5400,100003024,0,0.800000012,0.966666639,unverified,extracted_unverified,false,false,db22cc244cec5cbbeb7faf53f6cac282e85151785e6cd408d90911b57d8967e5,,src/attack_timings.rs;docs/enemy-coverage.json;scripts/generate-attack-timings.py;scripts/attack_responses.py
c5400,100003024,1,1.766666651,2.000000000,unverified,extracted_unverified,false,false,db22cc244cec5cbbeb7faf53f6cac282e85151785e6cd408d90911b57d8967e5,,src/attack_timings.rs;docs/enemy-coverage.json;scripts/generate-attack-timings.py;scripts/attack_responses.py
c5400,100003026,0,0.833333313,0.933333337,unverified,extracted_unverified,false,false,db22cc244cec5cbbeb7faf53f6cac282e85151785e6cd408d90911b57d8967e5,,src/attack_timings.rs;docs/enemy-coverage.json;scripts/generate-attack-timings.py;scripts/attack_responses.py
c5400,100003026,1,1.033333302,1.133333325,unverified,extracted_unverified,false,false,db22cc244cec5cbbeb7faf53f6cac282e85151785e6cd408d90911b57d8967e5,,src/attack_timings.rs;docs/enemy-coverage.json;scripts/generate-attack-timings.py;scripts/attack_responses.py
c5400,100003027,0,1.566666722,1.633333325,unverified,extracted_unverified,false,false,db22cc244cec5cbbeb7faf53f6cac282e85151785e6cd408d90911b57d8967e5,,src/attack_timings.rs;docs/enemy-coverage.json;scripts/generate-attack-timings.py;scripts/attack_responses.py
c5400,100003028,0,0.433333337,0.466666669,unverified,extracted_unverified,false,false,db22cc244cec5cbbeb7faf53f6cac282e85151785e6cd408d90911b57d8967e5,,src/attack_timings.rs;docs/enemy-coverage.json;scripts/generate-attack-timings.py;scripts/attack_responses.py
c5400,100003029,0,1.399999976,1.600000024,unverified,extracted_unverified,false,false,db22cc244cec5cbbeb7faf53f6cac282e85151785e6cd408d90911b57d8967e5,,src/attack_timings.rs;docs/enemy-coverage.json;scripts/generate-attack-timings.py;scripts/attack_responses.py
c5400,100003030,0,0.433333337,0.466666669,unverified,extracted_unverified,false,false,db22cc244cec5cbbeb7faf53f6cac282e85151785e6cd408d90911b57d8967e5,,src/attack_timings.rs;docs/enemy-coverage.json;scripts/generate-attack-timings.py;scripts/attack_responses.py
c5400,100003031,0,2.366666555,2.566666603,unverified,extracted_unverified,false,false,db22cc244cec5cbbeb7faf53f6cac282e85151785e6cd408d90911b57d8967e5,,src/attack_timings.rs;docs/enemy-coverage.json;scripts/generate-attack-timings.py;scripts/attack_responses.py
c5400,100003032,0,2.366666555,2.566666603,unverified,extracted_unverified,false,false,db22cc244cec5cbbeb7faf53f6cac282e85151785e6cd408d90911b57d8967e5,,src/attack_timings.rs;docs/enemy-coverage.json;scripts/generate-attack-timings.py;scripts/attack_responses.py
c5400,100003039,0,1.766666651,1.966666698,jump,classified_estimate,false,false,db22cc244cec5cbbeb7faf53f6cac282e85151785e6cd408d90911b57d8967e5,54000730,src/attack_timings.rs;docs/enemy-coverage.json;docs/response-coverage.json;scripts/generate-attack-timings.py;scripts/attack_responses.py
c5400,100003039,1,2.266666651,2.466666698,unverified,extracted_unverified,false,false,db22cc244cec5cbbeb7faf53f6cac282e85151785e6cd408d90911b57d8967e5,,src/attack_timings.rs;docs/enemy-coverage.json;scripts/generate-attack-timings.py;scripts/attack_responses.py
c5400,100003039,2,3.799999952,4.033333302,unverified,extracted_unverified,false,false,db22cc244cec5cbbeb7faf53f6cac282e85151785e6cd408d90911b57d8967e5,,src/attack_timings.rs;docs/enemy-coverage.json;scripts/generate-attack-timings.py;scripts/attack_responses.py
c5400,100003040,0,1.766666651,1.966666698,jump,classified_estimate,false,false,db22cc244cec5cbbeb7faf53f6cac282e85151785e6cd408d90911b57d8967e5,54000730,src/attack_timings.rs;docs/enemy-coverage.json;docs/response-coverage.json;scripts/generate-attack-timings.py;scripts/attack_responses.py
c5400,100003040,1,2.266666651,2.466666698,unverified,extracted_unverified,false,false,db22cc244cec5cbbeb7faf53f6cac282e85151785e6cd408d90911b57d8967e5,,src/attack_timings.rs;docs/enemy-coverage.json;scripts/generate-attack-timings.py;scripts/attack_responses.py
c5400,100003040,2,3.533333302,3.866666555,unverified,extracted_unverified,false,false,db22cc244cec5cbbeb7faf53f6cac282e85151785e6cd408d90911b57d8967e5,,src/attack_timings.rs;docs/enemy-coverage.json;scripts/generate-attack-timings.py;scripts/attack_responses.py
c5400,100003055,0,1.633333325,1.866666675,unverified,extracted_unverified,false,false,db22cc244cec5cbbeb7faf53f6cac282e85151785e6cd408d90911b57d8967e5,,src/attack_timings.rs;docs/enemy-coverage.json;scripts/generate-attack-timings.py;scripts/attack_responses.py
c5400,100003056,0,1.600000024,1.733333349,unverified,extracted_unverified,false,false,db22cc244cec5cbbeb7faf53f6cac282e85151785e6cd408d90911b57d8967e5,,src/attack_timings.rs;docs/enemy-coverage.json;scripts/generate-attack-timings.py;scripts/attack_responses.py
c5400,100003060,0,0.766666651,1.000000000,unverified,extracted_unverified,false,false,db22cc244cec5cbbeb7faf53f6cac282e85151785e6cd408d90911b57d8967e5,,src/attack_timings.rs;docs/enemy-coverage.json;scripts/generate-attack-timings.py;scripts/attack_responses.py
c5400,100003065,0,0.699999988,0.966666639,unverified,extracted_unverified,false,false,db22cc244cec5cbbeb7faf53f6cac282e85151785e6cd408d90911b57d8967e5,,src/attack_timings.rs;docs/enemy-coverage.json;scripts/generate-attack-timings.py;scripts/attack_responses.py
c5400,100003066,0,1.166666627,1.399999976,unverified,extracted_unverified,false,false,db22cc244cec5cbbeb7faf53f6cac282e85151785e6cd408d90911b57d8967e5,,src/attack_timings.rs;docs/enemy-coverage.json;scripts/generate-attack-timings.py;scripts/attack_responses.py
c5400,100003090,0,1.466666698,1.566666722,unverified,extracted_unverified,false,false,db22cc244cec5cbbeb7faf53f6cac282e85151785e6cd408d90911b57d8967e5,,src/attack_timings.rs;docs/enemy-coverage.json;scripts/generate-attack-timings.py;scripts/attack_responses.py
c5400,100003090,1,2.266666651,2.366666555,unverified,extracted_unverified,false,false,db22cc244cec5cbbeb7faf53f6cac282e85151785e6cd408d90911b57d8967e5,,src/attack_timings.rs;docs/enemy-coverage.json;scripts/generate-attack-timings.py;scripts/attack_responses.py
c5400,100003091,0,1.100000024,1.266666651,unverified,extracted_unverified,false,false,db22cc244cec5cbbeb7faf53f6cac282e85151785e6cd408d90911b57d8967e5,,src/attack_timings.rs;docs/enemy-coverage.json;scripts/generate-attack-timings.py;scripts/attack_responses.py
c5400,100003092,0,1.100000024,1.266666651,unverified,extracted_unverified,false,false,db22cc244cec5cbbeb7faf53f6cac282e85151785e6cd408d90911b57d8967e5,,src/attack_timings.rs;docs/enemy-coverage.json;scripts/generate-attack-timings.py;scripts/attack_responses.py
c7000,3000,0,0.633333325,0.766666651,parry,classified_estimate,false,false,d698cb4a769f534104f94c1171b6e0b30becc1427fb85dc1cc3029d4de758934,,src/attack_timings.rs;docs/enemy-coverage.json;scripts/generate-attack-timings.py;scripts/attack_responses.py
c7000,3001,0,0.400000006,0.466666669,parry,classified_estimate,false,false,d698cb4a769f534104f94c1171b6e0b30becc1427fb85dc1cc3029d4de758934,,src/attack_timings.rs;docs/enemy-coverage.json;scripts/generate-attack-timings.py;scripts/attack_responses.py
c7000,3001,1,0.666666687,0.733333349,parry,classified_estimate,false,false,d698cb4a769f534104f94c1171b6e0b30becc1427fb85dc1cc3029d4de758934,,src/attack_timings.rs;docs/enemy-coverage.json;scripts/generate-attack-timings.py;scripts/attack_responses.py
c7000,3002,0,0.166666672,0.233333334,unverified,extracted_unverified,false,false,d698cb4a769f534104f94c1171b6e0b30becc1427fb85dc1cc3029d4de758934,,src/attack_timings.rs;docs/enemy-coverage.json;scripts/generate-attack-timings.py;scripts/attack_responses.py
c7000,3002,1,0.866666675,0.933333337,unverified,extracted_unverified,false,false,d698cb4a769f534104f94c1171b6e0b30becc1427fb85dc1cc3029d4de758934,,src/attack_timings.rs;docs/enemy-coverage.json;scripts/generate-attack-timings.py;scripts/attack_responses.py
c7000,3003,0,0.899999976,1.033333302,parry,classified_estimate,false,false,d698cb4a769f534104f94c1171b6e0b30becc1427fb85dc1cc3029d4de758934,,src/attack_timings.rs;docs/enemy-coverage.json;scripts/generate-attack-timings.py;scripts/attack_responses.py
c7000,3004,0,0.766666651,0.899999976,unverified,extracted_unverified,false,false,d698cb4a769f534104f94c1171b6e0b30becc1427fb85dc1cc3029d4de758934,,src/attack_timings.rs;docs/enemy-coverage.json;scripts/generate-attack-timings.py;scripts/attack_responses.py
c7000,3005,0,0.133333340,0.266666681,unverified,extracted_unverified,false,false,d698cb4a769f534104f94c1171b6e0b30becc1427fb85dc1cc3029d4de758934,,src/attack_timings.rs;docs/enemy-coverage.json;scripts/generate-attack-timings.py;scripts/attack_responses.py
c7000,3005,1,1.000000000,1.133333325,jump,classified_estimate,false,false,d698cb4a769f534104f94c1171b6e0b30becc1427fb85dc1cc3029d4de758934,70000131,src/attack_timings.rs;docs/enemy-coverage.json;docs/response-coverage.json;scripts/generate-attack-timings.py;scripts/attack_responses.py
c7000,3006,0,0.400000006,0.466666669,parry,classified_estimate,false,false,d698cb4a769f534104f94c1171b6e0b30becc1427fb85dc1cc3029d4de758934,,src/attack_timings.rs;docs/enemy-coverage.json;scripts/generate-attack-timings.py;scripts/attack_responses.py
c7000,3006,1,0.666666687,0.733333349,parry,classified_estimate,false,false,d698cb4a769f534104f94c1171b6e0b30becc1427fb85dc1cc3029d4de758934,,src/attack_timings.rs;docs/enemy-coverage.json;scripts/generate-attack-timings.py;scripts/attack_responses.py
c7000,3009,0,1.433333278,1.633333325,unverified,extracted_unverified,false,false,d698cb4a769f534104f94c1171b6e0b30becc1427fb85dc1cc3029d4de758934,,src/attack_timings.rs;docs/enemy-coverage.json;scripts/generate-attack-timings.py;scripts/attack_responses.py
c7000,3011,0,1.566666722,1.766666651,unverified,extracted_unverified,false,false,d698cb4a769f534104f94c1171b6e0b30becc1427fb85dc1cc3029d4de758934,,src/attack_timings.rs;docs/enemy-coverage.json;scripts/generate-attack-timings.py;scripts/attack_responses.py
c7000,3012,0,0.800000012,0.933333337,parry,classified_estimate,false,false,d698cb4a769f534104f94c1171b6e0b30becc1427fb85dc1cc3029d4de758934,,src/attack_timings.rs;docs/enemy-coverage.json;scripts/generate-attack-timings.py;scripts/attack_responses.py
c7000,3013,0,1.633333325,1.866666675,parry,classified_estimate,false,false,d698cb4a769f534104f94c1171b6e0b30becc1427fb85dc1cc3029d4de758934,,src/attack_timings.rs;docs/enemy-coverage.json;scripts/generate-attack-timings.py;scripts/attack_responses.py
c7000,3014,0,0.833333313,0.966666639,parry,classified_estimate,false,false,d698cb4a769f534104f94c1171b6e0b30becc1427fb85dc1cc3029d4de758934,,src/attack_timings.rs;docs/enemy-coverage.json;scripts/generate-attack-timings.py;scripts/attack_responses.py
c7000,3017,0,0.500000000,0.633333325,parry,classified_estimate,false,false,d698cb4a769f534104f94c1171b6e0b30becc1427fb85dc1cc3029d4de758934,,src/attack_timings.rs;docs/enemy-coverage.json;scripts/generate-attack-timings.py;scripts/attack_responses.py
c7000,3018,0,0.633333325,0.766666651,jump,classified_estimate,false,false,d698cb4a769f534104f94c1171b6e0b30becc1427fb85dc1cc3029d4de758934,70000250,src/attack_timings.rs;docs/enemy-coverage.json;docs/response-coverage.json;scripts/generate-attack-timings.py;scripts/attack_responses.py
c7000,3019,0,0.633333325,0.766666651,jump,classified_estimate,false,false,d698cb4a769f534104f94c1171b6e0b30becc1427fb85dc1cc3029d4de758934,70000260,src/attack_timings.rs;docs/enemy-coverage.json;docs/response-coverage.json;scripts/generate-attack-timings.py;scripts/attack_responses.py
c7000,3021,0,1.366666675,1.500000000,dodge,classified_estimate,false,false,d698cb4a769f534104f94c1171b6e0b30becc1427fb85dc1cc3029d4de758934,70000300,src/attack_timings.rs;docs/enemy-coverage.json;docs/response-coverage.json;scripts/generate-attack-timings.py;scripts/attack_responses.py
c7000,3022,0,0.966666639,1.100000024,unverified,extracted_unverified,false,false,d698cb4a769f534104f94c1171b6e0b30becc1427fb85dc1cc3029d4de758934,,src/attack_timings.rs;docs/enemy-coverage.json;scripts/generate-attack-timings.py;scripts/attack_responses.py
c7000,3023,0,1.200000048,1.333333373,jump,classified_estimate,false,false,d698cb4a769f534104f94c1171b6e0b30becc1427fb85dc1cc3029d4de758934,70000131,src/attack_timings.rs;docs/enemy-coverage.json;docs/response-coverage.json;scripts/generate-attack-timings.py;scripts/attack_responses.py
c7000,3025,0,1.633333325,1.833333373,jump,classified_estimate,false,false,d698cb4a769f534104f94c1171b6e0b30becc1427fb85dc1cc3029d4de758934,70000270,src/attack_timings.rs;docs/enemy-coverage.json;docs/response-coverage.json;scripts/generate-attack-timings.py;scripts/attack_responses.py
c7000,3026,0,1.566666722,1.766666651,parry,classified_estimate,false,false,d698cb4a769f534104f94c1171b6e0b30becc1427fb85dc1cc3029d4de758934,,src/attack_timings.rs;docs/enemy-coverage.json;scripts/generate-attack-timings.py;scripts/attack_responses.py
c7000,3027,0,1.633333325,1.866666675,parry,classified_estimate,false,false,d698cb4a769f534104f94c1171b6e0b30becc1427fb85dc1cc3029d4de758934,,src/attack_timings.rs;docs/enemy-coverage.json;scripts/generate-attack-timings.py;scripts/attack_responses.py
c7000,3061,0,0.433333337,0.566666663,unverified,extracted_unverified,false,false,d698cb4a769f534104f94c1171b6e0b30becc1427fb85dc1cc3029d4de758934,,src/attack_timings.rs;docs/enemy-coverage.json;scripts/generate-attack-timings.py;scripts/attack_responses.py
c7000,3062,0,0.333333343,0.466666669,parry,classified_estimate,false,false,d698cb4a769f534104f94c1171b6e0b30becc1427fb85dc1cc3029d4de758934,,src/attack_timings.rs;docs/enemy-coverage.json;scripts/generate-attack-timings.py;scripts/attack_responses.py
c7000,3066,0,0.433333337,0.566666663,unverified,extracted_unverified,false,false,d698cb4a769f534104f94c1171b6e0b30becc1427fb85dc1cc3029d4de758934,,src/attack_timings.rs;docs/enemy-coverage.json;scripts/generate-attack-timings.py;scripts/attack_responses.py
c7000,3067,0,0.433333337,0.566666663,parry,classified_estimate,false,false,d698cb4a769f534104f94c1171b6e0b30becc1427fb85dc1cc3029d4de758934,,src/attack_timings.rs;docs/enemy-coverage.json;scripts/generate-attack-timings.py;scripts/attack_responses.py
c7000,3082,0,0.100000001,0.233333334,parry,classified_estimate,false,false,d698cb4a769f534104f94c1171b6e0b30becc1427fb85dc1cc3029d4de758934,,src/attack_timings.rs;docs/enemy-coverage.json;scripts/generate-attack-timings.py;scripts/attack_responses.py
c7000,3083,0,0.300000012,0.433333337,parry,classified_estimate,false,false,d698cb4a769f534104f94c1171b6e0b30becc1427fb85dc1cc3029d4de758934,,src/attack_timings.rs;docs/enemy-coverage.json;scripts/generate-attack-timings.py;scripts/attack_responses.py
c7000,3087,0,0.433333337,0.566666663,parry,classified_estimate,false,false,d698cb4a769f534104f94c1171b6e0b30becc1427fb85dc1cc3029d4de758934,,src/attack_timings.rs;docs/enemy-coverage.json;scripts/generate-attack-timings.py;scripts/attack_responses.py
c7000,3095,0,0.800000012,0.933333337,parry,classified_estimate,false,false,d698cb4a769f534104f94c1171b6e0b30becc1427fb85dc1cc3029d4de758934,,src/attack_timings.rs;docs/enemy-coverage.json;scripts/generate-attack-timings.py;scripts/attack_responses.py
c7020,3000,0,0.766666651,1.033333302,unverified,extracted_unverified,false,false,658aa716e53ceb160275a05003aa6ec66ed50d94d58fc899bfb44cf0db784f78,,src/attack_timings.rs;docs/enemy-coverage.json;scripts/generate-attack-timings.py;scripts/attack_responses.py
c7020,3001,0,1.700000048,1.833333373,unverified,extracted_unverified,false,false,658aa716e53ceb160275a05003aa6ec66ed50d94d58fc899bfb44cf0db784f78,,src/attack_timings.rs;docs/enemy-coverage.json;scripts/generate-attack-timings.py;scripts/attack_responses.py
c7020,3001,1,3.200000048,3.533333302,unverified,extracted_unverified,false,false,658aa716e53ceb160275a05003aa6ec66ed50d94d58fc899bfb44cf0db784f78,,src/attack_timings.rs;docs/enemy-coverage.json;scripts/generate-attack-timings.py;scripts/attack_responses.py
c7020,3002,0,0.633333325,0.833333313,unverified,extracted_unverified,false,false,658aa716e53ceb160275a05003aa6ec66ed50d94d58fc899bfb44cf0db784f78,,src/attack_timings.rs;docs/enemy-coverage.json;scripts/generate-attack-timings.py;scripts/attack_responses.py
c7020,3002,1,1.766666651,2.433333397,unverified,extracted_unverified,false,false,658aa716e53ceb160275a05003aa6ec66ed50d94d58fc899bfb44cf0db784f78,,src/attack_timings.rs;docs/enemy-coverage.json;scripts/generate-attack-timings.py;scripts/attack_responses.py
c7020,3003,0,0.200000003,0.833333313,unverified,extracted_unverified,false,false,658aa716e53ceb160275a05003aa6ec66ed50d94d58fc899bfb44cf0db784f78,,src/attack_timings.rs;docs/enemy-coverage.json;scripts/generate-attack-timings.py;scripts/attack_responses.py
c7020,3003,1,1.966666698,2.099999905,unverified,extracted_unverified,false,false,658aa716e53ceb160275a05003aa6ec66ed50d94d58fc899bfb44cf0db784f78,,src/attack_timings.rs;docs/enemy-coverage.json;scripts/generate-attack-timings.py;scripts/attack_responses.py
c7020,3003,2,2.133333445,2.366666555,unverified,extracted_unverified,false,false,658aa716e53ceb160275a05003aa6ec66ed50d94d58fc899bfb44cf0db784f78,,src/attack_timings.rs;docs/enemy-coverage.json;scripts/generate-attack-timings.py;scripts/attack_responses.py
c7020,3005,0,1.033333302,1.166666627,unverified,extracted_unverified,false,false,658aa716e53ceb160275a05003aa6ec66ed50d94d58fc899bfb44cf0db784f78,,src/attack_timings.rs;docs/enemy-coverage.json;scripts/generate-attack-timings.py;scripts/attack_responses.py
c7020,3006,0,0.533333361,0.666666687,unverified,extracted_unverified,false,false,658aa716e53ceb160275a05003aa6ec66ed50d94d58fc899bfb44cf0db784f78,,src/attack_timings.rs;docs/enemy-coverage.json;scripts/generate-attack-timings.py;scripts/attack_responses.py
c7020,3006,1,1.966666698,2.099999905,unverified,extracted_unverified,false,false,658aa716e53ceb160275a05003aa6ec66ed50d94d58fc899bfb44cf0db784f78,,src/attack_timings.rs;docs/enemy-coverage.json;scripts/generate-attack-timings.py;scripts/attack_responses.py
c7020,3008,0,1.799999952,2.099999905,unverified,extracted_unverified,false,false,658aa716e53ceb160275a05003aa6ec66ed50d94d58fc899bfb44cf0db784f78,,src/attack_timings.rs;docs/enemy-coverage.json;scripts/generate-attack-timings.py;scripts/attack_responses.py
c7020,3008,1,2.599999905,2.866666555,unverified,extracted_unverified,false,false,658aa716e53ceb160275a05003aa6ec66ed50d94d58fc899bfb44cf0db784f78,,src/attack_timings.rs;docs/enemy-coverage.json;scripts/generate-attack-timings.py;scripts/attack_responses.py
c7020,3010,0,0.833333313,1.133333325,unverified,extracted_unverified,false,false,658aa716e53ceb160275a05003aa6ec66ed50d94d58fc899bfb44cf0db784f78,,src/attack_timings.rs;docs/enemy-coverage.json;scripts/generate-attack-timings.py;scripts/attack_responses.py
c7020,3010,1,2.066666603,2.233333349,unverified,extracted_unverified,false,false,658aa716e53ceb160275a05003aa6ec66ed50d94d58fc899bfb44cf0db784f78,,src/attack_timings.rs;docs/enemy-coverage.json;scripts/generate-attack-timings.py;scripts/attack_responses.py
c7020,3010,2,2.933333397,3.033333302,unverified,extracted_unverified,false,false,658aa716e53ceb160275a05003aa6ec66ed50d94d58fc899bfb44cf0db784f78,,src/attack_timings.rs;docs/enemy-coverage.json;scripts/generate-attack-timings.py;scripts/attack_responses.py
c7020,3011,0,0.633333325,1.166666627,unverified,extracted_unverified,false,false,658aa716e53ceb160275a05003aa6ec66ed50d94d58fc899bfb44cf0db784f78,,src/attack_timings.rs;docs/enemy-coverage.json;scripts/generate-attack-timings.py;scripts/attack_responses.py
c7020,3012,0,1.133333325,2.066666603,unverified,extracted_unverified,false,false,658aa716e53ceb160275a05003aa6ec66ed50d94d58fc899bfb44cf0db784f78,,src/attack_timings.rs;docs/enemy-coverage.json;scripts/generate-attack-timings.py;scripts/attack_responses.py
c7020,3013,0,0.699999988,0.899999976,unverified,extracted_unverified,false,false,658aa716e53ceb160275a05003aa6ec66ed50d94d58fc899bfb44cf0db784f78,,src/attack_timings.rs;docs/enemy-coverage.json;scripts/generate-attack-timings.py;scripts/attack_responses.py
c7020,3015,0,0.933333337,1.266666651,parry,classified_estimate,false,false,658aa716e53ceb160275a05003aa6ec66ed50d94d58fc899bfb44cf0db784f78,,src/attack_timings.rs;docs/enemy-coverage.json;scripts/generate-attack-timings.py;scripts/attack_responses.py
c7020,3016,0,1.899999976,2.433333397,unverified,extracted_unverified,false,false,658aa716e53ceb160275a05003aa6ec66ed50d94d58fc899bfb44cf0db784f78,,src/attack_timings.rs;docs/enemy-coverage.json;scripts/generate-attack-timings.py;scripts/attack_responses.py
c7020,3017,0,1.533333302,1.733333349,unverified,extracted_unverified,false,false,658aa716e53ceb160275a05003aa6ec66ed50d94d58fc899bfb44cf0db784f78,,src/attack_timings.rs;docs/enemy-coverage.json;scripts/generate-attack-timings.py;scripts/attack_responses.py
c7020,3018,0,0.566666663,0.766666651,parry,classified_estimate,false,false,658aa716e53ceb160275a05003aa6ec66ed50d94d58fc899bfb44cf0db784f78,,src/attack_timings.rs;docs/enemy-coverage.json;scripts/generate-attack-timings.py;scripts/attack_responses.py
c7020,3019,0,1.399999976,1.733333349,unverified,extracted_unverified,false,false,658aa716e53ceb160275a05003aa6ec66ed50d94d58fc899bfb44cf0db784f78,,src/attack_timings.rs;docs/enemy-coverage.json;scripts/generate-attack-timings.py;scripts/attack_responses.py
c7020,3023,0,0.800000012,1.100000024,parry,classified_estimate,false,false,658aa716e53ceb160275a05003aa6ec66ed50d94d58fc899bfb44cf0db784f78,,src/attack_timings.rs;docs/enemy-coverage.json;scripts/generate-attack-timings.py;scripts/attack_responses.py
c7020,3025,0,1.299999952,2.233333349,unverified,extracted_unverified,false,false,658aa716e53ceb160275a05003aa6ec66ed50d94d58fc899bfb44cf0db784f78,,src/attack_timings.rs;docs/enemy-coverage.json;scripts/generate-attack-timings.py;scripts/attack_responses.py
c7020,3025,1,2.266666651,3.299999952,unverified,extracted_unverified,false,false,658aa716e53ceb160275a05003aa6ec66ed50d94d58fc899bfb44cf0db784f78,,src/attack_timings.rs;docs/enemy-coverage.json;scripts/generate-attack-timings.py;scripts/attack_responses.py
c7020,3026,0,1.033333302,4.099999905,unverified,extracted_unverified,false,false,658aa716e53ceb160275a05003aa6ec66ed50d94d58fc899bfb44cf0db784f78,,src/attack_timings.rs;docs/enemy-coverage.json;scripts/generate-attack-timings.py;scripts/attack_responses.py
c7020,3032,0,1.200000048,1.466666698,unverified,extracted_unverified,false,false,658aa716e53ceb160275a05003aa6ec66ed50d94d58fc899bfb44cf0db784f78,,src/attack_timings.rs;docs/enemy-coverage.json;scripts/generate-attack-timings.py;scripts/attack_responses.py
c7020,3033,0,0.433333337,1.233333349,unverified,extracted_unverified,false,false,658aa716e53ceb160275a05003aa6ec66ed50d94d58fc899bfb44cf0db784f78,,src/attack_timings.rs;docs/enemy-coverage.json;scripts/generate-attack-timings.py;scripts/attack_responses.py
c7020,3034,0,1.399999976,1.533333302,unverified,extracted_unverified,false,false,658aa716e53ceb160275a05003aa6ec66ed50d94d58fc899bfb44cf0db784f78,,src/attack_timings.rs;docs/enemy-coverage.json;scripts/generate-attack-timings.py;scripts/attack_responses.py
c7020,3035,0,0.666666687,1.233333349,unverified,extracted_unverified,false,false,658aa716e53ceb160275a05003aa6ec66ed50d94d58fc899bfb44cf0db784f78,,src/attack_timings.rs;docs/enemy-coverage.json;scripts/generate-attack-timings.py;scripts/attack_responses.py
c7020,3036,0,1.966666698,3.833333254,unverified,extracted_unverified,false,false,658aa716e53ceb160275a05003aa6ec66ed50d94d58fc899bfb44cf0db784f78,,src/attack_timings.rs;docs/enemy-coverage.json;scripts/generate-attack-timings.py;scripts/attack_responses.py
c7020,3036,1,4.466666698,5.266666889,unverified,extracted_unverified,false,false,658aa716e53ceb160275a05003aa6ec66ed50d94d58fc899bfb44cf0db784f78,,src/attack_timings.rs;docs/enemy-coverage.json;scripts/generate-attack-timings.py;scripts/attack_responses.py
c7020,3037,0,1.700000048,1.866666675,unverified,extracted_unverified,false,false,658aa716e53ceb160275a05003aa6ec66ed50d94d58fc899bfb44cf0db784f78,,src/attack_timings.rs;docs/enemy-coverage.json;scripts/generate-attack-timings.py;scripts/attack_responses.py
c7020,3045,0,1.766666651,2.033333302,unverified,extracted_unverified,false,false,658aa716e53ceb160275a05003aa6ec66ed50d94d58fc899bfb44cf0db784f78,,src/attack_timings.rs;docs/enemy-coverage.json;scripts/generate-attack-timings.py;scripts/attack_responses.py
c7020,3046,0,0.800000012,0.966666639,unverified,extracted_unverified,false,false,658aa716e53ceb160275a05003aa6ec66ed50d94d58fc899bfb44cf0db784f78,,src/attack_timings.rs;docs/enemy-coverage.json;scripts/generate-attack-timings.py;scripts/attack_responses.py
c7020,3046,1,1.799999952,2.000000000,unverified,extracted_unverified,false,false,658aa716e53ceb160275a05003aa6ec66ed50d94d58fc899bfb44cf0db784f78,,src/attack_timings.rs;docs/enemy-coverage.json;scripts/generate-attack-timings.py;scripts/attack_responses.py
c7020,3048,0,0.766666651,1.299999952,unverified,extracted_unverified,false,false,658aa716e53ceb160275a05003aa6ec66ed50d94d58fc899bfb44cf0db784f78,,src/attack_timings.rs;docs/enemy-coverage.json;scripts/generate-attack-timings.py;scripts/attack_responses.py
c7020,3048,1,1.933333278,2.133333445,unverified,extracted_unverified,false,false,658aa716e53ceb160275a05003aa6ec66ed50d94d58fc899bfb44cf0db784f78,,src/attack_timings.rs;docs/enemy-coverage.json;scripts/generate-attack-timings.py;scripts/attack_responses.py
c7020,3052,0,0.533333361,0.699999988,unverified,extracted_unverified,false,false,658aa716e53ceb160275a05003aa6ec66ed50d94d58fc899bfb44cf0db784f78,,src/attack_timings.rs;docs/enemy-coverage.json;scripts/generate-attack-timings.py;scripts/attack_responses.py
c7020,3052,1,1.399999976,1.566666722,unverified,extracted_unverified,false,false,658aa716e53ceb160275a05003aa6ec66ed50d94d58fc899bfb44cf0db784f78,,src/attack_timings.rs;docs/enemy-coverage.json;scripts/generate-attack-timings.py;scripts/attack_responses.py
c7020,3052,2,2.400000095,2.633333445,unverified,extracted_unverified,false,false,658aa716e53ceb160275a05003aa6ec66ed50d94d58fc899bfb44cf0db784f78,,src/attack_timings.rs;docs/enemy-coverage.json;scripts/generate-attack-timings.py;scripts/attack_responses.py
c7020,3056,0,0.433333337,0.699999988,unverified,extracted_unverified,false,false,658aa716e53ceb160275a05003aa6ec66ed50d94d58fc899bfb44cf0db784f78,,src/attack_timings.rs;docs/enemy-coverage.json;scripts/generate-attack-timings.py;scripts/attack_responses.py
c7020,3056,1,0.866666675,1.399999976,unverified,extracted_unverified,false,false,658aa716e53ceb160275a05003aa6ec66ed50d94d58fc899bfb44cf0db784f78,,src/attack_timings.rs;docs/enemy-coverage.json;scripts/generate-attack-timings.py;scripts/attack_responses.py
c7020,3056,2,2.433333397,2.933333397,unverified,extracted_unverified,false,false,658aa716e53ceb160275a05003aa6ec66ed50d94d58fc899bfb44cf0db784f78,,src/attack_timings.rs;docs/enemy-coverage.json;scripts/generate-attack-timings.py;scripts/attack_responses.py
c7020,3092,0,0.633333325,1.000000000,unverified,extracted_unverified,false,false,658aa716e53ceb160275a05003aa6ec66ed50d94d58fc899bfb44cf0db784f78,,src/attack_timings.rs;docs/enemy-coverage.json;scripts/generate-attack-timings.py;scripts/attack_responses.py
c7020,3092,1,1.733333349,1.866666675,unverified,extracted_unverified,false,false,658aa716e53ceb160275a05003aa6ec66ed50d94d58fc899bfb44cf0db784f78,,src/attack_timings.rs;docs/enemy-coverage.json;scripts/generate-attack-timings.py;scripts/attack_responses.py
c7020,3093,0,0.500000000,0.666666687,unverified,extracted_unverified,false,false,658aa716e53ceb160275a05003aa6ec66ed50d94d58fc899bfb44cf0db784f78,,src/attack_timings.rs;docs/enemy-coverage.json;scripts/generate-attack-timings.py;scripts/attack_responses.py
c7020,3093,1,1.033333302,1.266666651,unverified,extracted_unverified,false,false,658aa716e53ceb160275a05003aa6ec66ed50d94d58fc899bfb44cf0db784f78,,src/attack_timings.rs;docs/enemy-coverage.json;scripts/generate-attack-timings.py;scripts/attack_responses.py
c7020,3093,2,1.633333325,1.866666675,unverified,extracted_unverified,false,false,658aa716e53ceb160275a05003aa6ec66ed50d94d58fc899bfb44cf0db784f78,,src/attack_timings.rs;docs/enemy-coverage.json;scripts/generate-attack-timings.py;scripts/attack_responses.py
c7020,3093,3,3.166666746,3.400000095,unverified,extracted_unverified,false,false,658aa716e53ceb160275a05003aa6ec66ed50d94d58fc899bfb44cf0db784f78,,src/attack_timings.rs;docs/enemy-coverage.json;scripts/generate-attack-timings.py;scripts/attack_responses.py
c7020,3093,4,4.599999905,5.199999809,unverified,extracted_unverified,false,false,658aa716e53ceb160275a05003aa6ec66ed50d94d58fc899bfb44cf0db784f78,,src/attack_timings.rs;docs/enemy-coverage.json;scripts/generate-attack-timings.py;scripts/attack_responses.py
c7020,5000,0,0.000000000,1.966666698,unverified,extracted_unverified,false,false,658aa716e53ceb160275a05003aa6ec66ed50d94d58fc899bfb44cf0db784f78,,src/attack_timings.rs;docs/enemy-coverage.json;scripts/generate-attack-timings.py;scripts/attack_responses.py
c7020,5010,0,0.000000000,1.000000000,unverified,extracted_unverified,false,false,658aa716e53ceb160275a05003aa6ec66ed50d94d58fc899bfb44cf0db784f78,,src/attack_timings.rs;docs/enemy-coverage.json;scripts/generate-attack-timings.py;scripts/attack_responses.py
c7020,5200,0,0.000000000,2.000000000,unverified,extracted_unverified,false,false,658aa716e53ceb160275a05003aa6ec66ed50d94d58fc899bfb44cf0db784f78,,src/attack_timings.rs;docs/enemy-coverage.json;scripts/generate-attack-timings.py;scripts/attack_responses.py
c7020,5201,0,0.000000000,2.000000000,unverified,extracted_unverified,false,false,658aa716e53ceb160275a05003aa6ec66ed50d94d58fc899bfb44cf0db784f78,,src/attack_timings.rs;docs/enemy-coverage.json;scripts/generate-attack-timings.py;scripts/attack_responses.py
c7020,5202,0,0.000000000,2.000000000,unverified,extracted_unverified,false,false,658aa716e53ceb160275a05003aa6ec66ed50d94d58fc899bfb44cf0db784f78,,src/attack_timings.rs;docs/enemy-coverage.json;scripts/generate-attack-timings.py;scripts/attack_responses.py
c7020,5203,0,0.000000000,2.000000000,unverified,extracted_unverified,false,false,658aa716e53ceb160275a05003aa6ec66ed50d94d58fc899bfb44cf0db784f78,,src/attack_timings.rs;docs/enemy-coverage.json;scripts/generate-attack-timings.py;scripts/attack_responses.py
c7020,5211,0,0.000000000,2.166666746,unverified,extracted_unverified,false,false,658aa716e53ceb160275a05003aa6ec66ed50d94d58fc899bfb44cf0db784f78,,src/attack_timings.rs;docs/enemy-coverage.json;scripts/generate-attack-timings.py;scripts/attack_responses.py
c7020,5400,0,0.000000000,2.099999905,unverified,extracted_unverified,false,false,658aa716e53ceb160275a05003aa6ec66ed50d94d58fc899bfb44cf0db784f78,,src/attack_timings.rs;docs/enemy-coverage.json;scripts/generate-attack-timings.py;scripts/attack_responses.py
c7020,5401,0,0.000000000,2.099999905,unverified,extracted_unverified,false,false,658aa716e53ceb160275a05003aa6ec66ed50d94d58fc899bfb44cf0db784f78,,src/attack_timings.rs;docs/enemy-coverage.json;scripts/generate-attack-timings.py;scripts/attack_responses.py
c7020,5402,0,0.000000000,2.833333254,unverified,extracted_unverified,false,false,658aa716e53ceb160275a05003aa6ec66ed50d94d58fc899bfb44cf0db784f78,,src/attack_timings.rs;docs/enemy-coverage.json;scripts/generate-attack-timings.py;scripts/attack_responses.py
c7020,5403,0,0.000000000,2.833333254,unverified,extracted_unverified,false,false,658aa716e53ceb160275a05003aa6ec66ed50d94d58fc899bfb44cf0db784f78,,src/attack_timings.rs;docs/enemy-coverage.json;scripts/generate-attack-timings.py;scripts/attack_responses.py
c7020,20001,0,5.733333111,5.833333492,unverified,extracted_unverified,false,false,658aa716e53ceb160275a05003aa6ec66ed50d94d58fc899bfb44cf0db784f78,,src/attack_timings.rs;docs/enemy-coverage.json;scripts/generate-attack-timings.py;scripts/attack_responses.py
c7020,205000,0,0.000000000,1.966666698,unverified,extracted_unverified,false,false,658aa716e53ceb160275a05003aa6ec66ed50d94d58fc899bfb44cf0db784f78,,src/attack_timings.rs;docs/enemy-coverage.json;scripts/generate-attack-timings.py;scripts/attack_responses.py
c7020,205400,0,0.000000000,1.966666698,unverified,extracted_unverified,false,false,658aa716e53ceb160275a05003aa6ec66ed50d94d58fc899bfb44cf0db784f78,,src/attack_timings.rs;docs/enemy-coverage.json;scripts/generate-attack-timings.py;scripts/attack_responses.py
c7020,205401,0,0.000000000,1.966666698,unverified,extracted_unverified,false,false,658aa716e53ceb160275a05003aa6ec66ed50d94d58fc899bfb44cf0db784f78,,src/attack_timings.rs;docs/enemy-coverage.json;scripts/generate-attack-timings.py;scripts/attack_responses.py
c7020,205402,0,0.000000000,1.966666698,unverified,extracted_unverified,false,false,658aa716e53ceb160275a05003aa6ec66ed50d94d58fc899bfb44cf0db784f78,,src/attack_timings.rs;docs/enemy-coverage.json;scripts/generate-attack-timings.py;scripts/attack_responses.py
c7020,205403,0,0.000000000,1.966666698,unverified,extracted_unverified,false,false,658aa716e53ceb160275a05003aa6ec66ed50d94d58fc899bfb44cf0db784f78,,src/attack_timings.rs;docs/enemy-coverage.json;scripts/generate-attack-timings.py;scripts/attack_responses.py
c7020,405000,0,0.000000000,1.966666698,unverified,extracted_unverified,false,false,658aa716e53ceb160275a05003aa6ec66ed50d94d58fc899bfb44cf0db784f78,,src/attack_timings.rs;docs/enemy-coverage.json;scripts/generate-attack-timings.py;scripts/attack_responses.py
c7020,405001,0,0.000000000,1.966666698,unverified,extracted_unverified,false,false,658aa716e53ceb160275a05003aa6ec66ed50d94d58fc899bfb44cf0db784f78,,src/attack_timings.rs;docs/enemy-coverage.json;scripts/generate-attack-timings.py;scripts/attack_responses.py
c7020,405002,0,0.000000000,1.966666698,unverified,extracted_unverified,false,false,658aa716e53ceb160275a05003aa6ec66ed50d94d58fc899bfb44cf0db784f78,,src/attack_timings.rs;docs/enemy-coverage.json;scripts/generate-attack-timings.py;scripts/attack_responses.py
c7020,405003,0,0.000000000,1.966666698,unverified,extracted_unverified,false,false,658aa716e53ceb160275a05003aa6ec66ed50d94d58fc899bfb44cf0db784f78,,src/attack_timings.rs;docs/enemy-coverage.json;scripts/generate-attack-timings.py;scripts/attack_responses.py
c7020,405010,0,0.000000000,1.000000000,unverified,extracted_unverified,false,false,658aa716e53ceb160275a05003aa6ec66ed50d94d58fc899bfb44cf0db784f78,,src/attack_timings.rs;docs/enemy-coverage.json;scripts/generate-attack-timings.py;scripts/attack_responses.py
c7020,405400,0,0.000000000,2.099999905,unverified,extracted_unverified,false,false,658aa716e53ceb160275a05003aa6ec66ed50d94d58fc899bfb44cf0db784f78,,src/attack_timings.rs;docs/enemy-coverage.json;scripts/generate-attack-timings.py;scripts/attack_responses.py
c7020,405401,0,0.000000000,2.099999905,unverified,extracted_unverified,false,false,658aa716e53ceb160275a05003aa6ec66ed50d94d58fc899bfb44cf0db784f78,,src/attack_timings.rs;docs/enemy-coverage.json;scripts/generate-attack-timings.py;scripts/attack_responses.py
c7020,405402,0,0.000000000,2.833333254,unverified,extracted_unverified,false,false,658aa716e53ceb160275a05003aa6ec66ed50d94d58fc899bfb44cf0db784f78,,src/attack_timings.rs;docs/enemy-coverage.json;scripts/generate-attack-timings.py;scripts/attack_responses.py
c7020,405403,0,0.000000000,2.833333254,unverified,extracted_unverified,false,false,658aa716e53ceb160275a05003aa6ec66ed50d94d58fc899bfb44cf0db784f78,,src/attack_timings.rs;docs/enemy-coverage.json;scripts/generate-attack-timings.py;scripts/attack_responses.py
c7020,100003000,0,0.766666651,1.033333302,parry,classified_estimate,false,false,658aa716e53ceb160275a05003aa6ec66ed50d94d58fc899bfb44cf0db784f78,,src/attack_timings.rs;docs/enemy-coverage.json;scripts/generate-attack-timings.py;scripts/attack_responses.py
c7020,100003001,0,0.000000000,0.500000000,unverified,extracted_unverified,false,false,658aa716e53ceb160275a05003aa6ec66ed50d94d58fc899bfb44cf0db784f78,,src/attack_timings.rs;docs/enemy-coverage.json;scripts/generate-attack-timings.py;scripts/attack_responses.py
c7020,100003001,1,1.466666698,1.600000024,unverified,extracted_unverified,false,false,658aa716e53ceb160275a05003aa6ec66ed50d94d58fc899bfb44cf0db784f78,,src/attack_timings.rs;docs/enemy-coverage.json;scripts/generate-attack-timings.py;scripts/attack_responses.py
c7020,100003001,2,1.700000048,1.833333373,unverified,extracted_unverified,false,false,658aa716e53ceb160275a05003aa6ec66ed50d94d58fc899bfb44cf0db784f78,,src/attack_timings.rs;docs/enemy-coverage.json;scripts/generate-attack-timings.py;scripts/attack_responses.py
c7020,100003001,3,3.066666603,3.266666651,unverified,extracted_unverified,false,false,658aa716e53ceb160275a05003aa6ec66ed50d94d58fc899bfb44cf0db784f78,,src/attack_timings.rs;docs/enemy-coverage.json;scripts/generate-attack-timings.py;scripts/attack_responses.py
c7020,100003005,0,0.866666675,1.000000000,unverified,extracted_unverified,false,false,658aa716e53ceb160275a05003aa6ec66ed50d94d58fc899bfb44cf0db784f78,,src/attack_timings.rs;docs/enemy-coverage.json;scripts/generate-attack-timings.py;scripts/attack_responses.py
c7020,100003006,0,0.533333361,0.666666687,parry,classified_estimate,false,false,658aa716e53ceb160275a05003aa6ec66ed50d94d58fc899bfb44cf0db784f78,,src/attack_timings.rs;docs/enemy-coverage.json;scripts/generate-attack-timings.py;scripts/attack_responses.py
c7020,100003006,1,1.966666698,2.099999905,parry,classified_estimate,false,false,658aa716e53ceb160275a05003aa6ec66ed50d94d58fc899bfb44cf0db784f78,,src/attack_timings.rs;docs/enemy-coverage.json;scripts/generate-attack-timings.py;scripts/attack_responses.py
c7020,100003007,0,2.133333445,2.266666651,unverified,extracted_unverified,false,false,658aa716e53ceb160275a05003aa6ec66ed50d94d58fc899bfb44cf0db784f78,,src/attack_timings.rs;docs/enemy-coverage.json;scripts/generate-attack-timings.py;scripts/attack_responses.py
c7020,100003015,0,1.000000000,1.433333278,unverified,extracted_unverified,false,false,658aa716e53ceb160275a05003aa6ec66ed50d94d58fc899bfb44cf0db784f78,,src/attack_timings.rs;docs/enemy-coverage.json;scripts/generate-attack-timings.py;scripts/attack_responses.py
c7020,100003016,0,1.899999976,2.433333397,unverified,extracted_unverified,false,false,658aa716e53ceb160275a05003aa6ec66ed50d94d58fc899bfb44cf0db784f78,,src/attack_timings.rs;docs/enemy-coverage.json;scripts/generate-attack-timings.py;scripts/attack_responses.py
c7020,100003017,0,1.333333373,2.033333302,unverified,extracted_unverified,false,false,658aa716e53ceb160275a05003aa6ec66ed50d94d58fc899bfb44cf0db784f78,,src/attack_timings.rs;docs/enemy-coverage.json;scripts/generate-attack-timings.py;scripts/attack_responses.py
c7020,100003018,0,0.566666663,1.366666675,unverified,extracted_unverified,false,false,658aa716e53ceb160275a05003aa6ec66ed50d94d58fc899bfb44cf0db784f78,,src/attack_timings.rs;docs/enemy-coverage.json;scripts/generate-attack-timings.py;scripts/attack_responses.py
c7020,100003023,0,0.800000012,1.299999952,unverified,extracted_unverified,false,false,658aa716e53ceb160275a05003aa6ec66ed50d94d58fc899bfb44cf0db784f78,,src/attack_timings.rs;docs/enemy-coverage.json;scripts/generate-attack-timings.py;scripts/attack_responses.py
c7020,100003023,1,2.066666603,2.299999952,unverified,extracted_unverified,false,false,658aa716e53ceb160275a05003aa6ec66ed50d94d58fc899bfb44cf0db784f78,,src/attack_timings.rs;docs/enemy-coverage.json;scripts/generate-attack-timings.py;scripts/attack_responses.py
c7020,100003023,2,2.833333254,3.400000095,unverified,extracted_unverified,false,false,658aa716e53ceb160275a05003aa6ec66ed50d94d58fc899bfb44cf0db784f78,,src/attack_timings.rs;docs/enemy-coverage.json;scripts/generate-attack-timings.py;scripts/attack_responses.py
c7020,100003025,0,1.100000024,3.533333302,unverified,extracted_unverified,false,false,658aa716e53ceb160275a05003aa6ec66ed50d94d58fc899bfb44cf0db784f78,,src/attack_timings.rs;docs/enemy-coverage.json;scripts/generate-attack-timings.py;scripts/attack_responses.py
c7100,3000,0,0.666666687,0.833333313,parry,classified_estimate,false,false,e06646c58016c3beb044331eae74821c596913f848067ae4237e49e9b7e53af4,,src/attack_timings.rs;docs/enemy-coverage.json;scripts/generate-attack-timings.py;scripts/attack_responses.py
c7100,3001,0,0.766666651,0.866666675,parry,classified_estimate,false,false,e06646c58016c3beb044331eae74821c596913f848067ae4237e49e9b7e53af4,,src/attack_timings.rs;docs/enemy-coverage.json;scripts/generate-attack-timings.py;scripts/attack_responses.py
c7100,3002,0,0.266666681,0.366666675,parry,classified_estimate,false,false,e06646c58016c3beb044331eae74821c596913f848067ae4237e49e9b7e53af4,,src/attack_timings.rs;docs/enemy-coverage.json;scripts/generate-attack-timings.py;scripts/attack_responses.py
c7100,3003,0,0.800000012,1.000000000,parry,classified_estimate,false,false,e06646c58016c3beb044331eae74821c596913f848067ae4237e49e9b7e53af4,,src/attack_timings.rs;docs/enemy-coverage.json;scripts/generate-attack-timings.py;scripts/attack_responses.py
c7100,3004,0,0.800000012,0.933333337,parry,classified_estimate,false,false,e06646c58016c3beb044331eae74821c596913f848067ae4237e49e9b7e53af4,,src/attack_timings.rs;docs/enemy-coverage.json;scripts/generate-attack-timings.py;scripts/attack_responses.py
c7100,3004,1,1.200000048,1.299999952,parry,classified_estimate,false,false,e06646c58016c3beb044331eae74821c596913f848067ae4237e49e9b7e53af4,,src/attack_timings.rs;docs/enemy-coverage.json;scripts/generate-attack-timings.py;scripts/attack_responses.py
c7100,3005,0,0.933333337,1.100000024,parry,classified_estimate,false,false,e06646c58016c3beb044331eae74821c596913f848067ae4237e49e9b7e53af4,,src/attack_timings.rs;docs/enemy-coverage.json;scripts/generate-attack-timings.py;scripts/attack_responses.py
c7100,3006,0,0.766666651,0.899999976,parry,classified_estimate,false,false,e06646c58016c3beb044331eae74821c596913f848067ae4237e49e9b7e53af4,,src/attack_timings.rs;docs/enemy-coverage.json;scripts/generate-attack-timings.py;scripts/attack_responses.py
c7100,3006,1,1.066666722,1.200000048,parry,classified_estimate,false,false,e06646c58016c3beb044331eae74821c596913f848067ae4237e49e9b7e53af4,,src/attack_timings.rs;docs/enemy-coverage.json;scripts/generate-attack-timings.py;scripts/attack_responses.py
c7100,3007,0,1.533333302,1.700000048,jump,classified_estimate,false,false,e06646c58016c3beb044331eae74821c596913f848067ae4237e49e9b7e53af4,71000140,src/attack_timings.rs;docs/enemy-coverage.json;docs/response-coverage.json;scripts/generate-attack-timings.py;scripts/attack_responses.py
c7100,3010,0,0.533333361,0.666666687,unverified,extracted_unverified,false,false,e06646c58016c3beb044331eae74821c596913f848067ae4237e49e9b7e53af4,,src/attack_timings.rs;docs/enemy-coverage.json;scripts/generate-attack-timings.py;scripts/attack_responses.py
c7100,3010,1,0.833333313,0.933333337,unverified,extracted_unverified,false,false,e06646c58016c3beb044331eae74821c596913f848067ae4237e49e9b7e53af4,,src/attack_timings.rs;docs/enemy-coverage.json;scripts/generate-attack-timings.py;scripts/attack_responses.py
c7100,3015,0,1.033333302,1.200000048,parry,classified_estimate,false,false,e06646c58016c3beb044331eae74821c596913f848067ae4237e49e9b7e53af4,,src/attack_timings.rs;docs/enemy-coverage.json;scripts/generate-attack-timings.py;scripts/attack_responses.py
c7100,3016,0,0.966666639,1.166666627,parry,classified_estimate,false,false,e06646c58016c3beb044331eae74821c596913f848067ae4237e49e9b7e53af4,,src/attack_timings.rs;docs/enemy-coverage.json;scripts/generate-attack-timings.py;scripts/attack_responses.py
c7100,3019,0,1.433333278,1.533333302,parry,classified_estimate,false,false,e06646c58016c3beb044331eae74821c596913f848067ae4237e49e9b7e53af4,,src/attack_timings.rs;docs/enemy-coverage.json;scripts/generate-attack-timings.py;scripts/attack_responses.py
c7100,3020,0,1.100000024,1.233333349,dodge,classified_estimate,false,false,e06646c58016c3beb044331eae74821c596913f848067ae4237e49e9b7e53af4,71000160,src/attack_timings.rs;docs/enemy-coverage.json;docs/response-coverage.json;scripts/generate-attack-timings.py;scripts/attack_responses.py
c7100,3021,0,0.833333313,2.000000000,dodge,classified_estimate,false,false,e06646c58016c3beb044331eae74821c596913f848067ae4237e49e9b7e53af4,71000170,src/attack_timings.rs;docs/enemy-coverage.json;docs/response-coverage.json;scripts/generate-attack-timings.py;scripts/attack_responses.py
c7100,3022,0,0.899999976,1.000000000,unverified,extracted_unverified,false,false,e06646c58016c3beb044331eae74821c596913f848067ae4237e49e9b7e53af4,,src/attack_timings.rs;docs/enemy-coverage.json;scripts/generate-attack-timings.py;scripts/attack_responses.py
c7100,3025,0,0.733333349,0.899999976,unverified,extracted_unverified,false,false,e06646c58016c3beb044331eae74821c596913f848067ae4237e49e9b7e53af4,,src/attack_timings.rs;docs/enemy-coverage.json;scripts/generate-attack-timings.py;scripts/attack_responses.py
c7100,3026,0,0.966666639,1.066666722,unverified,extracted_unverified,false,false,e06646c58016c3beb044331eae74821c596913f848067ae4237e49e9b7e53af4,,src/attack_timings.rs;docs/enemy-coverage.json;scripts/generate-attack-timings.py;scripts/attack_responses.py
c7100,3026,1,1.333333373,1.433333278,unverified,extracted_unverified,false,false,e06646c58016c3beb044331eae74821c596913f848067ae4237e49e9b7e53af4,,src/attack_timings.rs;docs/enemy-coverage.json;scripts/generate-attack-timings.py;scripts/attack_responses.py
c7100,3026,2,2.200000048,2.299999952,unverified,extracted_unverified,false,false,e06646c58016c3beb044331eae74821c596913f848067ae4237e49e9b7e53af4,,src/attack_timings.rs;docs/enemy-coverage.json;scripts/generate-attack-timings.py;scripts/attack_responses.py
c7100,3027,0,0.400000006,0.866666675,dodge,classified_estimate,false,false,e06646c58016c3beb044331eae74821c596913f848067ae4237e49e9b7e53af4,71000170,src/attack_timings.rs;docs/enemy-coverage.json;docs/response-coverage.json;scripts/generate-attack-timings.py;scripts/attack_responses.py
c7100,3028,0,1.966666698,2.066666603,unverified,extracted_unverified,false,false,e06646c58016c3beb044331eae74821c596913f848067ae4237e49e9b7e53af4,,src/attack_timings.rs;docs/enemy-coverage.json;scripts/generate-attack-timings.py;scripts/attack_responses.py
c7100,3028,1,2.333333254,2.400000095,unverified,extracted_unverified,false,false,e06646c58016c3beb044331eae74821c596913f848067ae4237e49e9b7e53af4,,src/attack_timings.rs;docs/enemy-coverage.json;scripts/generate-attack-timings.py;scripts/attack_responses.py
c7100,3028,2,2.833333254,2.966666698,unverified,extracted_unverified,false,false,e06646c58016c3beb044331eae74821c596913f848067ae4237e49e9b7e53af4,,src/attack_timings.rs;docs/enemy-coverage.json;scripts/generate-attack-timings.py;scripts/attack_responses.py
c7100,3028,3,3.233333349,3.299999952,unverified,extracted_unverified,false,false,e06646c58016c3beb044331eae74821c596913f848067ae4237e49e9b7e53af4,,src/attack_timings.rs;docs/enemy-coverage.json;scripts/generate-attack-timings.py;scripts/attack_responses.py
c7100,3028,4,3.500000000,3.566666603,unverified,extracted_unverified,false,false,e06646c58016c3beb044331eae74821c596913f848067ae4237e49e9b7e53af4,,src/attack_timings.rs;docs/enemy-coverage.json;scripts/generate-attack-timings.py;scripts/attack_responses.py
c7100,3028,5,3.766666651,3.866666555,unverified,extracted_unverified,false,false,e06646c58016c3beb044331eae74821c596913f848067ae4237e49e9b7e53af4,,src/attack_timings.rs;docs/enemy-coverage.json;scripts/generate-attack-timings.py;scripts/attack_responses.py
c7100,3028,6,4.566666603,4.699999809,unverified,extracted_unverified,false,false,e06646c58016c3beb044331eae74821c596913f848067ae4237e49e9b7e53af4,,src/attack_timings.rs;docs/enemy-coverage.json;scripts/generate-attack-timings.py;scripts/attack_responses.py
c7100,3029,0,0.266666681,0.400000006,parry,classified_estimate,false,false,e06646c58016c3beb044331eae74821c596913f848067ae4237e49e9b7e53af4,,src/attack_timings.rs;docs/enemy-coverage.json;scripts/generate-attack-timings.py;scripts/attack_responses.py
c7100,3029,1,0.600000024,0.699999988,parry,classified_estimate,false,false,e06646c58016c3beb044331eae74821c596913f848067ae4237e49e9b7e53af4,,src/attack_timings.rs;docs/enemy-coverage.json;scripts/generate-attack-timings.py;scripts/attack_responses.py
c7100,3030,0,1.100000024,1.166666627,unverified,extracted_unverified,false,false,e06646c58016c3beb044331eae74821c596913f848067ae4237e49e9b7e53af4,,src/attack_timings.rs;docs/enemy-coverage.json;scripts/generate-attack-timings.py;scripts/attack_responses.py
c7100,3032,0,0.266666681,0.400000006,unverified,extracted_unverified,false,false,e06646c58016c3beb044331eae74821c596913f848067ae4237e49e9b7e53af4,,src/attack_timings.rs;docs/enemy-coverage.json;scripts/generate-attack-timings.py;scripts/attack_responses.py
c7100,3032,1,1.566666722,1.733333349,jump,classified_estimate,false,false,e06646c58016c3beb044331eae74821c596913f848067ae4237e49e9b7e53af4,71000341,src/attack_timings.rs;docs/enemy-coverage.json;docs/response-coverage.json;scripts/generate-attack-timings.py;scripts/attack_responses.py
c7100,3035,0,0.533333361,0.633333325,parry,classified_estimate,false,false,e06646c58016c3beb044331eae74821c596913f848067ae4237e49e9b7e53af4,,src/attack_timings.rs;docs/enemy-coverage.json;scripts/generate-attack-timings.py;scripts/attack_responses.py
c7100,3037,0,0.733333349,0.866666675,unverified,extracted_unverified,false,false,e06646c58016c3beb044331eae74821c596913f848067ae4237e49e9b7e53af4,,src/attack_timings.rs;docs/enemy-coverage.json;scripts/generate-attack-timings.py;scripts/attack_responses.py
c7100,3038,0,0.600000024,0.766666651,parry,classified_estimate,false,false,e06646c58016c3beb044331eae74821c596913f848067ae4237e49e9b7e53af4,,src/attack_timings.rs;docs/enemy-coverage.json;scripts/generate-attack-timings.py;scripts/attack_responses.py
c7100,3040,0,1.966666698,2.066666603,unverified,extracted_unverified,false,false,e06646c58016c3beb044331eae74821c596913f848067ae4237e49e9b7e53af4,,src/attack_timings.rs;docs/enemy-coverage.json;scripts/generate-attack-timings.py;scripts/attack_responses.py
c7100,3040,1,2.299999952,2.400000095,unverified,extracted_unverified,false,false,e06646c58016c3beb044331eae74821c596913f848067ae4237e49e9b7e53af4,,src/attack_timings.rs;docs/enemy-coverage.json;scripts/generate-attack-timings.py;scripts/attack_responses.py
c7100,3040,2,2.799999952,2.966666698,unverified,extracted_unverified,false,false,e06646c58016c3beb044331eae74821c596913f848067ae4237e49e9b7e53af4,,src/attack_timings.rs;docs/enemy-coverage.json;scripts/generate-attack-timings.py;scripts/attack_responses.py
c7100,3040,3,3.166666746,3.299999952,unverified,extracted_unverified,false,false,e06646c58016c3beb044331eae74821c596913f848067ae4237e49e9b7e53af4,,src/attack_timings.rs;docs/enemy-coverage.json;scripts/generate-attack-timings.py;scripts/attack_responses.py
c7100,3041,0,0.166666672,0.266666681,unverified,extracted_unverified,false,false,e06646c58016c3beb044331eae74821c596913f848067ae4237e49e9b7e53af4,,src/attack_timings.rs;docs/enemy-coverage.json;scripts/generate-attack-timings.py;scripts/attack_responses.py
c7100,3041,1,0.466666669,0.566666663,unverified,extracted_unverified,false,false,e06646c58016c3beb044331eae74821c596913f848067ae4237e49e9b7e53af4,,src/attack_timings.rs;docs/enemy-coverage.json;scripts/generate-attack-timings.py;scripts/attack_responses.py
c7100,3041,2,1.266666651,1.399999976,unverified,extracted_unverified,false,false,e06646c58016c3beb044331eae74821c596913f848067ae4237e49e9b7e53af4,,src/attack_timings.rs;docs/enemy-coverage.json;scripts/generate-attack-timings.py;scripts/attack_responses.py
c7100,3042,0,1.666666627,1.899999976,parry,classified_estimate,false,false,e06646c58016c3beb044331eae74821c596913f848067ae4237e49e9b7e53af4,,src/attack_timings.rs;docs/enemy-coverage.json;scripts/generate-attack-timings.py;scripts/attack_responses.py
c7100,3043,0,2.000000000,2.166666746,unverified,extracted_unverified,false,false,e06646c58016c3beb044331eae74821c596913f848067ae4237e49e9b7e53af4,,src/attack_timings.rs;docs/enemy-coverage.json;scripts/generate-attack-timings.py;scripts/attack_responses.py
c7100,3045,0,0.466666669,0.600000024,parry,classified_estimate,false,false,e06646c58016c3beb044331eae74821c596913f848067ae4237e49e9b7e53af4,,src/attack_timings.rs;docs/enemy-coverage.json;scripts/generate-attack-timings.py;scripts/attack_responses.py
c7100,3048,0,1.100000024,1.266666651,jump,classified_estimate,false,false,e06646c58016c3beb044331eae74821c596913f848067ae4237e49e9b7e53af4,71000293,src/attack_timings.rs;docs/enemy-coverage.json;docs/response-coverage.json;scripts/generate-attack-timings.py;scripts/attack_responses.py
c7100,3049,0,0.800000012,0.933333337,unverified,extracted_unverified,false,false,e06646c58016c3beb044331eae74821c596913f848067ae4237e49e9b7e53af4,,src/attack_timings.rs;docs/enemy-coverage.json;scripts/generate-attack-timings.py;scripts/attack_responses.py
c7100,3049,1,1.033333302,1.166666627,unverified,extracted_unverified,false,false,e06646c58016c3beb044331eae74821c596913f848067ae4237e49e9b7e53af4,,src/attack_timings.rs;docs/enemy-coverage.json;scripts/generate-attack-timings.py;scripts/attack_responses.py
c7100,3049,2,1.600000024,1.733333349,unverified,extracted_unverified,false,false,e06646c58016c3beb044331eae74821c596913f848067ae4237e49e9b7e53af4,,src/attack_timings.rs;docs/enemy-coverage.json;scripts/generate-attack-timings.py;scripts/attack_responses.py
c7100,3049,3,1.933333278,2.066666603,unverified,extracted_unverified,false,false,e06646c58016c3beb044331eae74821c596913f848067ae4237e49e9b7e53af4,,src/attack_timings.rs;docs/enemy-coverage.json;scripts/generate-attack-timings.py;scripts/attack_responses.py
c7100,3049,4,2.500000000,2.633333445,unverified,extracted_unverified,false,false,e06646c58016c3beb044331eae74821c596913f848067ae4237e49e9b7e53af4,,src/attack_timings.rs;docs/enemy-coverage.json;scripts/generate-attack-timings.py;scripts/attack_responses.py
c7100,3050,0,0.366666675,0.566666663,unverified,extracted_unverified,false,false,e06646c58016c3beb044331eae74821c596913f848067ae4237e49e9b7e53af4,,src/attack_timings.rs;docs/enemy-coverage.json;scripts/generate-attack-timings.py;scripts/attack_responses.py
c7100,3055,0,0.400000006,0.566666663,unverified,extracted_unverified,false,false,e06646c58016c3beb044331eae74821c596913f848067ae4237e49e9b7e53af4,,src/attack_timings.rs;docs/enemy-coverage.json;scripts/generate-attack-timings.py;scripts/attack_responses.py
c7100,3060,0,0.433333337,0.600000024,unverified,extracted_unverified,false,false,e06646c58016c3beb044331eae74821c596913f848067ae4237e49e9b7e53af4,,src/attack_timings.rs;docs/enemy-coverage.json;scripts/generate-attack-timings.py;scripts/attack_responses.py
c7100,3062,0,1.033333302,1.200000048,unverified,extracted_unverified,false,false,e06646c58016c3beb044331eae74821c596913f848067ae4237e49e9b7e53af4,,src/attack_timings.rs;docs/enemy-coverage.json;scripts/generate-attack-timings.py;scripts/attack_responses.py
c7100,3063,0,0.933333337,1.066666722,unverified,extracted_unverified,false,false,e06646c58016c3beb044331eae74821c596913f848067ae4237e49e9b7e53af4,,src/attack_timings.rs;docs/enemy-coverage.json;scripts/generate-attack-timings.py;scripts/attack_responses.py
c7100,3063,1,1.299999952,1.366666675,unverified,extracted_unverified,false,false,e06646c58016c3beb044331eae74821c596913f848067ae4237e49e9b7e53af4,,src/attack_timings.rs;docs/enemy-coverage.json;scripts/generate-attack-timings.py;scripts/attack_responses.py
c7100,3065,0,0.400000006,0.566666663,unverified,extracted_unverified,false,false,e06646c58016c3beb044331eae74821c596913f848067ae4237e49e9b7e53af4,,src/attack_timings.rs;docs/enemy-coverage.json;scripts/generate-attack-timings.py;scripts/attack_responses.py
c7100,3067,0,1.066666722,1.233333349,jump,classified_estimate,false,false,e06646c58016c3beb044331eae74821c596913f848067ae4237e49e9b7e53af4,71000140,src/attack_timings.rs;docs/enemy-coverage.json;docs/response-coverage.json;scripts/generate-attack-timings.py;scripts/attack_responses.py
c7100,3068,0,0.933333337,1.066666722,unverified,extracted_unverified,false,false,e06646c58016c3beb044331eae74821c596913f848067ae4237e49e9b7e53af4,,src/attack_timings.rs;docs/enemy-coverage.json;scripts/generate-attack-timings.py;scripts/attack_responses.py
c7100,3068,1,1.299999952,1.366666675,unverified,extracted_unverified,false,false,e06646c58016c3beb044331eae74821c596913f848067ae4237e49e9b7e53af4,,src/attack_timings.rs;docs/enemy-coverage.json;scripts/generate-attack-timings.py;scripts/attack_responses.py
c7100,3070,0,0.500000000,0.600000024,parry,classified_estimate,false,false,e06646c58016c3beb044331eae74821c596913f848067ae4237e49e9b7e53af4,,src/attack_timings.rs;docs/enemy-coverage.json;scripts/generate-attack-timings.py;scripts/attack_responses.py
c7100,3071,0,0.433333337,0.566666663,unverified,extracted_unverified,false,false,e06646c58016c3beb044331eae74821c596913f848067ae4237e49e9b7e53af4,,src/attack_timings.rs;docs/enemy-coverage.json;scripts/generate-attack-timings.py;scripts/attack_responses.py
c7100,3075,0,0.933333337,1.100000024,parry,classified_estimate,false,false,e06646c58016c3beb044331eae74821c596913f848067ae4237e49e9b7e53af4,,src/attack_timings.rs;docs/enemy-coverage.json;scripts/generate-attack-timings.py;scripts/attack_responses.py
c7100,3076,0,0.433333337,0.600000024,unverified,extracted_unverified,false,false,e06646c58016c3beb044331eae74821c596913f848067ae4237e49e9b7e53af4,,src/attack_timings.rs;docs/enemy-coverage.json;scripts/generate-attack-timings.py;scripts/attack_responses.py
c7100,3080,0,0.966666639,1.200000048,unverified,extracted_unverified,false,false,e06646c58016c3beb044331eae74821c596913f848067ae4237e49e9b7e53af4,,src/attack_timings.rs;docs/enemy-coverage.json;scripts/generate-attack-timings.py;scripts/attack_responses.py
c7100,3091,0,0.633333325,0.766666651,parry,classified_estimate,false,false,e06646c58016c3beb044331eae74821c596913f848067ae4237e49e9b7e53af4,,src/attack_timings.rs;docs/enemy-coverage.json;scripts/generate-attack-timings.py;scripts/attack_responses.py
c7100,3091,1,1.000000000,1.133333325,parry,classified_estimate,false,false,e06646c58016c3beb044331eae74821c596913f848067ae4237e49e9b7e53af4,,src/attack_timings.rs;docs/enemy-coverage.json;scripts/generate-attack-timings.py;scripts/attack_responses.py
c7100,3092,0,1.266666651,1.366666675,unverified,extracted_unverified,false,false,e06646c58016c3beb044331eae74821c596913f848067ae4237e49e9b7e53af4,,src/attack_timings.rs;docs/enemy-coverage.json;scripts/generate-attack-timings.py;scripts/attack_responses.py
c7100,3092,1,1.633333325,1.700000048,unverified,extracted_unverified,false,false,e06646c58016c3beb044331eae74821c596913f848067ae4237e49e9b7e53af4,,src/attack_timings.rs;docs/enemy-coverage.json;scripts/generate-attack-timings.py;scripts/attack_responses.py
c7100,3092,2,2.133333445,2.266666651,unverified,extracted_unverified,false,false,e06646c58016c3beb044331eae74821c596913f848067ae4237e49e9b7e53af4,,src/attack_timings.rs;docs/enemy-coverage.json;scripts/generate-attack-timings.py;scripts/attack_responses.py
c7100,3092,3,2.500000000,2.599999905,unverified,extracted_unverified,false,false,e06646c58016c3beb044331eae74821c596913f848067ae4237e49e9b7e53af4,,src/attack_timings.rs;docs/enemy-coverage.json;scripts/generate-attack-timings.py;scripts/attack_responses.py
c7100,3092,4,2.766666651,2.866666555,unverified,extracted_unverified,false,false,e06646c58016c3beb044331eae74821c596913f848067ae4237e49e9b7e53af4,,src/attack_timings.rs;docs/enemy-coverage.json;scripts/generate-attack-timings.py;scripts/attack_responses.py
c7100,3092,5,3.066666603,3.166666746,unverified,extracted_unverified,false,false,e06646c58016c3beb044331eae74821c596913f848067ae4237e49e9b7e53af4,,src/attack_timings.rs;docs/enemy-coverage.json;scripts/generate-attack-timings.py;scripts/attack_responses.py
c7100,3092,6,3.866666555,4.000000000,unverified,extracted_unverified,false,false,e06646c58016c3beb044331eae74821c596913f848067ae4237e49e9b7e53af4,,src/attack_timings.rs;docs/enemy-coverage.json;scripts/generate-attack-timings.py;scripts/attack_responses.py
c7100,8602,0,0.633333325,0.766666651,parry,classified_estimate,false,false,e06646c58016c3beb044331eae74821c596913f848067ae4237e49e9b7e53af4,,src/attack_timings.rs;docs/enemy-coverage.json;scripts/generate-attack-timings.py;scripts/attack_responses.py
c7100,8602,1,1.000000000,1.133333325,parry,classified_estimate,false,false,e06646c58016c3beb044331eae74821c596913f848067ae4237e49e9b7e53af4,,src/attack_timings.rs;docs/enemy-coverage.json;scripts/generate-attack-timings.py;scripts/attack_responses.py
c7100,8603,0,1.266666651,1.366666675,unverified,extracted_unverified,false,false,e06646c58016c3beb044331eae74821c596913f848067ae4237e49e9b7e53af4,,src/attack_timings.rs;docs/enemy-coverage.json;scripts/generate-attack-timings.py;scripts/attack_responses.py
c7100,8603,1,1.633333325,1.700000048,unverified,extracted_unverified,false,false,e06646c58016c3beb044331eae74821c596913f848067ae4237e49e9b7e53af4,,src/attack_timings.rs;docs/enemy-coverage.json;scripts/generate-attack-timings.py;scripts/attack_responses.py
c7100,8603,2,2.133333445,2.266666651,unverified,extracted_unverified,false,false,e06646c58016c3beb044331eae74821c596913f848067ae4237e49e9b7e53af4,,src/attack_timings.rs;docs/enemy-coverage.json;scripts/generate-attack-timings.py;scripts/attack_responses.py
c7100,8603,3,2.500000000,2.599999905,unverified,extracted_unverified,false,false,e06646c58016c3beb044331eae74821c596913f848067ae4237e49e9b7e53af4,,src/attack_timings.rs;docs/enemy-coverage.json;scripts/generate-attack-timings.py;scripts/attack_responses.py
c7100,8603,4,2.766666651,2.866666555,unverified,extracted_unverified,false,false,e06646c58016c3beb044331eae74821c596913f848067ae4237e49e9b7e53af4,,src/attack_timings.rs;docs/enemy-coverage.json;scripts/generate-attack-timings.py;scripts/attack_responses.py
c7100,8603,5,3.066666603,3.166666746,unverified,extracted_unverified,false,false,e06646c58016c3beb044331eae74821c596913f848067ae4237e49e9b7e53af4,,src/attack_timings.rs;docs/enemy-coverage.json;scripts/generate-attack-timings.py;scripts/attack_responses.py
c7100,8603,6,3.866666555,4.000000000,unverified,extracted_unverified,false,false,e06646c58016c3beb044331eae74821c596913f848067ae4237e49e9b7e53af4,,src/attack_timings.rs;docs/enemy-coverage.json;scripts/generate-attack-timings.py;scripts/attack_responses.py
c7110,3000,0,0.666666687,0.833333313,parry,classified_estimate,false,false,f1268d17f9100e55f7270b08e1a1fd88346c227dcd8eead14365a37e72b745b9,,src/attack_timings.rs;docs/enemy-coverage.json;scripts/generate-attack-timings.py;scripts/attack_responses.py
c7110,3001,0,0.766666651,0.866666675,parry,classified_estimate,false,false,f1268d17f9100e55f7270b08e1a1fd88346c227dcd8eead14365a37e72b745b9,,src/attack_timings.rs;docs/enemy-coverage.json;scripts/generate-attack-timings.py;scripts/attack_responses.py
c7110,3002,0,0.266666681,0.366666675,parry,classified_estimate,false,false,f1268d17f9100e55f7270b08e1a1fd88346c227dcd8eead14365a37e72b745b9,,src/attack_timings.rs;docs/enemy-coverage.json;scripts/generate-attack-timings.py;scripts/attack_responses.py
c7110,3003,0,0.800000012,1.000000000,parry,classified_estimate,false,false,f1268d17f9100e55f7270b08e1a1fd88346c227dcd8eead14365a37e72b745b9,,src/attack_timings.rs;docs/enemy-coverage.json;scripts/generate-attack-timings.py;scripts/attack_responses.py
c7110,3004,0,0.266666681,0.366666675,unverified,extracted_unverified,false,false,f1268d17f9100e55f7270b08e1a1fd88346c227dcd8eead14365a37e72b745b9,,src/attack_timings.rs;docs/enemy-coverage.json;scripts/generate-attack-timings.py;scripts/attack_responses.py
c7110,3004,1,0.800000012,0.933333337,parry,classified_estimate,false,false,f1268d17f9100e55f7270b08e1a1fd88346c227dcd8eead14365a37e72b745b9,,src/attack_timings.rs;docs/enemy-coverage.json;scripts/generate-attack-timings.py;scripts/attack_responses.py
c7110,3004,2,1.200000048,1.299999952,parry,classified_estimate,false,false,f1268d17f9100e55f7270b08e1a1fd88346c227dcd8eead14365a37e72b745b9,,src/attack_timings.rs;docs/enemy-coverage.json;scripts/generate-attack-timings.py;scripts/attack_responses.py
c7110,3005,0,0.933333337,1.100000024,parry,classified_estimate,false,false,f1268d17f9100e55f7270b08e1a1fd88346c227dcd8eead14365a37e72b745b9,,src/attack_timings.rs;docs/enemy-coverage.json;scripts/generate-attack-timings.py;scripts/attack_responses.py
c7110,3006,0,0.766666651,0.899999976,parry,classified_estimate,false,false,f1268d17f9100e55f7270b08e1a1fd88346c227dcd8eead14365a37e72b745b9,,src/attack_timings.rs;docs/enemy-coverage.json;scripts/generate-attack-timings.py;scripts/attack_responses.py
c7110,3006,1,1.066666722,1.200000048,parry,classified_estimate,false,false,f1268d17f9100e55f7270b08e1a1fd88346c227dcd8eead14365a37e72b745b9,,src/attack_timings.rs;docs/enemy-coverage.json;scripts/generate-attack-timings.py;scripts/attack_responses.py
c7110,3007,0,1.533333302,1.700000048,jump,classified_estimate,false,false,f1268d17f9100e55f7270b08e1a1fd88346c227dcd8eead14365a37e72b745b9,71100140,src/attack_timings.rs;docs/enemy-coverage.json;docs/response-coverage.json;scripts/generate-attack-timings.py;scripts/attack_responses.py
c7110,3008,0,1.100000024,1.233333349,unverified,extracted_unverified,false,false,f1268d17f9100e55f7270b08e1a1fd88346c227dcd8eead14365a37e72b745b9,,src/attack_timings.rs;docs/enemy-coverage.json;scripts/generate-attack-timings.py;scripts/attack_responses.py
c7110,3009,0,0.833333313,2.466666698,dodge,classified_estimate,false,false,f1268d17f9100e55f7270b08e1a1fd88346c227dcd8eead14365a37e72b745b9,71100170,src/attack_timings.rs;docs/enemy-coverage.json;docs/response-coverage.json;scripts/generate-attack-timings.py;scripts/attack_responses.py
c7110,3010,0,0.533333361,0.666666687,unverified,extracted_unverified,false,false,f1268d17f9100e55f7270b08e1a1fd88346c227dcd8eead14365a37e72b745b9,,src/attack_timings.rs;docs/enemy-coverage.json;scripts/generate-attack-timings.py;scripts/attack_responses.py
c7110,3010,1,0.833333313,0.933333337,unverified,extracted_unverified,false,false,f1268d17f9100e55f7270b08e1a1fd88346c227dcd8eead14365a37e72b745b9,,src/attack_timings.rs;docs/enemy-coverage.json;scripts/generate-attack-timings.py;scripts/attack_responses.py
c7110,3015,0,0.933333337,1.200000048,parry,classified_estimate,false,false,f1268d17f9100e55f7270b08e1a1fd88346c227dcd8eead14365a37e72b745b9,,src/attack_timings.rs;docs/enemy-coverage.json;scripts/generate-attack-timings.py;scripts/attack_responses.py
c7110,3016,0,0.966666639,1.166666627,parry,classified_estimate,false,false,f1268d17f9100e55f7270b08e1a1fd88346c227dcd8eead14365a37e72b745b9,,src/attack_timings.rs;docs/enemy-coverage.json;scripts/generate-attack-timings.py;scripts/attack_responses.py
c7110,3019,0,1.433333278,1.533333302,parry,classified_estimate,false,false,f1268d17f9100e55f7270b08e1a1fd88346c227dcd8eead14365a37e72b745b9,,src/attack_timings.rs;docs/enemy-coverage.json;scripts/generate-attack-timings.py;scripts/attack_responses.py
c7110,3021,0,0.833333313,2.466666698,dodge,classified_estimate,false,false,f1268d17f9100e55f7270b08e1a1fd88346c227dcd8eead14365a37e72b745b9,71100170,src/attack_timings.rs;docs/enemy-coverage.json;docs/response-coverage.json;scripts/generate-attack-timings.py;scripts/attack_responses.py
c7110,3022,0,0.899999976,1.000000000,unverified,extracted_unverified,false,false,f1268d17f9100e55f7270b08e1a1fd88346c227dcd8eead14365a37e72b745b9,,src/attack_timings.rs;docs/enemy-coverage.json;scripts/generate-attack-timings.py;scripts/attack_responses.py
c7110,3025,0,0.733333349,0.899999976,unverified,extracted_unverified,false,false,f1268d17f9100e55f7270b08e1a1fd88346c227dcd8eead14365a37e72b745b9,,src/attack_timings.rs;docs/enemy-coverage.json;scripts/generate-attack-timings.py;scripts/attack_responses.py
c7110,3026,0,0.966666639,1.066666722,unverified,extracted_unverified,false,false,f1268d17f9100e55f7270b08e1a1fd88346c227dcd8eead14365a37e72b745b9,,src/attack_timings.rs;docs/enemy-coverage.json;scripts/generate-attack-timings.py;scripts/attack_responses.py
c7110,3026,1,1.333333373,1.433333278,unverified,extracted_unverified,false,false,f1268d17f9100e55f7270b08e1a1fd88346c227dcd8eead14365a37e72b745b9,,src/attack_timings.rs;docs/enemy-coverage.json;scripts/generate-attack-timings.py;scripts/attack_responses.py
c7110,3026,2,2.200000048,2.299999952,unverified,extracted_unverified,false,false,f1268d17f9100e55f7270b08e1a1fd88346c227dcd8eead14365a37e72b745b9,,src/attack_timings.rs;docs/enemy-coverage.json;scripts/generate-attack-timings.py;scripts/attack_responses.py
c7110,3027,0,1.233333349,1.333333373,unverified,extracted_unverified,false,false,f1268d17f9100e55f7270b08e1a1fd88346c227dcd8eead14365a37e72b745b9,,src/attack_timings.rs;docs/enemy-coverage.json;scripts/generate-attack-timings.py;scripts/attack_responses.py
c7110,3028,0,1.966666698,2.066666603,unverified,extracted_unverified,false,false,f1268d17f9100e55f7270b08e1a1fd88346c227dcd8eead14365a37e72b745b9,,src/attack_timings.rs;docs/enemy-coverage.json;scripts/generate-attack-timings.py;scripts/attack_responses.py
c7110,3028,1,2.299999952,2.366666555,unverified,extracted_unverified,false,false,f1268d17f9100e55f7270b08e1a1fd88346c227dcd8eead14365a37e72b745b9,,src/attack_timings.rs;docs/enemy-coverage.json;scripts/generate-attack-timings.py;scripts/attack_responses.py
c7110,3028,2,2.833333254,2.966666698,unverified,extracted_unverified,false,false,f1268d17f9100e55f7270b08e1a1fd88346c227dcd8eead14365a37e72b745b9,,src/attack_timings.rs;docs/enemy-coverage.json;scripts/generate-attack-timings.py;scripts/attack_responses.py
c7110,3028,3,3.200000048,3.299999952,unverified,extracted_unverified,false,false,f1268d17f9100e55f7270b08e1a1fd88346c227dcd8eead14365a37e72b745b9,,src/attack_timings.rs;docs/enemy-coverage.json;scripts/generate-attack-timings.py;scripts/attack_responses.py
c7110,3028,4,3.466666698,3.533333302,unverified,extracted_unverified,false,false,f1268d17f9100e55f7270b08e1a1fd88346c227dcd8eead14365a37e72b745b9,,src/attack_timings.rs;docs/enemy-coverage.json;scripts/generate-attack-timings.py;scripts/attack_responses.py
c7110,3028,5,3.766666651,3.866666555,unverified,extracted_unverified,false,false,f1268d17f9100e55f7270b08e1a1fd88346c227dcd8eead14365a37e72b745b9,,src/attack_timings.rs;docs/enemy-coverage.json;scripts/generate-attack-timings.py;scripts/attack_responses.py
c7110,3028,6,4.566666603,4.699999809,unverified,extracted_unverified,false,false,f1268d17f9100e55f7270b08e1a1fd88346c227dcd8eead14365a37e72b745b9,,src/attack_timings.rs;docs/enemy-coverage.json;scripts/generate-attack-timings.py;scripts/attack_responses.py
c7110,3029,0,0.266666681,0.400000006,parry,classified_estimate,false,false,f1268d17f9100e55f7270b08e1a1fd88346c227dcd8eead14365a37e72b745b9,,src/attack_timings.rs;docs/enemy-coverage.json;scripts/generate-attack-timings.py;scripts/attack_responses.py
c7110,3029,1,0.600000024,0.699999988,parry,classified_estimate,false,false,f1268d17f9100e55f7270b08e1a1fd88346c227dcd8eead14365a37e72b745b9,,src/attack_timings.rs;docs/enemy-coverage.json;scripts/generate-attack-timings.py;scripts/attack_responses.py
c7110,3030,0,1.100000024,1.166666627,unverified,extracted_unverified,false,false,f1268d17f9100e55f7270b08e1a1fd88346c227dcd8eead14365a37e72b745b9,,src/attack_timings.rs;docs/enemy-coverage.json;scripts/generate-attack-timings.py;scripts/attack_responses.py
c7110,3032,0,0.933333337,1.066666722,unverified,extracted_unverified,false,false,f1268d17f9100e55f7270b08e1a1fd88346c227dcd8eead14365a37e72b745b9,,src/attack_timings.rs;docs/enemy-coverage.json;scripts/generate-attack-timings.py;scripts/attack_responses.py
c7110,3035,0,0.600000024,0.766666651,parry,classified_estimate,false,false,f1268d17f9100e55f7270b08e1a1fd88346c227dcd8eead14365a37e72b745b9,,src/attack_timings.rs;docs/enemy-coverage.json;scripts/generate-attack-timings.py;scripts/attack_responses.py
c7110,3037,0,0.733333349,0.866666675,unverified,extracted_unverified,false,false,f1268d17f9100e55f7270b08e1a1fd88346c227dcd8eead14365a37e72b745b9,,src/attack_timings.rs;docs/enemy-coverage.json;scripts/generate-attack-timings.py;scripts/attack_responses.py
c7110,3038,0,0.800000012,0.933333337,unverified,extracted_unverified,false,false,f1268d17f9100e55f7270b08e1a1fd88346c227dcd8eead14365a37e72b745b9,,src/attack_timings.rs;docs/enemy-coverage.json;scripts/generate-attack-timings.py;scripts/attack_responses.py
c7110,3038,1,1.033333302,1.133333325,unverified,extracted_unverified,false,false,f1268d17f9100e55f7270b08e1a1fd88346c227dcd8eead14365a37e72b745b9,,src/attack_timings.rs;docs/enemy-coverage.json;scripts/generate-attack-timings.py;scripts/attack_responses.py
c7110,3038,2,1.600000024,1.733333349,unverified,extracted_unverified,false,false,f1268d17f9100e55f7270b08e1a1fd88346c227dcd8eead14365a37e72b745b9,,src/attack_timings.rs;docs/enemy-coverage.json;scripts/generate-attack-timings.py;scripts/attack_responses.py
c7110,3038,3,1.933333278,2.066666603,unverified,extracted_unverified,false,false,f1268d17f9100e55f7270b08e1a1fd88346c227dcd8eead14365a37e72b745b9,,src/attack_timings.rs;docs/enemy-coverage.json;scripts/generate-attack-timings.py;scripts/attack_responses.py
c7110,3038,4,2.500000000,2.633333445,unverified,extracted_unverified,false,false,f1268d17f9100e55f7270b08e1a1fd88346c227dcd8eead14365a37e72b745b9,,src/attack_timings.rs;docs/enemy-coverage.json;scripts/generate-attack-timings.py;scripts/attack_responses.py
c7110,3040,0,1.966666698,2.066666603,unverified,extracted_unverified,false,false,f1268d17f9100e55f7270b08e1a1fd88346c227dcd8eead14365a37e72b745b9,,src/attack_timings.rs;docs/enemy-coverage.json;scripts/generate-attack-timings.py;scripts/attack_responses.py
c7110,3040,1,2.266666651,2.400000095,unverified,extracted_unverified,false,false,f1268d17f9100e55f7270b08e1a1fd88346c227dcd8eead14365a37e72b745b9,,src/attack_timings.rs;docs/enemy-coverage.json;scripts/generate-attack-timings.py;scripts/attack_responses.py
c7110,3040,2,2.799999952,2.966666698,unverified,extracted_unverified,false,false,f1268d17f9100e55f7270b08e1a1fd88346c227dcd8eead14365a37e72b745b9,,src/attack_timings.rs;docs/enemy-coverage.json;scripts/generate-attack-timings.py;scripts/attack_responses.py
c7110,3040,3,3.133333445,3.266666651,unverified,extracted_unverified,false,false,f1268d17f9100e55f7270b08e1a1fd88346c227dcd8eead14365a37e72b745b9,,src/attack_timings.rs;docs/enemy-coverage.json;scripts/generate-attack-timings.py;scripts/attack_responses.py
c7110,3041,0,0.166666672,0.266666681,unverified,extracted_unverified,false,false,f1268d17f9100e55f7270b08e1a1fd88346c227dcd8eead14365a37e72b745b9,,src/attack_timings.rs;docs/enemy-coverage.json;scripts/generate-attack-timings.py;scripts/attack_responses.py
c7110,3041,1,0.433333337,0.566666663,unverified,extracted_unverified,false,false,f1268d17f9100e55f7270b08e1a1fd88346c227dcd8eead14365a37e72b745b9,,src/attack_timings.rs;docs/enemy-coverage.json;scripts/generate-attack-timings.py;scripts/attack_responses.py
c7110,3041,2,1.266666651,1.399999976,unverified,extracted_unverified,false,false,f1268d17f9100e55f7270b08e1a1fd88346c227dcd8eead14365a37e72b745b9,,src/attack_timings.rs;docs/enemy-coverage.json;scripts/generate-attack-timings.py;scripts/attack_responses.py
c7110,3042,0,1.666666627,1.899999976,unverified,extracted_unverified,false,false,f1268d17f9100e55f7270b08e1a1fd88346c227dcd8eead14365a37e72b745b9,,src/attack_timings.rs;docs/enemy-coverage.json;scripts/generate-attack-timings.py;scripts/attack_responses.py
c7110,3043,0,2.000000000,2.166666746,unverified,extracted_unverified,false,false,f1268d17f9100e55f7270b08e1a1fd88346c227dcd8eead14365a37e72b745b9,,src/attack_timings.rs;docs/enemy-coverage.json;scripts/generate-attack-timings.py;scripts/attack_responses.py
c7110,3044,0,1.100000024,1.266666651,unverified,extracted_unverified,false,false,f1268d17f9100e55f7270b08e1a1fd88346c227dcd8eead14365a37e72b745b9,,src/attack_timings.rs;docs/enemy-coverage.json;scripts/generate-attack-timings.py;scripts/attack_responses.py
c7110,3045,0,0.466666669,0.600000024,parry,classified_estimate,false,false,f1268d17f9100e55f7270b08e1a1fd88346c227dcd8eead14365a37e72b745b9,,src/attack_timings.rs;docs/enemy-coverage.json;scripts/generate-attack-timings.py;scripts/attack_responses.py
c7110,3050,0,0.366666675,0.566666663,unverified,extracted_unverified,false,false,f1268d17f9100e55f7270b08e1a1fd88346c227dcd8eead14365a37e72b745b9,,src/attack_timings.rs;docs/enemy-coverage.json;scripts/generate-attack-timings.py;scripts/attack_responses.py
c7110,3055,0,0.366666675,0.566666663,unverified,extracted_unverified,false,false,f1268d17f9100e55f7270b08e1a1fd88346c227dcd8eead14365a37e72b745b9,,src/attack_timings.rs;docs/enemy-coverage.json;scripts/generate-attack-timings.py;scripts/attack_responses.py
c7110,3062,0,1.033333302,1.200000048,unverified,extracted_unverified,false,false,f1268d17f9100e55f7270b08e1a1fd88346c227dcd8eead14365a37e72b745b9,,src/attack_timings.rs;docs/enemy-coverage.json;scripts/generate-attack-timings.py;scripts/attack_responses.py
c7110,3063,0,0.933333337,1.066666722,unverified,extracted_unverified,false,false,f1268d17f9100e55f7270b08e1a1fd88346c227dcd8eead14365a37e72b745b9,,src/attack_timings.rs;docs/enemy-coverage.json;scripts/generate-attack-timings.py;scripts/attack_responses.py
c7110,3063,1,1.299999952,1.366666675,unverified,extracted_unverified,false,false,f1268d17f9100e55f7270b08e1a1fd88346c227dcd8eead14365a37e72b745b9,,src/attack_timings.rs;docs/enemy-coverage.json;scripts/generate-attack-timings.py;scripts/attack_responses.py
c7110,3067,0,1.066666722,1.233333349,jump,classified_estimate,false,false,f1268d17f9100e55f7270b08e1a1fd88346c227dcd8eead14365a37e72b745b9,71100140,src/attack_timings.rs;docs/enemy-coverage.json;docs/response-coverage.json;scripts/generate-attack-timings.py;scripts/attack_responses.py
c7110,3068,0,0.933333337,1.066666722,unverified,extracted_unverified,false,false,f1268d17f9100e55f7270b08e1a1fd88346c227dcd8eead14365a37e72b745b9,,src/attack_timings.rs;docs/enemy-coverage.json;scripts/generate-attack-timings.py;scripts/attack_responses.py
c7110,3068,1,1.299999952,1.366666675,unverified,extracted_unverified,false,false,f1268d17f9100e55f7270b08e1a1fd88346c227dcd8eead14365a37e72b745b9,,src/attack_timings.rs;docs/enemy-coverage.json;scripts/generate-attack-timings.py;scripts/attack_responses.py
c7110,3076,0,0.433333337,0.600000024,unverified,extracted_unverified,false,false,f1268d17f9100e55f7270b08e1a1fd88346c227dcd8eead14365a37e72b745b9,,src/attack_timings.rs;docs/enemy-coverage.json;scripts/generate-attack-timings.py;scripts/attack_responses.py
c7110,3080,0,0.966666639,1.200000048,unverified,extracted_unverified,false,false,f1268d17f9100e55f7270b08e1a1fd88346c227dcd8eead14365a37e72b745b9,,src/attack_timings.rs;docs/enemy-coverage.json;scripts/generate-attack-timings.py;scripts/attack_responses.py
c7110,3085,0,1.899999976,1.966666698,unverified,extracted_unverified,false,false,f1268d17f9100e55f7270b08e1a1fd88346c227dcd8eead14365a37e72b745b9,,src/attack_timings.rs;docs/enemy-coverage.json;scripts/generate-attack-timings.py;scripts/attack_responses.py
c7110,3086,0,1.600000024,1.700000048,unverified,extracted_unverified,false,false,f1268d17f9100e55f7270b08e1a1fd88346c227dcd8eead14365a37e72b745b9,,src/attack_timings.rs;docs/enemy-coverage.json;scripts/generate-attack-timings.py;scripts/attack_responses.py
c7110,3087,0,2.066666603,2.133333445,unverified,extracted_unverified,false,false,f1268d17f9100e55f7270b08e1a1fd88346c227dcd8eead14365a37e72b745b9,,src/attack_timings.rs;docs/enemy-coverage.json;scripts/generate-attack-timings.py;scripts/attack_responses.py
c7110,3091,0,0.633333325,0.766666651,parry,classified_estimate,false,false,f1268d17f9100e55f7270b08e1a1fd88346c227dcd8eead14365a37e72b745b9,,src/attack_timings.rs;docs/enemy-coverage.json;scripts/generate-attack-timings.py;scripts/attack_responses.py
c7110,3091,1,1.000000000,1.133333325,parry,classified_estimate,false,false,f1268d17f9100e55f7270b08e1a1fd88346c227dcd8eead14365a37e72b745b9,,src/attack_timings.rs;docs/enemy-coverage.json;scripts/generate-attack-timings.py;scripts/attack_responses.py
c7110,3092,0,1.266666651,1.366666675,unverified,extracted_unverified,false,false,f1268d17f9100e55f7270b08e1a1fd88346c227dcd8eead14365a37e72b745b9,,src/attack_timings.rs;docs/enemy-coverage.json;scripts/generate-attack-timings.py;scripts/attack_responses.py
c7110,3092,1,1.633333325,1.700000048,unverified,extracted_unverified,false,false,f1268d17f9100e55f7270b08e1a1fd88346c227dcd8eead14365a37e72b745b9,,src/attack_timings.rs;docs/enemy-coverage.json;scripts/generate-attack-timings.py;scripts/attack_responses.py
c7110,3092,2,2.133333445,2.266666651,unverified,extracted_unverified,false,false,f1268d17f9100e55f7270b08e1a1fd88346c227dcd8eead14365a37e72b745b9,,src/attack_timings.rs;docs/enemy-coverage.json;scripts/generate-attack-timings.py;scripts/attack_responses.py
c7110,3092,3,2.500000000,2.599999905,unverified,extracted_unverified,false,false,f1268d17f9100e55f7270b08e1a1fd88346c227dcd8eead14365a37e72b745b9,,src/attack_timings.rs;docs/enemy-coverage.json;scripts/generate-attack-timings.py;scripts/attack_responses.py
c7110,3092,4,2.766666651,2.866666555,unverified,extracted_unverified,false,false,f1268d17f9100e55f7270b08e1a1fd88346c227dcd8eead14365a37e72b745b9,,src/attack_timings.rs;docs/enemy-coverage.json;scripts/generate-attack-timings.py;scripts/attack_responses.py
c7110,3092,5,3.066666603,3.166666746,unverified,extracted_unverified,false,false,f1268d17f9100e55f7270b08e1a1fd88346c227dcd8eead14365a37e72b745b9,,src/attack_timings.rs;docs/enemy-coverage.json;scripts/generate-attack-timings.py;scripts/attack_responses.py
c7110,3092,6,3.866666555,4.000000000,unverified,extracted_unverified,false,false,f1268d17f9100e55f7270b08e1a1fd88346c227dcd8eead14365a37e72b745b9,,src/attack_timings.rs;docs/enemy-coverage.json;scripts/generate-attack-timings.py;scripts/attack_responses.py
c7110,8602,0,0.633333325,0.766666651,parry,classified_estimate,false,false,f1268d17f9100e55f7270b08e1a1fd88346c227dcd8eead14365a37e72b745b9,,src/attack_timings.rs;docs/enemy-coverage.json;scripts/generate-attack-timings.py;scripts/attack_responses.py
c7110,8602,1,1.000000000,1.133333325,parry,classified_estimate,false,false,f1268d17f9100e55f7270b08e1a1fd88346c227dcd8eead14365a37e72b745b9,,src/attack_timings.rs;docs/enemy-coverage.json;scripts/generate-attack-timings.py;scripts/attack_responses.py
c7110,8603,0,1.266666651,1.366666675,unverified,extracted_unverified,false,false,f1268d17f9100e55f7270b08e1a1fd88346c227dcd8eead14365a37e72b745b9,,src/attack_timings.rs;docs/enemy-coverage.json;scripts/generate-attack-timings.py;scripts/attack_responses.py
c7110,8603,1,1.633333325,1.700000048,unverified,extracted_unverified,false,false,f1268d17f9100e55f7270b08e1a1fd88346c227dcd8eead14365a37e72b745b9,,src/attack_timings.rs;docs/enemy-coverage.json;scripts/generate-attack-timings.py;scripts/attack_responses.py
c7110,8603,2,2.133333445,2.266666651,unverified,extracted_unverified,false,false,f1268d17f9100e55f7270b08e1a1fd88346c227dcd8eead14365a37e72b745b9,,src/attack_timings.rs;docs/enemy-coverage.json;scripts/generate-attack-timings.py;scripts/attack_responses.py
c7110,8603,3,2.500000000,2.599999905,unverified,extracted_unverified,false,false,f1268d17f9100e55f7270b08e1a1fd88346c227dcd8eead14365a37e72b745b9,,src/attack_timings.rs;docs/enemy-coverage.json;scripts/generate-attack-timings.py;scripts/attack_responses.py
c7110,8603,4,2.766666651,2.866666555,unverified,extracted_unverified,false,false,f1268d17f9100e55f7270b08e1a1fd88346c227dcd8eead14365a37e72b745b9,,src/attack_timings.rs;docs/enemy-coverage.json;scripts/generate-attack-timings.py;scripts/attack_responses.py
c7110,8603,5,3.066666603,3.166666746,unverified,extracted_unverified,false,false,f1268d17f9100e55f7270b08e1a1fd88346c227dcd8eead14365a37e72b745b9,,src/attack_timings.rs;docs/enemy-coverage.json;scripts/generate-attack-timings.py;scripts/attack_responses.py
c7110,8603,6,3.866666555,4.000000000,unverified,extracted_unverified,false,false,f1268d17f9100e55f7270b08e1a1fd88346c227dcd8eead14365a37e72b745b9,,src/attack_timings.rs;docs/enemy-coverage.json;scripts/generate-attack-timings.py;scripts/attack_responses.py
c7400,3000,0,0.666666687,0.800000012,unverified,extracted_unverified,false,false,6fbd331e07c539ed48c7b8aa0354a723d4f38859bec9ff732459941c569bfcc0,,src/attack_timings.rs;docs/enemy-coverage.json;scripts/generate-attack-timings.py;scripts/attack_responses.py
c7400,3001,0,0.566666663,0.666666687,unverified,extracted_unverified,false,false,6fbd331e07c539ed48c7b8aa0354a723d4f38859bec9ff732459941c569bfcc0,,src/attack_timings.rs;docs/enemy-coverage.json;scripts/generate-attack-timings.py;scripts/attack_responses.py
c7400,3002,0,0.600000024,0.699999988,unverified,extracted_unverified,false,false,6fbd331e07c539ed48c7b8aa0354a723d4f38859bec9ff732459941c569bfcc0,,src/attack_timings.rs;docs/enemy-coverage.json;scripts/generate-attack-timings.py;scripts/attack_responses.py
c7400,3003,0,0.633333325,0.733333349,unverified,extracted_unverified,false,false,6fbd331e07c539ed48c7b8aa0354a723d4f38859bec9ff732459941c569bfcc0,,src/attack_timings.rs;docs/enemy-coverage.json;scripts/generate-attack-timings.py;scripts/attack_responses.py
c7400,3003,1,1.000000000,1.100000024,unverified,extracted_unverified,false,false,6fbd331e07c539ed48c7b8aa0354a723d4f38859bec9ff732459941c569bfcc0,,src/attack_timings.rs;docs/enemy-coverage.json;scripts/generate-attack-timings.py;scripts/attack_responses.py
c7400,3004,0,2.566666603,2.666666746,unverified,extracted_unverified,false,false,6fbd331e07c539ed48c7b8aa0354a723d4f38859bec9ff732459941c569bfcc0,,src/attack_timings.rs;docs/enemy-coverage.json;scripts/generate-attack-timings.py;scripts/attack_responses.py
c7400,3004,1,2.700000048,2.799999952,unverified,extracted_unverified,false,false,6fbd331e07c539ed48c7b8aa0354a723d4f38859bec9ff732459941c569bfcc0,,src/attack_timings.rs;docs/enemy-coverage.json;scripts/generate-attack-timings.py;scripts/attack_responses.py
c7400,3005,0,1.600000024,1.733333349,unverified,extracted_unverified,false,false,6fbd331e07c539ed48c7b8aa0354a723d4f38859bec9ff732459941c569bfcc0,,src/attack_timings.rs;docs/enemy-coverage.json;scripts/generate-attack-timings.py;scripts/attack_responses.py
c7400,3006,0,1.066666722,1.200000048,jump,classified_estimate,false,false,6fbd331e07c539ed48c7b8aa0354a723d4f38859bec9ff732459941c569bfcc0,74000060,src/attack_timings.rs;docs/enemy-coverage.json;docs/response-coverage.json;scripts/generate-attack-timings.py;scripts/attack_responses.py
c7400,3008,0,0.333333343,0.500000000,parry,classified_estimate,false,false,6fbd331e07c539ed48c7b8aa0354a723d4f38859bec9ff732459941c569bfcc0,,src/attack_timings.rs;docs/enemy-coverage.json;scripts/generate-attack-timings.py;scripts/attack_responses.py
c7400,3010,0,0.733333349,0.866666675,unverified,extracted_unverified,false,false,6fbd331e07c539ed48c7b8aa0354a723d4f38859bec9ff732459941c569bfcc0,,src/attack_timings.rs;docs/enemy-coverage.json;scripts/generate-attack-timings.py;scripts/attack_responses.py
c7400,3011,0,1.000000000,1.200000048,parry,classified_estimate,false,false,6fbd331e07c539ed48c7b8aa0354a723d4f38859bec9ff732459941c569bfcc0,,src/attack_timings.rs;docs/enemy-coverage.json;scripts/generate-attack-timings.py;scripts/attack_responses.py
c7400,3012,0,1.000000000,1.200000048,parry,classified_estimate,false,false,6fbd331e07c539ed48c7b8aa0354a723d4f38859bec9ff732459941c569bfcc0,,src/attack_timings.rs;docs/enemy-coverage.json;scripts/generate-attack-timings.py;scripts/attack_responses.py
c7400,3013,0,0.866666675,1.100000024,unverified,extracted_unverified,false,false,6fbd331e07c539ed48c7b8aa0354a723d4f38859bec9ff732459941c569bfcc0,,src/attack_timings.rs;docs/enemy-coverage.json;scripts/generate-attack-timings.py;scripts/attack_responses.py
c7400,3015,0,0.533333361,0.600000024,parry,classified_estimate,false,false,6fbd331e07c539ed48c7b8aa0354a723d4f38859bec9ff732459941c569bfcc0,,src/attack_timings.rs;docs/enemy-coverage.json;scripts/generate-attack-timings.py;scripts/attack_responses.py
c7400,3016,0,0.533333361,0.600000024,parry,classified_estimate,false,false,6fbd331e07c539ed48c7b8aa0354a723d4f38859bec9ff732459941c569bfcc0,,src/attack_timings.rs;docs/enemy-coverage.json;scripts/generate-attack-timings.py;scripts/attack_responses.py
c7400,3017,0,0.733333349,0.833333313,unverified,extracted_unverified,false,false,6fbd331e07c539ed48c7b8aa0354a723d4f38859bec9ff732459941c569bfcc0,,src/attack_timings.rs;docs/enemy-coverage.json;scripts/generate-attack-timings.py;scripts/attack_responses.py
c7400,3019,0,0.533333361,0.633333325,unverified,extracted_unverified,false,false,6fbd331e07c539ed48c7b8aa0354a723d4f38859bec9ff732459941c569bfcc0,,src/attack_timings.rs;docs/enemy-coverage.json;scripts/generate-attack-timings.py;scripts/attack_responses.py
c7400,3019,1,0.666666687,0.766666651,unverified,extracted_unverified,false,false,6fbd331e07c539ed48c7b8aa0354a723d4f38859bec9ff732459941c569bfcc0,,src/attack_timings.rs;docs/enemy-coverage.json;scripts/generate-attack-timings.py;scripts/attack_responses.py
c7400,3020,0,2.566666603,2.666666746,unverified,extracted_unverified,false,false,6fbd331e07c539ed48c7b8aa0354a723d4f38859bec9ff732459941c569bfcc0,,src/attack_timings.rs;docs/enemy-coverage.json;scripts/generate-attack-timings.py;scripts/attack_responses.py
c7400,3020,1,2.700000048,2.799999952,unverified,extracted_unverified,false,false,6fbd331e07c539ed48c7b8aa0354a723d4f38859bec9ff732459941c569bfcc0,,src/attack_timings.rs;docs/enemy-coverage.json;scripts/generate-attack-timings.py;scripts/attack_responses.py
c7400,3021,0,1.000000000,1.133333325,parry,classified_estimate,false,false,6fbd331e07c539ed48c7b8aa0354a723d4f38859bec9ff732459941c569bfcc0,,src/attack_timings.rs;docs/enemy-coverage.json;scripts/generate-attack-timings.py;scripts/attack_responses.py
c7400,3022,0,1.000000000,1.133333325,parry,classified_estimate,false,false,6fbd331e07c539ed48c7b8aa0354a723d4f38859bec9ff732459941c569bfcc0,,src/attack_timings.rs;docs/enemy-coverage.json;scripts/generate-attack-timings.py;scripts/attack_responses.py
c7400,3023,0,0.633333325,0.733333349,unverified,extracted_unverified,false,false,6fbd331e07c539ed48c7b8aa0354a723d4f38859bec9ff732459941c569bfcc0,,src/attack_timings.rs;docs/enemy-coverage.json;scripts/generate-attack-timings.py;scripts/attack_responses.py
c7400,3023,1,1.000000000,1.100000024,unverified,extracted_unverified,false,false,6fbd331e07c539ed48c7b8aa0354a723d4f38859bec9ff732459941c569bfcc0,,src/attack_timings.rs;docs/enemy-coverage.json;scripts/generate-attack-timings.py;scripts/attack_responses.py
c7400,3024,0,2.566666603,2.666666746,unverified,extracted_unverified,false,false,6fbd331e07c539ed48c7b8aa0354a723d4f38859bec9ff732459941c569bfcc0,,src/attack_timings.rs;docs/enemy-coverage.json;scripts/generate-attack-timings.py;scripts/attack_responses.py
c7400,3024,1,2.700000048,2.799999952,unverified,extracted_unverified,false,false,6fbd331e07c539ed48c7b8aa0354a723d4f38859bec9ff732459941c569bfcc0,,src/attack_timings.rs;docs/enemy-coverage.json;scripts/generate-attack-timings.py;scripts/attack_responses.py
c7400,3025,0,1.799999952,2.000000000,dodge,classified_estimate,false,false,6fbd331e07c539ed48c7b8aa0354a723d4f38859bec9ff732459941c569bfcc0,74000250,src/attack_timings.rs;docs/enemy-coverage.json;docs/response-coverage.json;scripts/generate-attack-timings.py;scripts/attack_responses.py
c7400,3026,0,1.066666722,1.266666651,unverified,extracted_unverified,false,false,6fbd331e07c539ed48c7b8aa0354a723d4f38859bec9ff732459941c569bfcc0,,src/attack_timings.rs;docs/enemy-coverage.json;scripts/generate-attack-timings.py;scripts/attack_responses.py
c7400,3027,0,0.500000000,0.633333325,parry,classified_estimate,false,false,6fbd331e07c539ed48c7b8aa0354a723d4f38859bec9ff732459941c569bfcc0,,src/attack_timings.rs;docs/enemy-coverage.json;scripts/generate-attack-timings.py;scripts/attack_responses.py
c7400,3060,0,2.733333349,2.833333254,unverified,extracted_unverified,false,false,6fbd331e07c539ed48c7b8aa0354a723d4f38859bec9ff732459941c569bfcc0,,src/attack_timings.rs;docs/enemy-coverage.json;scripts/generate-attack-timings.py;scripts/attack_responses.py
c7400,3060,1,2.866666555,2.966666698,unverified,extracted_unverified,false,false,6fbd331e07c539ed48c7b8aa0354a723d4f38859bec9ff732459941c569bfcc0,,src/attack_timings.rs;docs/enemy-coverage.json;scripts/generate-attack-timings.py;scripts/attack_responses.py
c7400,3061,0,1.399999976,1.500000000,unverified,extracted_unverified,false,false,6fbd331e07c539ed48c7b8aa0354a723d4f38859bec9ff732459941c569bfcc0,,src/attack_timings.rs;docs/enemy-coverage.json;scripts/generate-attack-timings.py;scripts/attack_responses.py
c7400,3061,1,1.899999976,1.966666698,unverified,extracted_unverified,false,false,6fbd331e07c539ed48c7b8aa0354a723d4f38859bec9ff732459941c569bfcc0,,src/attack_timings.rs;docs/enemy-coverage.json;scripts/generate-attack-timings.py;scripts/attack_responses.py
c7400,3061,2,2.266666651,2.366666555,unverified,extracted_unverified,false,false,6fbd331e07c539ed48c7b8aa0354a723d4f38859bec9ff732459941c569bfcc0,,src/attack_timings.rs;docs/enemy-coverage.json;scripts/generate-attack-timings.py;scripts/attack_responses.py
c7400,3061,3,3.099999905,3.200000048,unverified,extracted_unverified,false,false,6fbd331e07c539ed48c7b8aa0354a723d4f38859bec9ff732459941c569bfcc0,,src/attack_timings.rs;docs/enemy-coverage.json;scripts/generate-attack-timings.py;scripts/attack_responses.py
c7400,3062,0,0.800000012,0.866666675,parry,classified_estimate,false,false,6fbd331e07c539ed48c7b8aa0354a723d4f38859bec9ff732459941c569bfcc0,,src/attack_timings.rs;docs/enemy-coverage.json;scripts/generate-attack-timings.py;scripts/attack_responses.py
c7400,3066,0,1.100000024,1.200000048,jump,classified_estimate,false,false,6fbd331e07c539ed48c7b8aa0354a723d4f38859bec9ff732459941c569bfcc0,74000060,src/attack_timings.rs;docs/enemy-coverage.json;docs/response-coverage.json;scripts/generate-attack-timings.py;scripts/attack_responses.py
c7400,3067,0,0.500000000,0.600000024,parry,classified_estimate,false,false,6fbd331e07c539ed48c7b8aa0354a723d4f38859bec9ff732459941c569bfcc0,,src/attack_timings.rs;docs/enemy-coverage.json;scripts/generate-attack-timings.py;scripts/attack_responses.py
c7400,3068,0,0.766666651,0.899999976,parry,classified_estimate,false,false,6fbd331e07c539ed48c7b8aa0354a723d4f38859bec9ff732459941c569bfcc0,,src/attack_timings.rs;docs/enemy-coverage.json;scripts/generate-attack-timings.py;scripts/attack_responses.py
c7400,3070,0,0.533333361,0.600000024,parry,classified_estimate,false,false,6fbd331e07c539ed48c7b8aa0354a723d4f38859bec9ff732459941c569bfcc0,,src/attack_timings.rs;docs/enemy-coverage.json;scripts/generate-attack-timings.py;scripts/attack_responses.py
c7400,3075,0,0.733333349,0.833333313,parry,classified_estimate,false,false,6fbd331e07c539ed48c7b8aa0354a723d4f38859bec9ff732459941c569bfcc0,,src/attack_timings.rs;docs/enemy-coverage.json;scripts/generate-attack-timings.py;scripts/attack_responses.py
c7400,3075,1,1.033333302,1.100000024,parry,classified_estimate,false,false,6fbd331e07c539ed48c7b8aa0354a723d4f38859bec9ff732459941c569bfcc0,,src/attack_timings.rs;docs/enemy-coverage.json;scripts/generate-attack-timings.py;scripts/attack_responses.py
c7400,3080,0,2.566666603,2.666666746,unverified,extracted_unverified,false,false,6fbd331e07c539ed48c7b8aa0354a723d4f38859bec9ff732459941c569bfcc0,,src/attack_timings.rs;docs/enemy-coverage.json;scripts/generate-attack-timings.py;scripts/attack_responses.py
c7400,3080,1,2.700000048,2.799999952,unverified,extracted_unverified,false,false,6fbd331e07c539ed48c7b8aa0354a723d4f38859bec9ff732459941c569bfcc0,,src/attack_timings.rs;docs/enemy-coverage.json;scripts/generate-attack-timings.py;scripts/attack_responses.py
